generation,episode,reason,steps,keys,door,task,model_score,combined_score,brier_near_sum,brier_near_n,brier_audit_sum,brier_audit_n,brier_threat_sum,brier_threat_n
0,0,escaped,60,2,True,0.9850000000000001,0.9867930762721977,0.9857172305088792,5.330759159273986,540,11.910291289003279,720,5.330568056421286,162
0,1,caught,13,0,False,0.0,0.9932088198798001,0.39728352795192007,0.9019705143875146,117,0.9162208449856554,156,0.9016014323497253,27
0,2,escaped,31,2,True,0.9922500000000001,0.9865541645338453,0.9899716658135382,3.403633311084719,279,5.465523838706143,372,3.4034737778149977,189
0,3,escaped,91,2,True,0.9772500000000001,0.9904162047745219,0.9825164819098088,2.2636186498658732,819,17.912850572623164,1092,2.2632065140522113,162
0,4,escaped,40,2,True,0.9900000000000001,0.981209669353423,0.9864838677413693,2.998761589684232,360,14.040368634468217,480,2.998429201686833,207
0,5,escaped,68,2,True,0.9830000000000001,0.9935965898362764,0.9872386359345106,0.22030979480535445,612,10.156618994123026,816,0.21997655459833487,144
0,6,escaped,53,2,True,0.98675,0.9872102237131153,0.9869340894852461,4.808971072592589,477,9.856634006793831,636,4.8085792557507485,126
0,7,escaped,17,2,True,0.99575,0.9951153918820846,0.995496156752834,0.0003778016190376188,153,1.992416376617417,204,0,0
0,8,escaped,38,2,True,0.9905,0.993966361549656,0.9918865446198625,2.100206872741938,342,2.7024024363911345,456,2.099964632509627,81
0,9,escaped,61,2,True,0.98475,0.9890714321188085,0.9864785728475234,1.7238165266836398,549,13.70100134248608,732,1.7234165307189195,90
0,10,escaped,96,2,True,0.9760000000000001,0.9873876614442356,0.9805550645776943,11.000257124521278,864,14.391818533119368,1152,10.999862300390605,279
0,11,escaped,61,2,True,0.98475,0.9912667657808284,0.9873567063123314,2.7820100483241563,549,9.076108165768277,732,2.7816118392647486,117
0,12,escaped,18,2,True,0.9955,0.992410965987121,0.9942643863948485,0.9515348994837513,162,2.0097494942520515,216,0.9511749329640821,45
0,13,escaped,65,2,True,0.9837500000000001,0.9839472132275218,0.9838288852910088,7.718258096010959,585,14.751336570384815,780,7.717872867039472,180
0,14,escaped,78,2,True,0.9805,0.9884244800882054,0.9836697920352822,4.767876414305321,702,15.312204722472497,936,4.767495952183217,252
0,15,escaped,40,2,True,0.9900000000000001,0.9880704967677811,0.9892281987071125,2.6690765836534416,360,7.893554324725483,480,2.668705381559895,81
0,16,escaped,36,2,True,0.9910000000000001,0.9887178391002726,0.9900871356401091,0.00039022864498412097,324,9.74726671250453,432,0,0
0,17,escaped,73,2,True,0.9817500000000001,0.9878408424350812,0.9841863369740326,5.563094175427404,657,13.88538515316779,876,5.562750621830185,207
0,18,escaped,66,2,True,0.9835,0.9896189707289484,0.9859475882915794,0.6152162624042417,594,15.623262015473257,792,0.6148104711703124,81
0,19,caught,30,0,False,0.0,0.9866839066917041,0.3946735626766817,1.3283833923548252,270,7.816409325499934,360,1.3280295565573264,99
0,20,escaped,62,2,True,0.9845,0.9916457054282282,0.9873582821712913,1.062173429438508,558,11.014959083545085,744,1.0618068864706478,36
0,21,escaped,16,2,True,0.9960000000000001,0.990611933686224,0.9938447734744896,1.1235663356820809,144,2.1069290169138735,192,1.1233167765309966,54
0,22,caught,58,2,False,0.2,0.9879059130982851,0.515162365239314,7.966114358298192,522,6.2134831561228605,696,7.965746103867624,153
0,23,escaped,22,2,True,0.9945,0.9908685939600235,0.9930474375840095,2.0642291958408525,198,2.0690767946531197,264,2.0638912766770097,45
0,24,escaped,71,2,True,0.9822500000000001,0.9871310011932363,0.9842024004772946,3.137094164037306,639,17.745981748008905,852,3.1367447916305142,207
0,25,escaped,69,2,True,0.98275,0.9889280110098818,0.9852212044039528,5.596843234495358,621,10.872756121641924,828,5.596432416612775,117
0,26,caught,72,2,False,0.2,0.9889879783087058,0.5155951913234823,3.936147379377877,648,13.780576976719193,864,3.935778754664884,171
0,27,escaped,53,2,True,0.98675,0.9853349667846764,0.9861839867138705,5.175839923254267,477,11.752802352219327,636,5.175605787197276,171
0,28,escaped,32,2,True,0.9920000000000001,0.9881692136676504,0.9904676854670602,2.3870189136884363,288,5.903352018326555,384,2.3866805487588265,99
0,29,escaped,36,2,True,0.9910000000000001,0.9860026867872012,0.9890010747148805,2.3506515381836697,324,8.959476564946609,432,2.350259224351276,117
0,30,escaped,16,2,True,0.9960000000000001,0.9973308199870198,0.996532327994808,0.00040428561812586825,144,1.0244260774935507,192,0,0
0,31,escaped,52,2,True,0.9870000000000001,0.9830771754706984,0.9854308701882795,7.850818346386219,468,10.651927217386717,624,7.85047329186129,216
0,32,escaped,46,2,True,0.9885,0.9900456200254232,0.9891182480101692,2.293738854864623,414,7.931317018779927,552,2.293386011617625,72
0,33,escaped,87,2,True,0.9782500000000001,0.9871905654288422,0.9818262261715369,3.7530465289820407,783,21.74203734593467,1044,3.752639595170074,216
0,34,escaped,8,2,True,0.9980000000000001,0.994007149790619,0.9964028599162476,0.026149180209924777,72,1.115761666587928,96,0.02586455005015834,36
0,35,escaped,19,2,True,0.9952500000000001,0.999759340040049,0.9970537360160197,0.02312776088853738,171,0.07890392721960927,228,0.022830965127668426,18
0,36,escaped,53,2,True,0.98675,0.9901152337687315,0.9880960935074925,5.646416163906089,477,5.044867760965459,636,5.646057540607881,90
0,37,caught,65,2,False,0.2,0.9900869372925489,0.5160347749170195,2.0420837563249385,585,12.741599481857127,780,2.041816759710845,171
0,38,escaped,62,2,True,0.9845,0.993490928286113,0.9880963713144453,3.2356518130478977,558,5.37129629286673,744,3.235262282899303,99
0,39,escaped,75,2,True,0.9812500000000001,0.9888175462958902,0.9842770185183561,3.3698427152228128,675,15.635293047100431,900,3.3694578077748187,153
0,40,caught,59,2,False,0.2,0.984763372327416,0.5139053489309664,3.0146199927461064,531,17.55557146071753,708,3.0142418803666793,108
0,41,escaped,60,2,True,0.9850000000000001,0.9911462977254637,0.9874585190901856,2.077208837077481,540,9.979719492562259,720,2.0767996040893997,144
0,42,escaped,63,2,True,0.9842500000000001,0.9893595406380807,0.9862938162552324,4.021614978754396,567,10.726221250216087,756,4.02132185578858,198
0,43,escaped,51,2,True,0.9872500000000001,0.9786925528068983,0.9838270211227593,9.12851484078983,459,13.908962243303389,612,9.128099024835006,162
0,44,escaped,66,2,True,0.9835,0.9853537769502311,0.9842415107800924,2.410466132602647,594,19.985662467363788,792,2.4100924676206366,171
0,45,escaped,44,2,True,0.9890000000000001,0.9907062224846802,0.9896824889938721,0.029164829995236136,396,9.77534261618403,528,0.02881084098632098,45
0,46,escaped,45,2,True,0.98875,0.9911304801821069,0.9897021920728427,2.4054350228269903,405,6.371834706221884,540,2.405050950472668,90
0,47,escaped,65,2,True,0.9837500000000001,0.9842983996464146,0.9839693598585659,6.162555280961949,585,16.277756176977196,780,6.162145164725537,162
0,48,escaped,77,2,True,0.98075,0.9899250821416218,0.9844200328566488,1.5488321319285858,693,16.55333869304486,924,1.5484988030228841,72
0,49,escaped,58,2,True,0.9855,0.9841965212785674,0.984978608511427,5.455693219923891,522,14.724184753669089,696,5.455319354282413,180
0,50,escaped,55,2,True,0.9862500000000001,0.9856983218895633,0.9860293287558253,6.255427348333301,495,10.537645307998726,660,6.2551153328638485,171
0,51,escaped,91,2,True,0.9772500000000001,0.9880647313519775,0.981575892540791,4.779700837146547,819,19.693692277752536,1092,4.779301405675299,198
0,52,caught,46,1,False,0.1,0.9796912801624025,0.451876512064961,7.989286393349944,414,11.768444842907678,552,7.988908264665277,243
0,53,escaped,63,2,True,0.9842500000000001,0.9849685538618468,0.9845374215447388,4.5563114728495835,567,16.652464597088297,756,4.555938437606074,171
0,54,escaped,56,2,True,0.9860000000000001,0.9861823375004412,0.9860729350001765,2.901741280612547,504,14.701950025257021,672,2.9013210073044577,153
0,55,escaped,62,2,True,0.9845,0.9918053206866693,0.9874221282746678,3.7374407217697265,558,7.210428522543141,744,3.737036160361512,180
0,56,caught,30,1,False,0.1,0.9814760899812047,0.4525904359924819,5.036968731772933,270,6.621256904502032,360,5.03680074108793,135
0,57,escaped,49,2,True,0.9877500000000001,0.9843114917636738,0.9863745967054696,5.61946603155063,441,10.957064310518694,588,5.619078448248765,99
0,58,escaped,49,2,True,0.9877500000000001,0.9884350688096913,0.9880240275238765,3.269245132525861,441,9.24136556976856,588,3.2688909399584327,72
0,59,escaped,67,2,True,0.9832500000000001,0.9933427853156152,0.987287114126246,3.0621611373198827,603,6.62191969606431,804,3.061783609944625,252
0,60,escaped,43,2,True,0.9892500000000001,0.9933132270992285,0.9908752908396914,0.006793689657694443,387,6.891691380719246,516,0.006407239299051996,9
0,61,escaped,76,2,True,0.9810000000000001,0.9893130458261337,0.9843252183304535,2.5202091187498743,684,16.13272558813234,912,2.5197913178975067,117
0,62,escaped,47,2,True,0.9882500000000001,0.9854671164552672,0.9871368465821069,1.9048606131254255,423,13.853278487624745,564,1.9045337517346264,171
0,63,escaped,41,2,True,0.9897500000000001,0.9909777291842382,0.9902410916736955,0.029092640501069435,369,8.839124295374797,492,0.028691381038731336,45
1,0,escaped,48,2,True,0.9880000000000001,0.9837229339668779,0.9862891735867512,5.653104319934906,432,11.2137076435768,576,5.653104319934906,162
1,1,caught,144,2,False,0.2,0.9902904387305936,0.5161161754922374,12.132500394471071,1296,17.37957655444024,1728,12.132500394471071,486
1,2,caught,7,0,False,0.0,0.986306047834393,0.39452241913375724,1.0253009878003079,63,0.9335159800882223,84,1.0253009878003079,27
1,3,caught,34,2,False,0.2,0.988651535196915,0.515460614078766,2.5766085382982133,306,5.824869228253084,408,2.5766085382982133,63
1,4,caught,14,2,False,0.2,0.9734809903753275,0.509392396150131,2.3597232414535316,126,5.764089578618558,168,2.3597232414535316,54
1,5,escaped,47,2,True,0.9882500000000001,0.9898134496514712,0.9888753798605885,1.234034456115604,423,9.845049518319598,564,1.234034456115604,90
1,6,caught,55,2,False,0.2,0.9906514422351248,0.5162605768940499,2.487023462122774,495,9.024064966804861,660,2.487023462122774,162
1,7,escaped,14,2,True,0.9965,0.9969345016496584,0.9966738006598633,0.0,126,1.030007445714809,168,0,0
1,8,escaped,49,2,True,0.9877500000000001,0.9937433599909089,0.9901473439963636,0.8975185789537898,441,6.161117212086051,588,0.8975185789537898,108
1,9,escaped,88,2,True,0.9780000000000001,0.9825904558625428,0.9798361823450171,13.59568288858059,792,18.641380033535537,1056,13.59568288858059,270
1,10,escaped,83,2,True,0.9792500000000001,0.9889354466964064,0.9831241786785626,7.843362647325831,747,11.58277331765726,996,7.843362647325831,387
1,11,escaped,24,2,True,0.9940000000000001,0.9957303845297605,0.9946921538119042,0.32325956682523044,216,2.028285755091019,288,0.32325956682523044,45
1,12,escaped,13,2,True,0.99675,0.9936231715569862,0.9954992686227945,0.0,117,1.9895704742203204,156,0,0
1,13,escaped,40,2,True,0.9900000000000001,0.9829327650081683,0.9871731060032674,8.070370012632159,360,5.624052241982195,480,8.070370012632159,162
1,14,escaped,86,2,True,0.9785,0.9908629756234583,0.9834451902493833,4.203351308379213,774,13.254349902009901,1032,4.203351308379213,333
1,15,caught,13,1,False,0.1,0.990438018192078,0.4561752072768312,2.1174987300631254,117,0.16000668398748574,156,2.1174987300631254,54
1,16,escaped,25,2,True,0.99375,0.9949404502286927,0.9942261800914771,0.0,225,3.035729862784404,300,0.0,9
1,17,escaped,95,2,True,0.9762500000000001,0.987686588373177,0.9808246353492709,7.0782225567196395,855,18.636948433530186,1140,7.0782225567196395,216
1,18,escaped,73,2,True,0.9817500000000001,0.987108194525168,0.9838932778100673,5.041516802013501,657,15.864420789220985,876,5.041516802013501,261
1,19,escaped,38,2,True,0.9905,0.987238450957721,0.9891953803830884,1.234929726873589,342,9.991959757393671,456,1.234929726873589,72
1,20,escaped,57,2,True,0.9857500000000001,0.9885100055043716,0.9868540022017487,3.790467932503713,513,10.6643552266814,684,3.790467932503713,135
1,21,caught,5,0,False,0.0,0.96522705694747,0.38609082277898804,2.398697765053316,45,0.9744894795658372,60,2.398697765053316,27
1,22,escaped,37,2,True,0.99075,0.9942602201409058,0.9921540880563624,0.03948855951661008,333,5.044273102186844,444,0.03948855951661008,27
1,23,escaped,25,2,True,0.99375,0.9816851955464281,0.9889240782185712,6.44196322753607,225,2.3995983687617533,300,6.44196322753607,90
1,24,escaped,40,2,True,0.9900000000000001,0.9857250970179308,0.9882900388071725,2.2338833317336166,360,10.725395753808284,480,2.2338833317336166,135
1,25,escaped,87,2,True,0.9782500000000001,0.9870388428754407,0.9817655371501763,9.31846775390699,783,14.638272404203628,1044,9.31846775390699,207
1,26,escaped,61,2,True,0.98475,0.9876560183701226,0.9859124073480491,5.128074937974434,549,11.234155855507947,732,5.128074937974434,126
1,27,escaped,22,2,True,0.9945,0.9841009611381281,0.9903403844552512,0.2751213644667704,198,8.027864033112705,264,0.2751213644667704,72
1,28,escaped,26,2,True,0.9935,0.9746518731342446,0.9859607492536978,6.919648101170538,234,6.591033696003946,312,6.919648101170538,135
1,29,escaped,32,2,True,0.9920000000000001,0.9892296525116689,0.9908918610046676,1.0730008397687398,288,6.8409590846799535,384,1.0730008397687398,45
1,30,escaped,17,2,True,0.99575,0.9975810951841573,0.996482438073663,0.0,153,0.9869131648638451,204,0,0
1,31,escaped,20,2,True,0.9950000000000001,0.987707838538536,0.9920831354154145,1.1796799327327474,180,4.327330924525724,240,1.1796799327327474,63
1,32,escaped,42,2,True,0.9895,0.9859534542418305,0.9880813816967322,5.254997333216422,378,7.152255013279686,504,5.254997333216422,171
1,33,caught,13,1,False,0.1,0.9833200153551407,0.4533280061420563,0.9969878335243619,117,3.874838097830289,156,0.9969878335243619,9
1,34,escaped,8,2,True,0.9980000000000001,0.9938914494804065,0.9963565797921626,0.027246325379796352,72,1.1365132659222126,96,0.027246325379796352,36
1,35,escaped,36,2,True,0.9910000000000001,0.9894242888720447,0.9903697155488179,2.6854326075602897,324,5.556837604472976,432,2.6854326075602897,63
1,36,escaped,45,2,True,0.98875,0.9942277352919535,0.9909410941167813,1.5656291358383778,405,4.14654037023906,540,1.5656291358383778,90
1,37,escaped,98,2,True,0.9755,0.9903140487564469,0.9814256195025788,3.8415520146865627,882,17.65928797192156,1176,3.8415520146865627,279
1,38,escaped,82,2,True,0.9795,0.9895221578283921,0.9835088631313569,7.561902117616553,738,10.537857236902122,984,7.561902117616553,369
1,39,escaped,52,2,True,0.9870000000000001,0.9850652741515051,0.9862261096606022,6.388610090529666,468,10.120391071548768,624,6.388610090529666,234
1,40,escaped,27,2,True,0.9932500000000001,0.9857015009827849,0.990230600393114,0.7633572787830606,243,8.247617658111343,324,0.7633572787830606,108
1,41,escaped,52,2,True,0.9870000000000001,0.9874781118623968,0.9871912447449588,4.077130554509938,468,10.191142323048966,624,4.077130554509938,126
1,42,escaped,103,2,True,0.9742500000000001,0.9866933947256967,0.9792273578902787,9.902936670464598,927,19.690012677458267,1236,9.902936670464598,378
1,43,escaped,33,2,True,0.99175,0.9830325996144453,0.9882630398457781,2.6282968712236596,297,9.933785277061062,396,2.6282968712236596,72
1,44,escaped,65,2,True,0.9837500000000001,0.9806802735788055,0.9825221094315223,9.432199374696957,585,17.562507384134165,780,9.432199374696957,315
1,45,escaped,80,2,True,0.9800000000000001,0.9865320726713578,0.9826128290685432,4.626317877381263,720,19.689996634484757,960,4.626317877381263,126
1,46,escaped,63,2,True,0.9842500000000001,0.9841158283305625,0.9841963313322251,9.498772119523766,567,11.35183807149102,756,9.498772119523766,297
1,47,escaped,48,2,True,0.9880000000000001,0.9859700774803277,0.987188030992131,3.983435115849018,432,10.851223921530448,576,3.983435115849018,126
1,48,escaped,48,2,True,0.9880000000000001,0.9908894145934084,0.9891557658373633,2.798916489216728,432,6.763505736104501,576,2.798916489216728,81
1,49,escaped,52,2,True,0.9870000000000001,0.9834937935006528,0.9855975174002611,6.023320932043246,468,12.568651135127645,624,6.023320932043246,171
1,50,escaped,50,2,True,0.9875,0.9841555820011114,0.9861622328004447,7.09246306503772,450,9.556684178616017,600,7.09246306503772,189
1,51,caught,33,2,False,0.2,0.9902295234155827,0.5160918093662331,1.535889476994768,297,5.690364818865533,396,1.535889476994768,108
1,52,escaped,30,2,True,0.9925,0.9812532089754941,0.9880012835901977,3.1929130440086735,270,9.240472145632708,360,3.1929130440086735,90
1,53,escaped,47,2,True,0.9882500000000001,0.9894060042186283,0.9887124016874513,0.6648718080634392,423,11.063531497302673,564,0.6648718080634392,81
1,54,escaped,52,2,True,0.9870000000000001,0.983530161170421,0.9856120644681685,4.613602546780971,468,14.40288879693991,624,4.613602546780971,126
1,55,escaped,72,2,True,0.9820000000000001,0.9900598438006644,0.9852239375202658,5.497169233325554,648,9.84703093468451,864,5.497169233325554,279
1,56,escaped,64,2,True,0.9840000000000001,0.9855369471906447,0.9846147788762579,4.392835938690692,576,16.3581345302489,768,4.392835938690692,135
1,57,escaped,47,2,True,0.9882500000000001,0.9891116495948998,0.9885946598379599,1.2364994395578597,423,10.63339333754249,564,1.2364994395578597,117
1,58,escaped,57,2,True,0.9857500000000001,0.9898743298744171,0.9873997319497669,1.834112624584078,513,11.406433232351938,684,1.834112624584078,63
1,59,escaped,35,2,True,0.9912500000000001,0.9902377549834159,0.9908451019933664,2.2253610184879324,315,5.233137789280039,420,2.2253610184879324,108
1,60,escaped,23,2,True,0.9942500000000001,0.9944580637552553,0.9943332255021021,0.015270501176148199,207,3.0387881388642284,276,0.015270501176148199,18
1,61,escaped,51,2,True,0.9872500000000001,0.98499586395709,0.9863483455828361,5.752197150689586,459,10.695466315602342,612,5.752197150689586,135
1,62,escaped,31,2,True,0.9922500000000001,0.9879536794021538,0.9905314717608615,0.3167589268067874,279,8.540117289055152,372,0.3167589268067874,81
1,63,escaped,45,2,True,0.98875,0.9875527784308472,0.9882711113723388,3.6048236693559352,405,8.636567735543743,540,3.6048236693559352,144
2,0,escaped,62,2,True,0.9845,0.9864453736997763,0.9852781494799105,6.01920112342158,558,12.14368243683757,744,6.01919348090533,180
2,1,caught,82,2,False,0.2,0.9869224674360069,0.5147689869744028,8.888580505573067,738,13.885143411841092,984,8.88856519696763,171
2,2,escaped,33,2,True,0.99175,0.9878873969089756,0.9902049587635903,2.2843271177987856,297,6.547412157692952,396,2.284318081470445,117
2,3,escaped,59,2,True,0.9852500000000001,0.9937311260173501,0.9886424504069402,0.00179230931640441,531,8.874335813677055,708,0.001775945269090091,27
2,4,caught,36,2,False,0.2,0.9807624633235883,0.5123049853294354,2.5309752015415325,324,13.246598086364369,432,2.5309629355827306,234
2,5,escaped,68,2,True,0.9830000000000001,0.9932465350550249,0.9870986140220099,0.5102906309257872,612,10.341267282298356,816,0.5102773013175066,144
2,6,escaped,62,2,True,0.9845,0.9879427189248647,0.9858770875699459,3.2047768544471826,558,13.668198433871636,744,3.2047608005570862,153
2,7,escaped,17,2,True,0.99575,0.99511508514481,0.995496034057924,1.511206476150474e-05,153,1.9930251114978506,204,0,0
2,8,escaped,37,2,True,0.99075,0.9941745375071216,0.9921198150028487,1.974008805681972,333,2.5409989527667523,444,1.973999296955488,72
2,9,escaped,65,2,True,0.9837500000000001,0.9847797202134423,0.984161888085377,7.0141899148059474,585,14.391383247288726,780,7.01417397297485,216
2,10,escaped,71,2,True,0.9822500000000001,0.99107134432929,0.9857785377317161,2.680750516987649,639,11.640095240239678,852,2.6807354632564437,108
2,11,escaped,63,2,True,0.9842500000000001,0.9934170089233382,0.9879168035693353,0.052438344814637626,567,9.883564714826461,756,0.0524225117238243,99
2,12,escaped,18,2,True,0.9955,0.9923304017494857,0.9942321606997944,0.9821400995376306,162,2.003746311505329,216,0.9821257008768436,45
2,13,escaped,65,2,True,0.9837500000000001,0.980943001242857,0.9826272004971429,11.794129069221082,585,14.003412635514959,780,11.794114343453098,252
2,14,caught,39,1,False,0.1,0.9825067027652202,0.4530026811060881,8.16888002530921,351,5.481886178008262,468,8.168865210114673,189
2,15,escaped,43,2,True,0.9892500000000001,0.9829475774749388,0.9867290309899756,4.83791369206623,387,11.147548456441532,516,4.837898564709591,90
2,16,escaped,37,2,True,0.99075,0.9890147236420986,0.9900558894568395,1.4917141299289306e-05,333,9.75490551629468,444,0,0
2,17,escaped,76,2,True,0.9810000000000001,0.9885284676120988,0.9840113870448395,4.276906587024919,684,15.221532959498683,912,4.276892905176305,243
2,18,escaped,68,2,True,0.9830000000000001,0.9869366827122943,0.9845746730849178,3.6565096899774883,612,16.443987560232454,816,3.656493133249424,81
2,19,escaped,131,2,True,0.96725,0.9832933855368207,0.9736673542147283,22.814538576535224,1179,22.106211103522313,1572,22.81452434422889,612
2,20,escaped,57,2,True,0.9857500000000001,0.99230381635504,0.9883715265420161,1.0532293560229293,513,9.124073418274818,684,1.0532145685529402,72
2,21,escaped,16,2,True,0.9960000000000001,0.9902262798736845,0.9936905119494739,1.1962458399319766,144,2.158114075262497,192,1.196235857565934,54
2,22,escaped,78,2,True,0.9805,0.9868330477459497,0.9830332190983799,11.585599491303073,702,9.201068631178115,936,11.58558470681717,252
2,23,escaped,25,2,True,0.99375,0.9923890207866608,0.9932056083146643,1.8657654858917292,225,2.078900213481191,300,1.8657519004649792,54
2,24,escaped,74,2,True,0.9815,0.9863580815621634,0.9834432326248654,3.4065760041458493,666,19.685945806736683,888,3.4065603132891242,198
2,25,escaped,26,2,True,0.9935,0.9908845886322054,0.9924538354528821,1.2889559654735592,234,3.9694087395390905,312,1.2889395375871597,54
2,26,escaped,81,2,True,0.9797500000000001,0.9883753005293776,0.9832001202117512,5.157435648749787,729,15.721834905890297,972,5.157420886860479,207
2,27,escaped,53,2,True,0.98675,0.9857412921188767,0.9863465168475507,4.8069611168737785,477,11.727794935623695,636,4.806951813384999,171
2,28,escaped,32,2,True,0.9920000000000001,0.9878949737904155,0.9903579895161663,2.5589700369809374,288,5.884700079652966,384,2.5589565023837535,99
2,29,escaped,67,2,True,0.9832500000000001,0.9886010088135043,0.9853904035254017,1.8937259677040206,603,15.804609870946365,804,1.8937105375478855,144
2,30,escaped,80,2,True,0.9800000000000001,0.9895082658539948,0.9838033063415981,5.450779417829267,720,12.87642366989095,960,5.450762844840428,234
2,31,escaped,52,2,True,0.9870000000000001,0.9859251328967299,0.9865700531586921,5.052294938681519,468,10.829040893305798,624,5.052279644418807,135
2,32,escaped,46,2,True,0.9885,0.9911811484251783,0.9895724593700713,1.35198566277367,414,7.933364588238243,552,1.3519717408314542,72
2,33,escaped,95,2,True,0.9762500000000001,0.9828816268870915,0.9789026507548366,10.54511571131556,855,24.969736415677307,1140,10.545099429042759,414
2,34,escaped,8,2,True,0.9980000000000001,0.9938108265922395,0.9963243306368958,0.01762859311518992,72,1.164816503469765,96,0.01761720790879926,36
2,35,escaped,38,2,True,0.9905,0.9934733316179128,0.9916893326471652,0.025602316945681405,342,5.918185141869261,456,0.02559065773957808,81
2,36,escaped,60,2,True,0.9850000000000001,0.989131668021129,0.9866526672084517,5.697665793839594,540,8.053510324454871,720,5.697651526788643,171
2,37,escaped,46,2,True,0.9885,0.9868182762581759,0.9878273105032703,6.334990150518843,414,6.105969476948702,552,6.334979783445262,216
2,38,escaped,80,2,True,0.9800000000000001,0.9925516153643792,0.9850206461457518,2.3985264451430335,720,11.102863240201184,960,2.3985112539100095,117
2,39,escaped,75,2,True,0.9812500000000001,0.9876671002295593,0.9838168400918237,4.362125424490389,675,16.38305235413945,900,4.362111075829155,207
2,40,escaped,37,2,True,0.99075,0.9843731641990301,0.9881992656796121,1.881637798713759,333,11.367779792976272,444,1.8816223841983433,63
2,41,escaped,47,2,True,0.9882500000000001,0.9861492073071253,0.9874096829228501,5.048422714720013,423,8.892463871269312,564,5.048406155558815,117
2,42,escaped,74,2,True,0.9815,0.9913051315310423,0.9854220526124169,1.2427334130513545,666,13.785108516800525,888,1.2427238823334192,261
2,43,escaped,38,2,True,0.9905,0.9844629925143642,0.9880851970057458,1.1492934963258332,342,12.637359498465395,456,1.1492769230466524,36
2,44,escaped,69,2,True,0.98275,0.9852303051664769,0.9837421220665907,3.246185025223689,621,20.13036794401589,828,3.246170773233966,180
2,45,escaped,43,2,True,0.9892500000000001,0.9906513102929296,0.989810524117172,0.007696882161186111,387,9.637585268148332,516,0.007683442817314963,63
2,46,escaped,65,2,True,0.9837500000000001,0.9923986539957755,0.9872094615983102,0.04293578730604524,585,11.800852050182147,780,0.042920050034316766,72
2,47,escaped,76,2,True,0.9810000000000001,0.9838915653129914,0.9821566261251966,6.182858903825464,684,21.13797299733641,912,6.182842548965531,270
2,48,escaped,75,2,True,0.9812500000000001,0.9887891201361249,0.9842656480544499,3.951805634797555,675,14.910509575245273,900,3.9517937813128214,117
2,49,escaped,58,2,True,0.9855,0.9835077792651854,0.9847031117060743,6.146022404263926,522,14.762474723843379,696,6.1460074422874085,180
2,50,escaped,83,2,True,0.9792500000000001,0.9858050421250704,0.9818720168500281,9.45744222508531,747,15.666433120079532,996,9.457429126725517,198
2,51,escaped,83,2,True,0.9792500000000001,0.9865437938799764,0.9821675175519906,5.5094187314669965,747,19.458870949131015,996,5.509402787715127,189
2,52,escaped,71,2,True,0.9822500000000001,0.9883277571964086,0.9846811028785636,6.012853675369198,639,11.87236350349414,852,6.012838393265871,216
2,53,escaped,61,2,True,0.98475,0.9858722935973528,0.9851989174389412,3.330907977215135,549,16.241751537188556,732,3.3308919217124804,126
2,54,escaped,56,2,True,0.9860000000000001,0.9888552919519902,0.9871421167807961,0.2508596136886317,504,14.644008131607066,672,0.2508425402511873,45
2,55,escaped,74,2,True,0.9815,0.993312433927183,0.9862249735708732,1.900380511203603,666,9.343276663718168,888,1.9003646921685158,252
2,56,escaped,96,2,True,0.9760000000000001,0.985293926820544,0.9797175707282176,8.847134038594463,864,22.08661388734074,1152,8.847121455893356,234
2,57,escaped,81,2,True,0.9797500000000001,0.9797582908212048,0.9797533163284821,14.773721032474823,729,19.65158793361138,972,14.773705425493812,243
2,58,escaped,49,2,True,0.9877500000000001,0.9887651836618567,0.9881560734647428,3.3080179359400095,441,8.801453432403084,588,3.3080037682373122,72
2,59,escaped,65,2,True,0.9837500000000001,0.9939858116427699,0.987844324657108,1.4867732786834378,585,7.39976946570114,780,1.4867588703180807,216
2,60,escaped,43,2,True,0.9892500000000001,0.9933169981008048,0.990876799240322,0.0013117475863077817,387,6.8951089631877265,516,0.0012962895719620803,9
2,61,escaped,76,2,True,0.9810000000000001,0.9883799224385786,0.9839519689754315,3.7701476673936614,684,16.168157915507706,912,3.7701309667912555,126
2,62,escaped,78,2,True,0.9805,0.9852245709153293,0.9823898283661319,6.717442658395072,702,18.703013035310008,936,6.717429322766845,279
2,63,escaped,75,2,True,0.9812500000000001,0.9842092594165083,0.9824337037666033,7.48374294710485,675,18.445009120811964,900,7.483726988830623,288
3,0,caught,63,1,False,0.1,0.9843535749834665,0.4537414299933866,7.130529694051929,567,14.150021699596039,756,7.129477694051978,198
3,1,caught,78,2,False,0.2,0.9897380552365986,0.5158952220946394,4.058466798568154,702,13.799071532329847,936,4.056846798568133,189
3,2,escaped,30,2,True,0.9925,0.9854571897774194,0.9896828759109678,3.332801564936782,270,6.027087940342326,360,3.332341564936779,117
3,3,escaped,64,2,True,0.9840000000000001,0.9862030849071808,0.9848812339628723,7.04045400583005,576,11.804789574796866,768,7.039418005830071,216
3,4,caught,27,2,False,0.2,0.9789559620392388,0.5115823848156955,2.629705495333315,243,10.13026260479547,324,2.6293614953333186,126
3,5,escaped,68,2,True,0.9830000000000001,0.9909599650652386,0.9861839860260955,2.2195608535513673,612,11.793922542128717,816,2.21842885355134,225
3,6,escaped,86,2,True,0.9785,0.9839584993591396,0.9806833997436558,11.672778008637154,774,17.54595331121959,1032,11.671670008637129,369
3,7,escaped,14,2,True,0.9965,0.9969639165650807,0.9966855666260322,0.00037599999999999933,126,1.0196227007995762,168,0,0
3,8,escaped,38,2,True,0.9905,0.9935149696422111,0.9917059878568846,2.1688556531606293,342,3.0225401487559727,456,2.1680716531606095,81
3,9,escaped,61,2,True,0.98475,0.9816032974201955,0.9834913189680782,9.778277586477484,549,13.89506912819725,732,9.777377586477412,261
3,10,caught,64,1,False,0.1,0.9894238924669584,0.4557695569867834,4.209807865672027,576,10.631824016522478,768,4.208595865672003,135
3,11,escaped,50,2,True,0.9875,0.9907304465844873,0.988792178633795,2.4334668388921976,450,7.878841646759056,600,2.432618838892198,126
3,12,escaped,49,2,True,0.9877500000000001,0.9843291855748152,0.9863816742299261,5.436270779607095,441,11.180516724541258,588,5.435318779607125,108
3,13,escaped,49,2,True,0.9877500000000001,0.9912703079416925,0.9891581231766771,1.8127793446438898,441,7.849078734377871,588,1.8118433446438953,117
3,14,escaped,55,2,True,0.9862500000000001,0.984233624257458,0.9854434497029831,6.465445090919933,495,12.191022525595505,660,6.464389090919988,153
3,15,escaped,40,2,True,0.9900000000000001,0.9879653475990651,0.9891861390396262,2.7172329412922456,360,7.930289049841218,480,2.716336941292226,63
3,16,escaped,36,2,True,0.9910000000000001,0.9883073555616702,0.989922942224668,0.26754892760568777,324,9.745712891242723,432,0.2665809276056874,27
3,17,escaped,56,2,True,0.9860000000000001,0.9886959659275979,0.9870783863710392,3.3255075947362798,504,10.758611666993398,672,3.3245035947362527,162
3,18,caught,53,2,False,0.2,0.9871204199517258,0.5148481679806903,3.979418806186999,477,11.076934079822054,636,3.9784028061869994,99
3,19,escaped,57,2,True,0.9857500000000001,0.9885083134047026,0.9868533253618811,2.564977153660575,513,12.300657724152813,684,2.5639011536605576,117
3,20,escaped,67,2,True,0.9832500000000001,0.9897806647616902,0.9858622659046761,0.6159689131154462,603,15.611399179048242,804,0.614388913115445,54
3,21,escaped,18,2,True,0.9955,0.9858351548763215,0.9916340619505286,1.6526834666674644,162,3.915635137872518,216,1.6523674666674715,54
3,22,escaped,44,2,True,0.9890000000000001,0.9942828222711358,0.9911131289084544,0.069458822326041,396,5.944727918579115,528,0.06845082232604068,27
3,23,escaped,26,2,True,0.9935,0.9830043685585433,0.9893017474234174,6.307811971994316,234,2.194858056809882,312,6.307435971994332,117
3,24,escaped,72,2,True,0.9820000000000001,0.9869745666561925,0.9839898266624771,3.5742617543681003,648,17.74226647894175,864,3.573097754368077,252
3,25,escaped,26,2,True,0.9935,0.9907922285922309,0.9924168914368924,1.3387105363794167,234,3.960701976608703,312,1.3382225363794173,54
3,26,escaped,64,2,True,0.9840000000000001,0.9892796051350368,0.9861118420540147,4.200034786068781,576,10.866480131158486,768,4.198714786068764,126
3,27,escaped,35,2,True,0.9912500000000001,0.9819418754433403,0.9875267501773362,4.793826797238004,315,8.777055564610118,420,4.793194797238009,108
3,28,escaped,30,2,True,0.9925,0.9848527218279234,0.9894410887311694,3.032738915972814,270,6.862388395931396,360,3.03221091597281,90
3,29,escaped,34,2,True,0.9915,0.9887197687931744,0.9903879075172697,0.06935950689761226,306,9.112189322239574,408,0.06865950689761201,81
3,30,escaped,15,2,True,0.9962500000000001,0.9971571869225291,0.9966128747690117,0.0004279999999999992,135,1.02284204122288,180,0,0
3,31,escaped,27,2,True,0.9932500000000001,0.9788765170660471,0.9875006068264188,5.62429581480759,243,6.188955854791398,324,5.623943814807605,135
3,32,escaped,43,2,True,0.9892500000000001,0.9898580102624898,0.989493204104996,2.5332468822138,387,7.088870899492196,516,2.53227888221378,63
3,33,escaped,98,2,True,0.9755,0.9832930910052018,0.9786172364020808,9.500266061249727,882,26.627628540765752,1176,9.498590061249763,297
3,34,escaped,8,2,True,0.9980000000000001,0.9940037351326054,0.9964014940530421,0.026638297154826695,72,1.1157651249999965,96,0.02653029715482669,36
3,35,escaped,45,2,True,0.98875,0.9909011863670353,0.9896104745468141,0.03735736879941619,405,9.776908898536009,540,0.036249368799416884,45
3,36,escaped,61,2,True,0.98475,0.9908505064657903,0.9871902025863162,3.2120669701786073,549,9.112102573844819,732,3.210958970178604,135
3,37,escaped,47,2,True,0.9882500000000001,0.9855293340130228,0.9871617336052091,7.384299616133055,423,6.47717841179954,564,7.383767616133055,234
3,38,escaped,50,2,True,0.9875,0.9927663864136382,0.9896065545654553,4.2506455902849885,450,3.0128088499207752,600,4.249741590284998,126
3,39,caught,18,0,False,0.0,0.9843404147029181,0.3937361658811673,2.128680510118988,162,3.9267001681807354,216,2.1284045101189886,72
3,40,caught,36,2,False,0.2,0.9863956552968453,0.5145582621187381,1.3178572485955715,324,9.997010825398286,432,1.3170772485955708,63
3,41,escaped,48,2,True,0.9880000000000001,0.9887222852386419,0.9882889140954567,3.4165695251204062,432,8.436501371590586,576,3.4157055251203983,135
3,42,caught,54,2,False,0.2,0.9859115628429068,0.5143646251371627,7.39306452572147,486,8.40119518796416,648,7.39230852572145,225
3,43,caught,36,1,False,0.1,0.9811582474901475,0.452463298996059,4.028683127974181,324,10.907696664547021,432,4.028147127974179,135
3,44,escaped,67,2,True,0.9832500000000001,0.9830766564256229,0.9831806625702492,4.275045158122619,603,21.512676256768252,804,4.2738371581226575,198
3,45,escaped,43,2,True,0.9892500000000001,0.9905967723795615,0.9897887089518247,0.014363696891383337,387,9.684979308437372,516,0.013423696891383325,54
3,46,caught,75,2,False,0.2,0.9887952690867923,0.515518107634717,6.151532098191399,675,11.966472846185397,900,6.150440098191395,315
3,47,escaped,75,2,True,0.9812500000000001,0.9845436264219785,0.9825674505687914,5.0152984882886225,675,21.13440778938735,900,5.013946488288646,189
3,48,escaped,44,2,True,0.9890000000000001,0.9905108198920988,0.9896043279568396,3.1804310363746637,396,5.7799994787774605,528,3.1796750363746775,108
3,49,caught,56,2,False,0.2,0.9861321673883109,0.5144528669553243,2.9460862347874928,504,14.710252050393443,672,2.944826234787493,54
3,50,escaped,71,2,True,0.9822500000000001,0.989973174964739,0.9853392699858956,2.4173504087553663,639,13.862575981744293,852,2.4161424087553636,207
3,51,escaped,42,2,True,0.9895,0.9866518545392363,0.9883607418156946,2.753634036625657,378,9.783418575615622,504,2.7528500366256523,126
3,52,escaped,26,2,True,0.9935,0.9823421316508971,0.9890368526603588,1.7075711735894847,234,8.741748285054204,312,1.70712717358949,72
3,53,escaped,49,2,True,0.9877500000000001,0.9891955459173077,0.9883282183669231,0.028118594517855748,441,12.668546541889006,588,0.02682659451785564,27
3,54,caught,60,2,False,0.2,0.9877708838273764,0.5151083535309506,1.202323390446661,540,16.006829434649077,720,1.2011553904466603,144
3,55,escaped,48,2,True,0.9880000000000001,0.9919301104460387,0.9895720441784155,2.940546191832083,432,5.375784510387231,576,2.9395101918320723,99
3,56,caught,25,1,False,0.1,0.9722226850215424,0.448889074008617,7.321943414691447,225,6.903797767485975,300,7.321795414691456,171
3,57,caught,34,1,False,0.1,0.9795520532154534,0.45182082128618134,5.755965990595852,306,9.010903255395561,408,5.755249990595835,90
3,58,escaped,41,2,True,0.9897500000000001,0.9915850329011734,0.9904840131604695,1.1051428069632108,369,6.806803882627822,492,1.1042228069632123,54
3,59,caught,63,2,False,0.2,0.9917026858693084,0.5166810743477234,1.2943704003515633,567,10.819711765136983,756,1.293018400351563,108
3,60,escaped,41,2,True,0.9897500000000001,0.9929702881783589,0.9910381152713437,0.014744495461340433,369,6.897577105213047,492,0.013736495461340311,18
3,61,caught,26,2,False,0.2,0.9875025417345832,0.5150010166938332,1.8363023501904743,234,5.350010824032777,312,1.8357023501904743,36
3,62,escaped,36,2,True,0.9910000000000001,0.9881898032040125,0.9898759212816051,1.0302927330741407,324,8.830286387634311,432,1.0295847330741557,63
3,63,escaped,40,2,True,0.9900000000000001,0.990793669566352,0.990317467826541,0.027878485336576664,360,8.80090590252004,480,0.02700648533657662,54
4,0,escaped,55,2,True,0.9862500000000001,0.9887761021303204,0.9872604408521282,3.055866460872786,495,10.741056573480021,660,3.055852433212287,81
4,1,escaped,131,2,True,0.96725,0.9852717454325709,0.9744586981730284,21.556323259375617,1179,17.5638680141629,1572,21.556298359163993,495
4,2,escaped,72,2,True,0.9820000000000001,0.9808889102723706,0.9815555641089483,15.609030112006664,648,12.211922900001404,864,15.609018482230853,450
4,3,escaped,91,2,True,0.9772500000000001,0.9861182129411777,0.9807972851764711,9.334398067867461,819,17.871958845977822,1092,9.334372612472475,315
4,4,escaped,47,2,True,0.9882500000000001,0.9802437904901853,0.9850475161960741,3.699275832731136,423,17.352636550096133,564,3.6992532531142226,72
4,5,escaped,64,2,True,0.9840000000000001,0.9916702207914462,0.9870680883165786,1.0321526725191197,576,11.418337300979857,768,1.0321344478496006,189
4,6,escaped,73,2,True,0.9817500000000001,0.9880418948855566,0.9842667579542228,4.165741820057732,657,15.396277733761142,876,4.1657169668526635,252
4,7,escaped,14,2,True,0.9965,0.9969054723150944,0.9966621889260378,0.0008824169858027903,126,1.0385847461471907,168,0.0008599015456275331,9
4,8,escaped,38,2,True,0.9905,0.9916316147262542,0.9909526458905018,4.112004226292635,342,2.1492950679326444,456,4.111989535817971,189
4,9,escaped,96,2,True,0.9760000000000001,0.9832591960820782,0.9789036784328313,13.351645521618696,864,20.76861819806691,1152,13.3516212548734,387
4,10,caught,25,1,False,0.1,0.9865288040195095,0.4546115216078038,4.349489590330314,225,2.283398134520547,300,4.349466278660868,90
4,11,escaped,21,2,True,0.99475,0.9963091386134132,0.9953736554453653,0.014940860004736085,189,1.8402729921667806,252,0.014917261728786975,45
4,12,escaped,13,2,True,0.99675,0.9936610133870009,0.9955144053548004,2.286219949214494e-05,117,1.977733340323068,156,0,0
4,13,escaped,76,2,True,0.9810000000000001,0.9845670577319289,0.9824268230927715,11.169704831472668,684,13.256746921664938,912,11.169682225250362,342
4,14,escaped,80,2,True,0.9800000000000001,0.9855353795787356,0.9822141518314944,8.406121758819365,720,16.563908863735236,960,8.406097305937365,396
4,15,escaped,97,2,True,0.9757500000000001,0.9829712431874245,0.9786384972749698,13.090117358392453,873,22.18945604848586,1164,13.090093528316462,297
4,16,escaped,25,2,True,0.99375,0.9949964982601064,0.9942485993040425,0.00042431689661857327,225,3.0015352880740283,300,0.0004003508576520383,9
4,17,escaped,77,2,True,0.98075,0.9872822677468709,0.9833629070987484,6.673142464467968,693,14.604845917825264,924,6.673122176058515,396
4,18,escaped,73,2,True,0.9817500000000001,0.9863980874720769,0.9836092349888308,6.054914450340106,657,15.757331481801087,876,6.0548916998898665,243
4,19,escaped,38,2,True,0.9905,0.9867402297322042,0.9889960918928817,1.0834412443527843,342,10.648322158426039,456,1.083416109368153,45
4,20,escaped,47,2,True,0.9882500000000001,0.9870973486741966,0.9877889394696786,4.124933563996389,423,9.054279276844298,564,4.124911067690533,135
4,21,escaped,61,2,True,0.98475,0.9798392984528578,0.9827857193811431,8.377267949243254,549,18.345576466025285,732,8.377250306617212,261
4,22,escaped,41,2,True,0.9897500000000001,0.9949159131297479,0.9918163652518993,0.01391735269792122,369,4.984185010064133,492,0.013894355007802634,18
4,23,escaped,25,2,True,0.99375,0.9898323666742163,0.9921829466696865,3.0194866241819045,225,2.0745978298943633,300,3.019463513555282,72
4,24,escaped,52,2,True,0.9870000000000001,0.98809704858717,0.987438819434868,0.9115684509910091,468,13.639458761890516,624,0.9115470755644375,90
4,25,escaped,101,2,True,0.9747500000000001,0.9832053607593492,0.9781321443037398,18.504027172403326,909,16.038169289466637,1212,18.50400240324539,432
4,26,caught,68,2,False,0.2,0.98761738802099,0.515046955208396,6.225872441621303,612,11.907259494249352,816,6.2258502868713625,180
4,27,escaped,54,2,True,0.9865,0.9844561705982555,0.9856824682393022,4.687701338249016,486,13.894534453662109,648,4.687682788625462,162
4,28,escaped,31,2,True,0.9922500000000001,0.9840078306322859,0.9889531322529144,3.521413921936789,279,7.2029554469968975,372,3.521393788176025,126
4,29,escaped,34,2,True,0.9915,0.9879966287364375,0.990098651494575,0.6480640915592308,306,8.930665495654694,408,0.6480392597955316,72
4,30,escaped,15,2,True,0.9962500000000001,0.997110008521381,0.9965940034085524,2.5115704141610026e-05,135,1.0403634446973167,180,0,0
4,31,escaped,18,2,True,0.9955,0.9922295864720078,0.9941918345888032,0.29107638206782915,162,2.968716801335532,216,0.29105313412718437,36
4,32,escaped,41,2,True,0.9897500000000001,0.9908429987353673,0.990187199494147,1.5489383742029939,369,6.945238078794614,492,1.548916250415652,63
4,33,escaped,50,2,True,0.9875,0.9857762885504703,0.9868105154201882,4.8343580976430385,450,10.622642942578318,600,4.834333200061507,216
4,34,escaped,8,2,True,0.9980000000000001,0.994202689832668,0.9964810759330672,0.023200495716074236,72,1.0821495578396452,96,0.02318262917059501,36
4,35,escaped,18,2,True,0.9955,0.9988907931232128,0.9968563172492853,0.29102009509025,162,0.09115057731839739,216,0.29100655212752125,36
4,36,escaped,60,2,True,0.9850000000000001,0.9891456438793194,0.9866582575517279,5.531573810471602,540,8.254841066484676,720,5.531551236010129,135
4,37,escaped,94,2,True,0.9765,0.9863550397129323,0.9804420158851729,11.902240757255555,846,14.913376064617443,1128,11.902225266892835,639
4,38,escaped,88,2,True,0.9780000000000001,0.9903504772059457,0.9829401908823783,7.570663093978772,792,10.285574682404324,1056,7.570638579503101,468
4,39,caught,19,0,False,0.0,0.9884506041702621,0.39538024166810487,1.0063450034005685,171,3.924731160493036,228,1.0063219238152348,36
4,40,escaped,45,2,True,0.98875,0.9848523107519364,0.9871909243007745,2.6745824639545903,405,12.793394435969322,540,2.6745588951328743,108
4,41,escaped,52,2,True,0.9870000000000001,0.988996216626043,0.9877984866504173,2.8993495483200045,468,9.866922252938402,624,2.899324481416575,153
4,42,escaped,21,2,True,0.99475,0.9889289141216663,0.9924215656486666,1.9407660026981104,189,2.9921392790827084,252,1.9407477943828586,81
4,43,escaped,37,2,True,0.99075,0.9839333564864686,0.9880233425945875,2.61212982382459,333,10.784339674916428,444,2.6121041707938994,108
4,44,caught,26,0,False,0.0,0.983629784405704,0.3934519137622816,2.542300911253207,234,6.825279982503046,312,2.542278403845853,45
4,45,escaped,46,2,True,0.9885,0.9888441559958812,0.9886376623983524,0.9919024092537563,414,10.993515234875574,552,0.9918804484777264,45
4,46,escaped,62,2,True,0.9845,0.9895725113825748,0.9865290045530299,2.795565102073087,558,11.78868292663123,744,2.7955407393376768,54
4,47,escaped,53,2,True,0.98675,0.9845612585560366,0.9858745034224146,4.987990343038155,477,12.98742532600392,636,4.987965622507329,162
4,48,escaped,44,2,True,0.9890000000000001,0.9912312927672716,0.9898925171069087,2.6158775902391787,396,5.771918050775602,528,2.615857587382127,108
4,49,escaped,98,2,True,0.9755,0.9883641318153922,0.9806456527261569,5.238607102755458,882,20.38275249985689,1176,5.238583530937326,261
4,50,escaped,65,2,True,0.9837500000000001,0.9868433363503231,0.9849873345401293,6.6717258193442905,585,11.62876086770365,780,6.671704187004792,243
4,51,caught,46,2,False,0.2,0.9867014833299973,0.5146805933319989,4.152230402629309,414,9.145255200177283,552,4.152206174225177,117
4,52,escaped,90,2,True,0.9775,0.984090572229843,0.9801362288919373,15.996458496745676,810,13.035752654544885,1080,15.9964350087626,450
4,53,escaped,61,2,True,0.98475,0.9869208760806011,0.9856183504322404,2.816397481946771,549,15.392640775404297,732,2.8163725407589264,108
4,54,escaped,61,2,True,0.98475,0.985207502505668,0.9849330010022672,4.107407606457431,549,16.179672856425398,732,4.10738172794333,153
4,55,escaped,50,2,True,0.9875,0.9861283338532939,0.9869513335413176,7.764235856976978,450,6.293684900077961,600,7.76421072791682,189
4,56,escaped,65,2,True,0.9837500000000001,0.9825708482335928,0.9832783392934372,7.950924562036143,585,16.588244006213777,780,7.950913361449901,207
4,57,escaped,69,2,True,0.98275,0.9852745942409392,0.9837598376963756,7.817458437296408,621,13.96199402060939,828,7.817434684174697,180
4,58,escaped,61,2,True,0.98475,0.9866674376477655,0.9855169750591062,6.8008887398867435,549,10.45101963048891,732,6.800866455818241,162
4,59,escaped,84,2,True,0.9790000000000001,0.9900632212755468,0.9834252885102188,4.297716650109687,756,14.302257041684694,1008,4.297692553894383,234
4,60,escaped,24,2,True,0.9940000000000001,0.994762980382178,0.9943051921528713,0.013206344784204505,216,2.998914840153189,288,0.013183752494449983,18
4,61,escaped,108,2,True,0.9730000000000001,0.9852070488261887,0.9778828195304755,11.859496042009892,972,22.530668053172413,1296,11.859469700866144,360
4,62,escaped,35,2,True,0.9912500000000001,0.9862368659920318,0.9892447463968127,2.0169470558523113,315,8.87176982555689,420,2.016926483221921,81
4,63,escaped,41,2,True,0.9897500000000001,0.989226804147016,0.9895407216588066,1.3060847994084046,369,8.859378320124982,492,1.3060601560482146,90
5,0,escaped,57,2,True,0.9857500000000001,0.9866241686641467,0.9860996674656588,6.220952987716598,513,10.003533283825147,684,6.220952987716598,198
5,1,escaped,167,2,True,0.95825,0.9862237858696657,0.9694395143478662,24.73848241166498,1503,22.23042301882639,2004,24.73848241166498,720
5,2,escaped,76,2,True,0.9810000000000001,0.9843850433919175,0.9823540173567671,10.87508456534991,684,13.981568099342631,912,10.87508456534991,360
5,3,escaped,59,2,True,0.9852500000000001,0.9901839018420118,0.9872235607368047,3.3879405102770628,531,9.38234097800857,708,3.3879405102770628,180
5,4,escaped,43,2,True,0.9892500000000001,0.9815063581450585,0.9861525432580234,3.7067510356729114,387,14.143103680069146,516,3.7067510356729114,63
5,5,escaped,57,2,True,0.9857500000000001,0.9889263594392318,0.9870205437756927,3.7680971082297905,513,10.12461080949125,684,3.7680971082297905,180
5,6,escaped,40,2,True,0.9900000000000001,0.986891676008378,0.9887566704033512,5.360599833482752,360,5.436524587313422,480,5.360599833482752,153
5,7,escaped,14,2,True,0.9965,0.9969550344605786,0.9966820137842315,0.0006250000000000011,126,1.022275087912232,168,0.0006250000000000011,9
5,8,escaped,51,2,True,0.9872500000000001,0.9905690735990341,0.9885776294396137,4.149764905738599,459,6.010434040464043,612,4.149764905738599,153
5,9,escaped,85,2,True,0.97875,0.9845305818365884,0.9810622327346353,10.247651930624212,765,17.894077145860816,1020,10.247651930624212,360
5,10,escaped,56,2,True,0.9860000000000001,0.9892587053555724,0.987303482142229,3.8758017300803593,504,9.268564362003533,672,3.8758017300803593,153
5,11,escaped,25,2,True,0.99375,0.9968677655554796,0.9949971062221918,0.029309051991276792,225,1.8402619307238395,300,0.029309051991276792,54
5,12,escaped,13,2,True,0.99675,0.9936158770575635,0.9954963508230255,0.0,117,1.9918463580401886,156,0,0
5,13,escaped,56,2,True,0.9860000000000001,0.9822322408469077,0.9844928963387631,8.907079881799463,504,12.003761792689996,672,8.907079881799463,180
5,14,escaped,80,2,True,0.9800000000000001,0.9874289382841184,0.9829715753136474,8.577374561109478,720,12.69993907968011,960,8.577374561109478,414
5,15,escaped,113,2,True,0.9717500000000001,0.9838136205381927,0.9765754482152771,13.51996104252109,1017,25.870846377059912,1356,13.51996104252109,450
5,16,escaped,25,2,True,0.99375,0.995056266836962,0.9942725067347848,0.0,225,2.96623989782276,300,0.0,9
5,17,escaped,49,2,True,0.9877500000000001,0.9868296290144065,0.9873818516057626,5.118963547301119,441,8.663071549323107,588,5.118963547301119,162
5,18,escaped,84,2,True,0.9790000000000001,0.9878011650808577,0.9825204660323431,6.164764869514803,756,16.373164704304518,1008,6.164764869514803,324
5,19,escaped,38,2,True,0.9905,0.9868037637341811,0.9890215054936725,1.0201012708966066,342,10.674832446564684,456,1.0201012708966066,54
5,20,escaped,53,2,True,0.98675,0.9909609574684619,0.9884343829873847,1.2348989926869296,477,9.851130109867265,636,1.2348989926869296,153
5,21,escaped,27,2,True,0.9932500000000001,0.9809134122609262,0.9883153649043706,3.0934563207129258,243,8.243500427302555,324,3.0934563207129258,72
5,22,escaped,39,2,True,0.9902500000000001,0.9942608426593057,0.9918543370637224,0.03714604564209358,351,5.322323210033751,468,0.03714604564209358,63
5,23,escaped,26,2,True,0.9935,0.9822792406676476,0.989011696267059,6.605791932341377,234,2.2500312469327195,312,6.605791932341377,90
5,24,escaped,57,2,True,0.9857500000000001,0.9863613243133079,0.9859945297253232,2.387025913078868,513,15.475007121956235,684,2.387025913078868,90
5,25,escaped,49,2,True,0.9877500000000001,0.986439294215195,0.987225717686078,7.342946431422171,441,6.156794761034335,588,7.342946431422171,162
5,26,escaped,66,2,True,0.9835,0.9869560044488499,0.9848824017795399,6.776577575630406,594,11.626252185514469,792,6.776577575630406,234
5,27,escaped,40,2,True,0.9900000000000001,0.9885182099757571,0.989407283990303,1.5847532024135906,360,8.909514153388407,480,1.5847532024135906,108
5,28,escaped,32,2,True,0.9920000000000001,0.9852314457625622,0.9892925783050249,3.532528094547827,288,6.632212194955165,384,3.532528094547827,99
5,29,escaped,33,2,True,0.99175,0.9890188709665884,0.9906575483866353,0.23777880202137858,297,8.380015791766821,396,0.23777880202137858,63
5,30,escaped,15,2,True,0.9962500000000001,0.9972391162878856,0.9966456465151543,0.0,135,0.9939181363611884,180,0,0
5,31,escaped,19,2,True,0.9952500000000001,0.9919525078066924,0.9939310031226771,0.3805644006677856,171,3.1622372392578866,228,0.3805644006677856,45
5,32,escaped,39,2,True,0.9902500000000001,0.9889461385666176,0.9897284554266471,2.5150491023622656,351,6.993015498496212,468,2.5150491023622656,63
5,33,caught,27,1,False,0.1,0.9793853800115198,0.45175415200460795,5.605894815215394,243,5.8837473322480305,324,5.605894815215394,135
5,34,escaped,8,2,True,0.9980000000000001,0.9944082957407729,0.9965633182963092,0.01692148744845379,72,1.051045234506996,96,0.01692148744845379,36
5,35,escaped,16,2,True,0.9960000000000001,0.9955437431501978,0.9958174972600792,0.9702683683088905,144,0.4175114725788703,192,0.9702683683088905,36
5,36,escaped,64,2,True,0.9840000000000001,0.9930352990373105,0.9876141196149242,2.41467505364933,576,7.478213940492043,768,2.41467505364933,198
5,37,escaped,93,2,True,0.97675,0.9913594906658691,0.9825937962663476,3.8740827616710702,837,14.12017315155209,1116,3.8740827616710702,441
5,38,escaped,81,2,True,0.9797500000000001,0.9911905396466134,0.9843262158586454,4.7260733092366545,729,10.82415984800142,972,4.7260733092366545,315
5,39,caught,19,0,False,0.0,0.9847889908259158,0.3939155963303663,2.243107827067177,171,3.9454097472928416,228,2.243107827067177,27
5,40,escaped,45,2,True,0.98875,0.9870848476856052,0.9880839390742421,1.4619473527401985,405,11.999101362559465,540,1.4619473527401985,99
5,41,escaped,49,2,True,0.9877500000000001,0.9888539051947144,0.9881915620778858,3.6580856696689614,441,8.230359931457247,588,3.6580856696689614,126
5,42,escaped,22,2,True,0.9945,0.9937957746584329,0.9942183098633732,0.10801942927972925,198,3.1318050746411155,264,0.10801942927972925,81
5,43,escaped,39,2,True,0.9902500000000001,0.9827461631854614,0.9872484652741846,2.235474863638556,351,13.168958106890097,468,2.235474863638556,72
5,44,escaped,82,2,True,0.9795,0.9872693130717873,0.982607725228715,2.9051017634313805,738,21.18052285681409,984,2.9051017634313805,270
5,45,escaped,46,2,True,0.9885,0.9887436163230323,0.9885974465292129,0.9695749851910093,414,11.134280932450999,552,0.9695749851910093,45
5,46,escaped,40,2,True,0.9900000000000001,0.9922640504711638,0.9909056201884656,1.7841928871748642,360,5.047587698116181,480,1.7841928871748642,108
5,47,escaped,83,2,True,0.9792500000000001,0.9817760103597221,0.9802604041438889,9.309242356394353,747,23.889864221574523,996,9.309242356394353,198
5,48,escaped,48,2,True,0.9880000000000001,0.9905018161267087,0.9890007264506835,3.5886664960342736,432,6.157019160652446,576,3.5886664960342736,126
5,49,escaped,45,2,True,0.98875,0.9813475037328193,0.9857890014931276,6.055934515853384,405,12.070116614083917,540,6.055934515853384,117
5,50,escaped,55,2,True,0.9862500000000001,0.9826275383814704,0.9848010153525881,9.048563682776967,495,10.866897759423102,660,9.048563682776967,171
5,51,escaped,67,2,True,0.9832500000000001,0.9836207697720759,0.9833983079088304,9.110045013899118,603,14.191075521303192,804,9.110045013899118,279
5,52,escaped,56,2,True,0.9860000000000001,0.9842130674556703,0.9852852269822682,7.336849869513583,504,11.435170846894373,672,7.336849869513583,198
5,53,escaped,44,2,True,0.9890000000000001,0.9898903636388947,0.989356145455558,1.1158951900808385,396,9.187915743886055,528,1.1158951900808385,81
5,54,escaped,53,2,True,0.98675,0.9797429236113907,0.9839471694445563,8.220264999710441,477,14.80664783336382,636,8.220264999710441,216
5,55,escaped,39,2,True,0.9902500000000001,0.9908896384487276,0.9905058553794911,3.110539972880061,351,4.379911781484242,468,3.110539972880061,117
5,56,escaped,63,2,True,0.9842500000000001,0.9862853671641963,0.9850641468656786,3.110054345953224,567,16.589785719797565,756,3.110054345953224,171
5,57,escaped,46,2,True,0.9885,0.9861793412300786,0.9875717364920313,3.662415743812903,414,10.374786290242746,552,3.662415743812903,108
5,58,escaped,41,2,True,0.9897500000000001,0.988541005369822,0.9892664021479289,3.136339267142806,369,7.0938650265714145,492,3.136339267142806,72
5,59,escaped,47,2,True,0.9882500000000001,0.988924540172806,0.9885198160691224,3.6939351273265264,423,7.567871848639564,564,3.6939351273265264,126
5,60,escaped,24,2,True,0.9940000000000001,0.9948584444286341,0.9943433777714537,0.009518611912580069,216,2.948844526556612,288,0.009518611912580069,18
5,61,escaped,47,2,True,0.9882500000000001,0.9873062912951994,0.9878725165180797,4.068801839830912,423,8.893434299240548,564,4.068801839830912,108
5,62,escaped,37,2,True,0.99075,0.9838360535177032,0.9879844214070813,4.293413590968265,333,8.629033021655209,444,4.293413590968265,144
5,63,escaped,75,2,True,0.9812500000000001,0.984864451778914,0.9826957807115656,7.43952626348222,675,17.324618446645054,900,7.43952626348222,297
6,0,escaped,55,2,True,0.9862500000000001,0.9889052111743228,0.9873120844697292,3.0710108185935203,495,10.5504401584358,660,3.0708751624347643,72
6,1,escaped,131,2,True,0.96725,0.9886593459159414,0.9758137383663766,12.884098158210447,1179,18.47621889599948,1572,12.883857630162558,504
6,2,caught,19,0,False,0.0,0.9853208311633703,0.3941283324653482,3.5082990320370397,171,2.015968946787074,228,3.5081468780946663,117
6,3,escaped,57,2,True,0.9857500000000001,0.9860974929043086,0.9858889971617235,8.080951366523704,513,8.244027884874205,684,8.08069513266811,225
6,4,escaped,47,2,True,0.9882500000000001,0.980858843964076,0.9852935375856304,3.2731669149509988,423,17.227001455254342,564,3.2729485851880646,63
6,5,escaped,55,2,True,0.9862500000000001,0.9878661644644827,0.986896465785793,4.359691836056233,495,10.203740458807873,660,4.359510489058398,171
6,6,caught,49,2,False,0.2,0.9886398564523252,0.5154559425809301,3.2177992020733974,441,9.069129875967718,588,3.2175504757372533,135
6,7,escaped,14,2,True,0.9965,0.9969405627536746,0.9966762251014698,0.006636781483363786,126,1.0191218727875067,168,0.006401284753942058,9
6,8,escaped,75,2,True,0.9812500000000001,0.9936140411130908,0.9861956164452363,2.6117728945438468,675,8.012362137044658,900,2.6115918423254554,198
6,9,caught,22,1,False,0.1,0.9833715698464844,0.4533486279385938,5.060302384643162,198,2.0327412748653133,264,5.060034907279495,135
6,10,caught,25,1,False,0.1,0.9837337415453014,0.45349349661812055,5.474028760921582,225,2.4610500582571095,300,5.473789750960826,90
6,11,escaped,25,2,True,0.99375,0.9967733752287947,0.9949593500915179,0.028864183424563074,225,1.897489284823757,300,0.02860964723430049,54
6,12,escaped,13,2,True,0.99675,0.9936855115437245,0.9955242046174898,0.0002333118732781085,117,1.969809315860249,156,0,0
6,13,escaped,36,2,True,0.9910000000000001,0.9861830537091492,0.9890732214836597,4.776815485355624,324,5.568754281487623,432,4.776589512468242,99
6,14,escaped,54,2,True,0.9865,0.9899097142604955,0.9878638857041981,2.0976953849473152,486,10.280083138468159,648,2.09745848406463,225
6,15,caught,43,1,False,0.1,0.9714400550223272,0.44857602200893093,14.287730830108643,387,10.423555443480119,516,14.287460671671141,261
6,16,escaped,25,2,True,0.99375,0.994972065893282,0.9942388263573128,0.006628382697654852,225,3.0079226204339187,300,0.00640034131095293,9
6,17,escaped,52,2,True,0.9870000000000001,0.9874436162902049,0.9871774465160821,5.7764781602505995,468,7.968395989490056,624,5.776235555609684,144
6,18,caught,19,0,False,0.0,0.9864380024388731,0.39457520097554927,1.5878325733376975,171,4.067160790090244,228,1.5875811113036251,126
6,19,escaped,38,2,True,0.9905,0.9864323367681169,0.9888729347072469,1.3447590905836488,342,10.580696746699155,456,1.3444889777643318,45
6,20,escaped,68,2,True,0.9830000000000001,0.9909838410882791,0.9861935364353116,0.07144269268384876,612,14.619114420350124,816,0.07123621577876811,126
6,21,escaped,38,2,True,0.9905,0.9842851158919542,0.9880140463567817,3.587486330221446,342,9.548659199575818,456,3.587296147208135,153
6,22,escaped,52,2,True,0.9870000000000001,0.9923428291244272,0.989137131649771,2.3510787333151244,468,6.421377608294667,624,2.350866175004059,144
6,23,escaped,26,2,True,0.9935,0.988919244256258,0.9916676977025032,3.5998424929143313,234,2.1146015935425386,312,3.599578647060894,72
6,24,escaped,56,2,True,0.9860000000000001,0.9881269428513169,0.9868507771405268,0.9806921743580304,504,14.649799242019373,672,0.9804508719687047,90
6,25,escaped,92,2,True,0.9770000000000001,0.9847856148795845,0.9801142459518339,13.760820220197497,828,15.24560205228083,1104,13.76055203463271,333
6,26,escaped,79,2,True,0.9802500000000001,0.9890428770441948,0.983767150817678,4.897946882158722,711,14.2441092813283,948,4.89770123196599,216
6,27,escaped,52,2,True,0.9870000000000001,0.9864596432395952,0.9867838572958382,3.8154676393898175,468,11.81107505113209,624,3.815275368699286,126
6,28,escaped,29,2,True,0.99275,0.9822051601664731,0.9885320640665893,4.195699235518968,261,6.79094287677611,348,4.195490218248224,135
6,29,escaped,32,2,True,0.9920000000000001,0.9877703004223841,0.9903081201689538,1.8073923569385075,288,6.982552799691021,384,1.8071369837181777,54
6,30,escaped,15,2,True,0.9962500000000001,0.9971897910388512,0.9966259164155404,0.00027105272796414825,135,1.011313822376271,180,0,0
6,31,escaped,45,2,True,0.98875,0.9897342769083248,0.9891437107633299,1.2913184059671823,405,9.365223064386285,540,1.2910511668497884,81
6,32,escaped,41,2,True,0.9897500000000001,0.9909897705761365,0.9902459082304547,1.3881447414111534,369,7.015206097866897,492,1.3878870171408728,63
6,33,escaped,35,2,True,0.9912500000000001,0.9848682771776724,0.988697310871069,4.281018684651591,315,7.002622257886399,420,4.2807496771791715,162
6,34,escaped,8,2,True,0.9980000000000001,0.9938353251876595,0.9963341300750639,0.024391461810651376,72,1.151095614888518,96,0.0241696152643944,36
6,35,escaped,17,2,True,0.99575,0.9960534789122535,0.9958713915649015,0.9405946388688158,153,0.35605441864216447,204,0.9404333194068525,36
6,36,escaped,60,2,True,0.9850000000000001,0.9908380640690094,0.9873352256276039,4.259393014852931,540,7.513997054155827,720,4.259195387709043,126
6,37,escaped,93,2,True,0.97675,0.9879986668711891,0.9812494667484757,9.851466598674788,837,13.651686745272842,1116,9.85123981523303,666
6,38,escaped,78,2,True,0.9805,0.9919800215808214,0.9850920086323287,4.793114763032867,702,8.622579916658376,936,4.792860857032559,261
6,39,escaped,100,2,True,0.9750000000000001,0.9766585816804971,0.9756634326721989,25.647608743547394,900,21.822592308743616,1200,25.647391017856197,441
6,40,escaped,40,2,True,0.9900000000000001,0.9856737375360815,0.9882694950144326,2.6551452908767357,360,10.213018244192792,480,2.6549073432995547,99
6,41,escaped,42,2,True,0.9895,0.9893327408647172,0.9894330963458869,2.293831345730296,378,7.694155414057922,504,2.293563144896593,108
6,42,escaped,32,2,True,0.9920000000000001,0.9823881904178555,0.9881552761671423,7.158726794698129,288,3.980900699489474,384,7.158526999538402,198
6,43,escaped,58,2,True,0.9855,0.9820585603863377,0.9841234241545351,8.385392448214096,522,13.793960677932548,696,8.385119613867383,243
6,44,caught,26,0,False,0.0,0.984170306894529,0.3936681227578116,2.3597715873142895,234,6.731366381394832,312,2.359535810679852,45
6,45,escaped,44,2,True,0.9890000000000001,0.9895501388950947,0.9892200555580379,0.9735221094696582,396,9.737023847487162,528,0.9733189058715078,99
6,46,escaped,87,2,True,0.9782500000000001,0.9872339921659872,0.9818435968663949,8.776715152586561,783,14.953137487303454,1044,8.776469695545162,342
6,47,escaped,74,2,True,0.9815,0.9822306714645146,0.9817922685858058,8.702320948770975,666,19.9552328806608,888,8.70206641599227,216
6,48,escaped,44,2,True,0.9890000000000001,0.9908659786815781,0.9897463914726313,2.8912774716247345,396,5.7904898834205145,528,2.891062405464957,108
6,49,escaped,84,2,True,0.9790000000000001,0.9856538773460581,0.9816615509384233,6.343301738149043,756,20.464047619481512,1008,6.343068306240003,243
6,50,escaped,76,2,True,0.9810000000000001,0.986302916034426,0.9831211664137705,8.598247738230237,684,13.519150835566618,912,8.59804435716459,270
6,51,caught,46,2,False,0.2,0.9864979869225194,0.5145991947690078,4.2905987017052345,414,9.185424168598253,552,4.290370416236519,126
6,52,escaped,69,2,True,0.98275,0.9865008074149785,0.9842503229659914,7.580135946212492,621,12.247814992512263,828,7.579908238651317,252
6,53,escaped,61,2,True,0.98475,0.9875883795737931,0.9858853518295172,2.31515650275651,549,15.083736966958284,732,2.314905679306386,117
6,54,escaped,62,2,True,0.9845,0.9854362146580216,0.9848744858632086,2.772827705908551,558,17.9738089809858,744,2.7725551367562584,117
6,55,escaped,39,2,True,0.9902500000000001,0.9891060078367147,0.989792403134686,4.345006825625647,351,4.4034342306675045,468,4.344753026592559,126
6,56,escaped,60,2,True,0.9850000000000001,0.9844735312688916,0.9847894125075567,6.487507929728082,540,13.708104399825276,720,6.487377852582585,207
6,57,escaped,69,2,True,0.98275,0.9849148943773008,0.9836159577509204,8.480194160256115,621,13.674009364181567,828,8.479930692187379,153
6,58,escaped,58,2,True,0.9855,0.9873544804905119,0.9862417921962048,4.81173778488735,522,11.186912777357607,696,4.8115448583221205,126
6,59,escaped,73,2,True,0.9817500000000001,0.9906299275290826,0.9853019710116331,2.599874732312218,657,12.949867325964314,876,2.599656237307754,171
6,60,escaped,24,2,True,0.9940000000000001,0.9947454272823872,0.994298170912955,0.022753306490780854,216,2.9962961433572537,288,0.02252180741122605,18
6,61,escaped,71,2,True,0.9822500000000001,0.9897442513809772,0.985247700552391,2.2073120384842917,639,14.532712928835709,852,2.207038793269138,144
6,62,escaped,35,2,True,0.9912500000000001,0.9862587441862104,0.9892534976744842,2.042856585078975,315,8.818846103477943,420,2.04263927280853,81
6,63,escaped,78,2,True,0.9805,0.9866063234903459,0.9829425293961385,3.289503303820606,702,20.686958020978366,936,3.2892503854306896,90
7,0,escaped,55,2,True,0.9862500000000001,0.9887666372633357,0.9872566549053343,3.051912585101887,495,10.758822032261014,660,3.051898558001043,81
7,1,escaped,169,2,True,0.9577500000000001,0.9835556347654284,0.9680722539061714,33.13903930842708,1521,22.51295964685282,2028,33.139014393620805,765
7,2,escaped,72,2,True,0.9820000000000001,0.9813813254079732,0.9817525301631893,14.596205687875468,648,12.71146211118844,864,14.5961948801262,495
7,3,escaped,91,2,True,0.9772500000000001,0.9868649228437727,0.9810959691375092,8.42433300453526,819,17.45456450315347,1092,8.424307551667884,315
7,4,escaped,47,2,True,0.9882500000000001,0.980314636266932,0.9850758545067728,3.6607595069966985,423,17.324077614905054,564,3.6607369380107224,72
7,5,escaped,85,2,True,0.97875,0.9898896245098527,0.9832058498039411,4.442977219345727,765,14.701196374106216,1020,4.4429601237524174,342
7,6,escaped,73,2,True,0.9817500000000001,0.9833345976897141,0.9823838390758857,9.998173530396985,657,15.86688680709165,876,9.998148645753066,234
7,7,escaped,14,2,True,0.9965,0.996912915798388,0.9966651663193552,0.0008824163899547892,126,1.0360837365550253,168,0.0008599014992095551,9
7,8,escaped,40,2,True,0.9900000000000001,0.9920255475747437,0.9908102190298975,4.1213609741396695,360,2.1603263627264764,480,4.121346352432443,207
7,9,escaped,70,2,True,0.9825,0.9796231531109098,0.981349261244364,14.64949627128704,630,14.700441078622251,840,14.649472643918656,342
7,10,caught,25,1,False,0.1,0.9878229061363436,0.45512916245453744,3.760481535517399,225,2.292280937503955,300,3.7604582244413116,90
7,11,escaped,21,2,True,0.99475,0.9962965596593202,0.995368623863728,0.01497604890774086,189,1.8465658664923166,252,0.014952451140333757,45
7,12,escaped,13,2,True,0.99675,0.9936523024777033,0.9955109209910813,2.2861602748088796e-05,117,1.9804511448195636,156,0,0
7,13,escaped,51,2,True,0.9872500000000001,0.984952831345124,0.9863311325380497,8.379148791513206,459,7.245536044883969,612,8.379126382873196,252
7,14,escaped,55,2,True,0.9862500000000001,0.9882080113811279,0.9870332045524512,3.7212542192302673,495,10.603752684604105,660,3.7212298585089294,225
7,15,escaped,67,2,True,0.9832500000000001,0.9774367872593628,0.9809247149037451,15.274419280621895,603,15.91575371278221,804,15.274396110271894,279
7,16,escaped,25,2,True,0.99375,0.9949800812224798,0.9942420324889919,0.000424316163485289,225,3.0113855116274464,300,0.0004003508346265634,9
7,17,escaped,63,2,True,0.9842500000000001,0.9866978981953322,0.9852291592781329,6.33528062866282,567,11.665737090440754,756,6.335261948484776,324
7,18,escaped,83,2,True,0.9792500000000001,0.9866578281880186,0.9822131312752075,7.145918237451741,747,17.049715266197964,996,7.145895781902727,333
7,19,escaped,38,2,True,0.9905,0.986683677011928,0.9889734708047713,1.0997719883735606,342,10.678123913956842,456,1.0997468496227711,45
7,20,escaped,53,2,True,0.98675,0.9864123698456202,0.986614947938248,5.464052875168475,477,9.998061722813167,636,5.464030439231509,198
7,21,escaped,61,2,True,0.98475,0.9782334840878857,0.9821433936351542,10.395735062416346,549,18.00519921211351,732,10.395717415600297,270
7,22,escaped,41,2,True,0.9897500000000001,0.9949128155014897,0.991815126200596,0.013927577794422717,369,4.987219442808209,492,0.013904580933354399,18
7,23,escaped,25,2,True,0.99375,0.9897845730784407,0.9921638292313762,3.0154326758651018,225,2.1086792517820925,300,3.015409565668253,72
7,24,escaped,53,2,True,0.98675,0.9874197519107372,0.9870179007642949,1.022965696018258,477,14.638121308184624,636,1.0229441565839055,81
7,25,escaped,167,2,True,0.95825,0.980813820817893,0.9672755283271572,37.42923066277286,1503,26.992565278187616,2004,37.42920597398911,909
7,26,caught,68,2,False,0.2,0.987469948275644,0.5149879793102576,6.412444542715453,612,11.899118357194958,816,6.412422388437844,180
7,27,escaped,54,2,True,0.9865,0.9844851013940902,0.9856940405576361,4.681420576336833,486,13.86541449147671,648,4.681402023632187,162
7,28,escaped,32,2,True,0.9920000000000001,0.9832839161938777,0.9885135664775512,4.49879063058498,288,6.839564855655327,384,4.498770558393173,144
7,29,escaped,34,2,True,0.9915,0.987993518783212,0.9900974075132848,0.6571999911555717,306,8.921022018024951,408,0.6571751599767454,72
7,30,escaped,15,2,True,0.9962500000000001,0.9970959410237046,0.9965883764094818,2.5115187123388666e-05,135,1.0454277445501694,180,0,0
7,31,escaped,18,2,True,0.9955,0.992216434212129,0.9941865736848516,0.2909571277458436,162,2.9745575833658155,216,0.29093388022446515,36
7,32,escaped,41,2,True,0.9897500000000001,0.9908652796573867,0.9901961118629548,1.5357444034084866,369,6.94090561258688,492,1.5357222800272008,63
7,33,escaped,50,2,True,0.9875,0.9857664241246173,0.9868065696498469,4.836303736844482,450,10.631886067999877,600,4.836278839785024,216
7,34,escaped,8,2,True,0.9980000000000001,0.994196591591529,0.9964786366366116,0.023201148849490053,72,1.0833195492937944,96,0.023183282589179233,36
7,35,escaped,37,2,True,0.99075,0.9833283258481188,0.9877813303392475,7.683154242248711,333,4.560240990538921,444,7.683144005030582,225
7,36,escaped,60,2,True,0.9850000000000001,0.989133925732401,0.9866535702929605,5.53847095204633,540,8.262519009280721,720,5.538448378496508,135
7,37,escaped,76,2,True,0.9810000000000001,0.9899938431129938,0.9845975372451976,5.171634453487486,684,11.355717557249482,912,5.1716190580288215,540
7,38,escaped,88,2,True,0.9780000000000001,0.9903090068721652,0.9829236027488661,7.9620422597171805,792,9.851321139697706,1056,7.962017744704323,468
7,39,caught,19,0,False,0.0,0.9884164126562706,0.3953665650625082,1.0033603472155312,171,3.944302032453264,228,1.0033372683802968,36
7,40,escaped,45,2,True,0.98875,0.9850264711102302,0.987260588444092,2.482083717430675,405,12.861966244377061,540,2.4820601399955167,108
7,41,escaped,86,2,True,0.9785,0.9853728678705478,0.9812491471482191,9.91381123269558,774,16.971985738261978,1032,9.913786085283169,360
7,42,escaped,21,2,True,0.99475,0.9864291637022384,0.9914216654808954,2.880354551204901,189,2.9992287591319826,252,2.8803360204865354,72
7,43,escaped,37,2,True,0.99075,0.9838730581124568,0.9879992232449828,2.6126623959009607,333,10.837174534937033,444,2.6126367434137263,108
7,44,caught,26,0,False,0.0,0.9836185189062672,0.3934474075625069,2.543194005289537,234,6.8311188621032715,312,2.543171498464268,45
7,45,escaped,46,2,True,0.9885,0.9888497765013173,0.9886399106005269,0.9922015531242943,414,10.986911338379981,552,0.9921795961003813,45
7,46,escaped,62,2,True,0.9845,0.9895807361392331,0.9865322944556933,2.7959891674670194,558,11.775879068198467,744,2.7959648053137744,54
7,47,escaped,53,2,True,0.98675,0.984824154128438,0.9859796616513752,4.90898074372222,477,12.758368290330445,636,4.908956031324012,162
7,48,escaped,44,2,True,0.9890000000000001,0.9912320063768856,0.9898928025507543,2.5991123480037155,396,5.793518135337184,528,2.5990923456290713,108
7,49,escaped,99,2,True,0.9752500000000001,0.9888354666017038,0.9806841866406817,4.610508988382908,891,20.37958603650768,1188,4.610485425362932,279
7,50,escaped,58,2,True,0.9855,0.9853424875800803,0.9854369950320322,7.000793051018592,522,11.068866553836786,696,7.00077137156391,153
7,51,caught,46,2,False,0.2,0.9866828745703711,0.5146731498281485,4.163522654983412,414,9.150742934332492,552,4.163498427308689,117
7,52,escaped,100,2,True,0.9750000000000001,0.9831953183408242,0.9782781273363298,20.317948211970325,900,13.240638366061644,1200,20.3179246717321,531
7,53,escaped,61,2,True,0.98475,0.9868980421045698,0.9856092168418279,2.8175456208478287,549,15.424538864446044,732,2.817520680288928,108
7,54,escaped,61,2,True,0.98475,0.9851718820896067,0.9849187528358427,4.147339960645367,549,16.17857800662191,732,4.147314082690643,153
7,55,escaped,50,2,True,0.9875,0.986173599034512,0.9869694396138049,7.746222018795263,450,6.263385133525348,600,7.746196890348644,189
7,56,escaped,65,2,True,0.9837500000000001,0.9825594459518591,0.9832737783807437,7.939446365436766,585,16.621335827850803,780,7.939435165143931,207
7,57,escaped,69,2,True,0.98275,0.9853039768333318,0.9837715907333328,7.793362324364148,621,13.94546459818373,828,7.793338571731232,180
7,58,escaped,61,2,True,0.98475,0.9866466765861368,0.9855086706344547,6.787700796356424,549,10.4989977494205,732,6.787678513223635,162
7,59,caught,59,2,False,0.2,0.9913860852891301,0.516554434115652,2.030578976176434,531,9.48986459568995,708,2.0305550189055963,180
7,60,escaped,24,2,True,0.9940000000000001,0.9947534108142532,0.9943013643257013,0.013205961449269147,216,3.004427422391155,288,0.013183369740205406,18
7,61,escaped,108,2,True,0.9730000000000001,0.9852591611969634,0.9779036644787854,11.73941267628833,972,22.55570394241956,1296,11.739386335726879,360
7,62,escaped,35,2,True,0.9912500000000001,0.9862276845827604,0.9892410738331042,2.0172922882114435,315,8.879021899532662,420,2.017271716110834,81
7,63,escaped,41,2,True,0.9897500000000001,0.9895250010604433,0.9896600004241775,1.3060954026273632,369,8.565938419687312,492,1.3060707598638752,90
8,0,escaped,129,2,True,0.9677500000000001,0.9858758456713754,0.9750003382685501,9.09416596251137,1161,31.60282718473976,1548,9.09416596251137,315
8,1,escaped,161,2,True,0.9597500000000001,0.9920752275806191,0.9726800910322477,6.250537545144191,1449,22.28727056829555,1932,6.250537545144191,279
8,2,escaped,92,2,True,0.9770000000000001,0.9880195545513117,0.9814078218205248,5.183293512340337,828,19.541765534249834,1104,5.183293512340337,297
8,3,escaped,147,2,True,0.96325,0.9875905440365235,0.9729862176146093,9.861080804236991,1323,30.632452900162367,1764,9.861080804236991,234
8,4,escaped,90,2,True,0.9775,0.9853080766501805,0.9806232306600722,4.790474193337804,810,25.34725551115963,1080,4.790474193337804,153
8,5,escaped,96,2,True,0.9760000000000001,0.9911882583596671,0.9820753033438668,1.6796944268780634,864,18.06266017015628,1152,1.6796944268780634,189
8,6,escaped,60,2,True,0.9850000000000001,0.9856744517009398,0.9852697806803761,6.428531385056244,540,12.057414370571612,720,6.428531385056244,243
8,7,escaped,76,2,True,0.9810000000000001,0.9925588842965827,0.9856235537186331,2.2510738149512677,684,10.571163289764867,912,2.2510738149512677,72
8,8,escaped,92,2,True,0.9770000000000001,0.9919993328840888,0.9829997331536355,5.305022387349009,828,10.592109808799787,1104,5.305022387349009,198
8,9,escaped,171,2,True,0.95725,0.9863196227262558,0.9688778490905023,16.598356741908592,1539,34.01312600890101,2052,16.598356741908592,567
8,10,escaped,95,2,True,0.9762500000000001,0.9874575235166309,0.9807330094066524,11.00266417389463,855,13.926627483555526,1140,11.00266417389463,270
8,11,escaped,107,2,True,0.9732500000000001,0.9915272798215449,0.9805609119286179,2.1962016384584424,963,18.829676566994898,1284,2.1962016384584424,144
8,12,escaped,16,2,True,0.9960000000000001,0.9947698282738664,0.9955079313095466,0.015804042012607995,144,1.9873138868184796,192,0.015804042012607995,18
8,13,caught,55,1,False,0.1,0.9856401807112894,0.4542560722845158,5.266705522770398,495,11.932687430737364,660,5.266705522770398,162
8,14,escaped,149,2,True,0.9627500000000001,0.9904397135124194,0.9738258854049677,3.541352821695845,1341,29.465780717327004,1788,3.541352821695845,216
8,15,escaped,134,2,True,0.9665,0.9865722446898109,0.9745288978759243,8.69760936916763,1206,31.58684858534489,1608,8.69760936916763,405
8,16,escaped,101,2,True,0.9747500000000001,0.9922360515325351,0.9817444206130141,1.5087737339580682,909,16.80811277319084,1212,1.5087737339580682,36
8,17,escaped,124,2,True,0.9690000000000001,0.9905132364267352,0.9776052945706941,5.2697327442203346,1116,21.206298068409122,1488,5.2697327442203346,297
8,18,escaped,82,2,True,0.9795,0.9869845434850953,0.9824938173940382,5.246719707672867,738,18.618792144435258,984,5.246719707672867,225
8,19,escaped,182,2,True,0.9545,0.9846422376828028,0.9665568950731211,30.50996804635765,1638,26.402748406374116,2184,30.50996804635765,1035
8,20,escaped,124,2,True,0.9690000000000001,0.9854274439718778,0.9755709775887511,12.159963795256465,1116,27.15464167934977,1488,12.159963795256465,468
8,21,escaped,125,2,True,0.9687500000000001,0.9872272055583005,0.9761408822233202,9.486167689561189,1125,25.670159739017002,1500,9.486167689561189,306
8,22,escaped,81,2,True,0.9797500000000001,0.9869688945788506,0.9826375578315404,12.420133930643862,729,8.772290364522506,972,12.420133930643862,171
8,23,escaped,93,2,True,0.97675,0.9919779901206953,0.9828411960482781,3.908337635374514,837,12.694009203441963,1116,3.908337635374514,216
8,24,escaped,136,2,True,0.9660000000000001,0.9887117517409377,0.9750847006963751,6.636086344662431,1224,27.99672719136258,1632,6.636086344662431,378
8,25,escaped,36,2,True,0.9910000000000001,0.9943925912360739,0.9923570364944296,0.00752279201260799,324,4.8347707826819954,432,0.00752279201260799,18
8,26,escaped,166,2,True,0.9585,0.990488858579597,0.9712955434318388,9.568041447209904,1494,25.134998822605702,1992,9.568041447209904,360
8,27,escaped,93,2,True,0.97675,0.9807811415479809,0.9783624566191924,14.056727211016744,837,24.154189116884268,1116,14.056727211016744,351
8,28,escaped,83,2,True,0.9792500000000001,0.9905395973945207,0.9837658389578083,2.9220581351041566,747,14.949044476642598,996,2.9220581351041566,162
8,29,escaped,74,2,True,0.9815,0.9875052152637377,0.983902086105495,2.566672784336812,666,18.768507312486157,888,2.566672784336812,171
8,30,escaped,93,2,True,0.97675,0.9891168428796807,0.9816967371518723,7.102615710235682,837,14.82105241223852,1116,7.102615710235682,225
8,31,escaped,119,2,True,0.9702500000000001,0.9921807669261493,0.9790223067704598,7.631883032887288,1071,12.155885615067747,1428,7.631883032887288,387
8,32,escaped,119,2,True,0.9702500000000001,0.987629574355569,0.9772018297422277,6.884804455099456,1071,26.150196367028933,1428,6.884804455099456,108
8,33,escaped,109,2,True,0.9727500000000001,0.9879570845250121,0.9788328338100049,4.207014758542031,981,25.894913871178908,1308,4.207014758542031,279
8,34,escaped,13,2,True,0.99675,0.9738739599113485,0.9875995839645394,3.839468964824004,117,3.0320325545605993,156,3.839468964824004,90
8,35,escaped,114,2,True,0.9715,0.9907867293255027,0.9792146917302011,2.534624934214462,1026,21.828008653138582,1368,2.534624934214462,162
8,36,escaped,193,2,True,0.9517500000000001,0.9866521539632686,0.9657108615853075,10.43528103987761,1737,47.9135147889698,2316,10.43528103987761,414
8,37,escaped,93,2,True,0.97675,0.9898270050344407,0.9819808020137762,5.80904904627396,837,14.96072603476314,1116,5.80904904627396,576
8,38,escaped,130,2,True,0.9675,0.990656235334467,0.9767624941337869,7.354394137367486,1170,19.34668690663962,1560,7.354394137367486,297
8,39,escaped,100,2,True,0.9750000000000001,0.9833620669001184,0.9783448267600474,13.712339975372092,900,21.647919472552964,1200,13.712339975372092,396
8,40,escaped,104,2,True,0.9740000000000001,0.9878398373061228,0.9795359349224492,3.28461055338662,936,25.972285346068816,1248,3.28461055338662,252
8,41,escaped,156,2,True,0.9610000000000001,0.9896515152409788,0.9724606060963916,5.731846286951955,1404,31.102265221839424,1872,5.731846286951955,297
8,42,escaped,74,2,True,0.9815,0.981144666450839,0.9813578665803355,15.819746967601906,666,12.394076426507395,888,15.819746967601906,441
8,43,escaped,96,2,True,0.9760000000000001,0.9887608839937222,0.9811043535974889,4.416807558105437,864,20.005846534323503,1152,4.416807558105437,198
8,44,escaped,89,2,True,0.9777500000000001,0.9875071551230594,0.9816528620492238,2.2465780403424307,801,23.68927927002179,1068,2.2465780403424307,126
8,45,escaped,85,2,True,0.97875,0.987103768368237,0.9820915073472948,4.5649313610294415,765,20.221737380757272,1020,4.5649313610294415,252
8,46,escaped,73,2,True,0.9817500000000001,0.989260657136012,0.9847542628544048,5.237013807581788,657,11.832643620931286,876,5.237013807581788,207
8,47,escaped,82,2,True,0.9795,0.9816698115453316,0.9803679246181327,10.044496536125349,738,22.681148830620188,984,10.044496536125349,279
8,48,escaped,86,2,True,0.9785,0.9874252189903905,0.9820700875961561,7.6626541475988965,774,15.737475807035398,1032,7.6626541475988965,297
8,49,escaped,64,2,True,0.9840000000000001,0.9849128407167911,0.9843651362867165,4.927112013575284,576,16.60439397424178,768,4.927112013575284,153
8,50,escaped,117,2,True,0.9707500000000001,0.9909755407809675,0.978840216312387,6.452299553785595,1053,16.73761541532905,1404,6.452299553785595,378
8,51,escaped,146,2,True,0.9635,0.9836174202374335,0.9715469680949733,20.540813209375546,1314,30.016808542199005,1752,20.540813209375546,702
8,52,escaped,105,2,True,0.9737500000000001,0.9909298050916401,0.9806219220366561,5.631491814671229,945,15.348235416171958,1260,5.631491814671229,207
8,53,caught,15,0,False,0.0,0.9803502354754489,0.3921400941901796,2.955369044906822,135,3.133423168962642,180,2.955369044906822,54
8,54,escaped,184,2,True,0.9540000000000001,0.9855297615081904,0.9666119046032762,13.025479104178572,1656,46.53326770759313,2208,13.025479104178572,441
8,55,escaped,119,2,True,0.9702500000000001,0.9925814131369813,0.9791825652547926,3.1156332558077655,1071,17.03330640637104,1428,3.1156332558077655,261
8,56,escaped,71,2,True,0.9822500000000001,0.9868321537932726,0.9840828615173092,3.3855322335900113,639,17.923966958143446,852,3.3855322335900113,171
8,57,caught,9,0,False,0.0,0.9694589387191713,0.38778357548766856,4.186464406923441,81,1.0149166940944137,108,4.186464406923441,36
8,58,escaped,67,2,True,0.9832500000000001,0.9888077849319008,0.9854731139727604,3.311134842564404,603,13.582235372750906,804,3.311134842564404,99
8,59,escaped,133,2,True,0.9667500000000001,0.9915625237763064,0.9766750095105227,3.6969837425197087,1197,22.003112449337205,1596,3.6969837425197087,387
8,60,escaped,104,2,True,0.9740000000000001,0.9915368257178633,0.9810147302871454,2.3207460361545147,936,18.029754960007175,1248,2.3207460361545147,189
8,61,escaped,125,2,True,0.9687500000000001,0.9871767196658795,0.9761206878663519,7.8909906614646514,1125,27.94852012040859,1500,7.8909906614646514,270
8,62,escaped,143,2,True,0.96425,0.982829504852194,0.9716818019408776,23.07542570519457,1287,28.161905073677367,1716,23.07542570519457,558
8,63,caught,115,1,False,0.1,0.983233698400535,0.453293479360214,10.708111952274585,1035,31.99750981149075,1380,10.708111952274585,324
9,0,escaped,60,2,True,0.9850000000000001,0.9831751646963731,0.9842700658785494,8.7484726519762,540,12.5631326345878,720,8.7484726519762,171
9,1,escaped,168,2,True,0.9580000000000001,0.9901417309679358,0.9708566923871743,10.32659013967007,1512,25.97975388438941,2016,10.32659013967007,468
9,2,caught,27,2,False,0.2,0.9841789631344782,0.5136715852537913,4.014670502253801,243,4.899137885853101,324,4.014670502253801,153
9,3,escaped,81,2,True,0.9797500000000001,0.9866186625131232,0.9824974650052494,9.043640689895573,729,13.955132487961036,972,9.043640689895573,189
9,4,escaped,54,2,True,0.9865,0.9732403432223851,0.981196137288954,10.991350758046842,486,20.025380839726505,648,10.991350758046842,306
9,5,escaped,59,2,True,0.9852500000000001,0.9876251925739038,0.9862000770295616,5.2217789569549655,531,10.560355372745656,708,5.2217789569549655,234
9,6,escaped,61,2,True,0.98475,0.9854016629280279,0.9850106651712112,6.68427272948164,549,12.459601834058352,732,6.68427272948164,189
9,7,escaped,14,2,True,0.9965,0.9970528933312024,0.996721157332481,0.000625000000000001,126,0.9893945073826611,168,0.000625000000000001,9
9,8,escaped,59,2,True,0.9852500000000001,0.9913121599489289,0.9876748639795716,3.6985306237106848,531,7.370607347369144,708,3.6985306237106848,153
9,9,escaped,96,2,True,0.9760000000000001,0.9851494701249358,0.9796597880499743,10.53685592210622,864,20.166479602672826,1152,10.53685592210622,333
9,10,escaped,77,2,True,0.98075,0.9900485968357414,0.9844694387342966,5.655813509399998,693,10.849108368349915,924,5.655813509399998,279
9,11,escaped,28,2,True,0.9930000000000001,0.995668199204493,0.9940672796817972,0.022382833411856585,252,2.8811263566981906,336,0.022382833411856585,54
9,12,escaped,14,2,True,0.9965,0.9941144845840988,0.9955457938336395,0.0,126,1.97753317974279,168,0,0
9,13,escaped,51,2,True,0.9872500000000001,0.9866926328910706,0.9870270531564282,6.090406244719521,459,8.167675681703628,612,6.090406244719521,180
9,14,escaped,80,2,True,0.9800000000000001,0.9890674651623385,0.9836269860649355,4.0340223430066855,720,15.611770430967876,960,4.0340223430066855,378
9,15,escaped,103,2,True,0.9742500000000001,0.9844932880593449,0.978347315223738,10.964088178379113,927,23.713807679460494,1236,10.964088178379113,297
9,16,escaped,25,2,True,0.99375,0.9948258679282144,0.9941803471712858,0.0,225,3.1044792430714043,300,0.0,9
9,17,escaped,59,2,True,0.9852500000000001,0.9875046127851338,0.9861518451140536,3.8172254064888964,531,12.60383442093198,708,3.8172254064888964,162
9,18,escaped,85,2,True,0.97875,0.9879566064533599,0.9824326425813439,6.03799389234703,765,16.517864312016425,1020,6.03799389234703,279
9,19,escaped,42,2,True,0.9895,0.9881880731479149,0.988975229259166,0.9567739197527708,378,10.630723707231436,504,0.9567739197527708,45
9,20,escaped,64,2,True,0.9840000000000001,0.9878326321903271,0.9855330528761309,5.065158142487698,576,11.935532765673946,768,5.065158142487698,207
9,21,escaped,27,2,True,0.9932500000000001,0.9801441298919368,0.9880076519567746,3.4688114574200344,243,8.241521886798235,324,3.4688114574200344,72
9,22,escaped,37,2,True,0.99075,0.9940844075923836,0.9920837630369534,0.024056233595927106,333,5.220971079835458,444,0.024056233595927106,45
9,23,escaped,24,2,True,0.9940000000000001,0.9835861815189936,0.9898344726075975,6.067273259732205,216,1.364661765416746,288,6.067273259732205,90
9,24,escaped,50,2,True,0.9875,0.9887745953246649,0.9880098381298661,0.031841750677921415,450,13.428029942831554,600,0.031841750677921415,63
9,25,escaped,79,2,True,0.9802500000000001,0.9879946378915476,0.9833478551566192,6.352557290621129,711,14.292090170130766,948,6.352557290621129,135
9,26,escaped,47,2,True,0.9882500000000001,0.9892726641967646,0.9886590656787059,3.517141828709175,423,7.410912347770573,564,3.517141828709175,117
9,27,escaped,23,2,True,0.9942500000000001,0.9853684365800058,0.9906973746320024,0.1547044603576794,207,7.870350394026552,276,0.1547044603576794,72
9,28,escaped,42,2,True,0.9895,0.9836670963601679,0.9871668385440672,5.687924500717176,378,8.87966753466114,504,5.687924500717176,189
9,29,escaped,43,2,True,0.9892500000000001,0.9901827672591034,0.9896231069036414,0.01686933832109272,387,10.108891737510572,516,0.01686933832109272,63
9,30,escaped,15,2,True,0.9962500000000001,0.9972623330340571,0.9966549332136229,0.0,135,0.9855601077394569,180,0,0
9,31,escaped,31,2,True,0.9922500000000001,0.9872436403796854,0.9902474561518742,3.4009923320693565,279,4.95607511475492,372,3.4009923320693565,117
9,32,escaped,55,2,True,0.9862500000000001,0.9876665278747044,0.9868166111498817,4.80670373756848,495,9.871244888632214,660,4.80670373756848,198
9,33,escaped,70,2,True,0.9825,0.9837778135667496,0.9830111254266999,8.847202429075189,630,15.457003302427038,840,8.847202429075189,324
9,34,escaped,8,2,True,0.9980000000000001,0.9944803265668302,0.996592130626732,0.01686933832109272,72,1.0372848480738157,96,0.01686933832109272,36
9,35,caught,35,0,False,0.0,0.9809913160245616,0.39239652640982464,9.47939563243812,315,3.328100362784072,420,9.47939563243812,180
9,36,escaped,67,2,True,0.9832500000000001,0.994148576351136,0.9876094305404544,0.38304648261575813,603,8.898360583885749,804,0.38304648261575813,144
9,37,escaped,114,2,True,0.9715,0.9903417830672903,0.9790367132269161,6.187729585418709,1026,18.174575414002224,1368,6.187729585418709,387
9,38,escaped,92,2,True,0.9770000000000001,0.9902210926203426,0.9822884370481371,6.8942572094012124,828,12.399484548415078,1104,6.8942572094012124,342
9,39,escaped,145,2,True,0.9637500000000001,0.983460533082118,0.9716342132328473,21.761244887565784,1305,28.542351690808456,1740,21.761244887565784,468
9,40,escaped,72,2,True,0.9820000000000001,0.9860709604192823,0.983628384167713,2.6440831932400277,648,20.543936137826822,864,2.6440831932400277,198
9,41,escaped,49,2,True,0.9877500000000001,0.9884198738660359,0.9880179495464144,4.2048105529915025,441,8.01181426288638,588,4.2048105529915025,135
9,42,escaped,26,2,True,0.9935,0.991177914385981,0.9925711657543924,1.053985351651105,234,4.099667620946372,312,1.053985351651105,99
9,43,escaped,38,2,True,0.9905,0.979387334831715,0.9860549339326861,4.930056666672978,342,12.225341744578584,456,4.930056666672978,108
9,44,escaped,64,2,True,0.9840000000000001,0.9793680498508195,0.9821472199403278,8.99782428252772,576,19.69357638577096,768,8.99782428252772,171
9,45,escaped,50,2,True,0.9875,0.9849838942067302,0.9864935576826921,4.8782274222577735,450,11.515023722246726,600,4.8782274222577735,99
9,46,escaped,57,2,True,0.9857500000000001,0.9898511118979529,0.9873904447591813,3.767957406212335,513,8.859735715317274,684,3.767957406212335,81
9,47,escaped,81,2,True,0.9797500000000001,0.9795440070174813,0.9796676028069926,11.806830977256931,729,24.024009055006996,972,11.806830977256931,207
9,48,escaped,52,2,True,0.9870000000000001,0.9911721896670184,0.9886688758668074,2.8987781317263766,468,7.152069786592631,624,2.8987781317263766,126
9,49,escaped,53,2,True,0.98675,0.9793607574269966,0.9837943029707986,10.21191136567496,477,12.6372347319604,636,10.21191136567496,162
9,50,escaped,63,2,True,0.9842500000000001,0.98458697356363,0.984384789425452,8.718328875704932,567,11.680057470851482,756,8.718328875704932,207
9,51,escaped,51,2,True,0.9872500000000001,0.9880337226654996,0.9875634890662,2.7712965867935426,459,10.951661341703701,612,2.7712965867935426,144
9,52,escaped,55,2,True,0.9862500000000001,0.9848227687190717,0.9856791074876288,6.197276307403218,495,11.770910214287742,660,6.197276307403218,180
9,53,escaped,47,2,True,0.9882500000000001,0.9891698251240568,0.9886179300496227,0.32499172559293577,423,11.783114959273364,564,0.32499172559293577,45
9,54,escaped,50,2,True,0.9875,0.980285612168629,0.9846142448674516,7.303132817808294,450,13.919754973900869,600,7.303132817808294,171
9,55,escaped,41,2,True,0.9897500000000001,0.988160221258572,0.9891140885034289,5.493175150009921,369,4.326108748218638,492,5.493175150009921,126
9,56,escaped,95,2,True,0.9762500000000001,0.9876464036892598,0.9808085614757039,5.9617085812400115,855,20.217254813500826,1140,5.9617085812400115,261
9,57,escaped,49,2,True,0.9877500000000001,0.9824511265425522,0.9856304506170209,8.115386274537682,441,9.816960153241753,588,8.115386274537682,171
9,58,escaped,43,2,True,0.9892500000000001,0.9895527788002569,0.9893711115201028,2.4876180942509194,387,7.464708152466936,516,2.4876180942509194,54
9,59,escaped,52,2,True,0.9870000000000001,0.993960555279677,0.9897842221118709,0.05449511156821615,468,7.464566862205538,624,0.05449511156821615,117
9,60,escaped,24,2,True,0.9940000000000001,0.9947313532966766,0.9942925413186707,0.009504488573225693,216,3.022067849683324,288,0.009504488573225693,18
9,61,escaped,45,2,True,0.98875,0.9895714452188241,0.9890785780875296,2.5594247620892414,405,7.85027281421766,540,2.5594247620892414,99
9,62,escaped,36,2,True,0.9910000000000001,0.9827532609224684,0.9877013043689874,4.51438949298757,324,8.88199657233717,432,4.51438949298757,117
9,63,caught,39,1,False,0.1,0.9852660389408765,0.4541064155763506,4.703785621218641,351,7.519273389714777,468,4.703785621218641,90
10,0,escaped,56,2,True,0.9860000000000001,0.9879594523547677,0.9867837809419071,5.100111217884831,504,9.382347744679155,672,5.100111217884831,117
10,1,escaped,176,2,True,0.9560000000000001,0.9902161027808762,0.9696864411123505,12.01933377600919,1584,25.301403485566347,2112,12.01933377600919,468
10,2,caught,27,2,False,0.2,0.9847849413166004,0.5139139765266402,3.7457698039678404,243,4.864998288219146,324,3.7457698039678404,153
10,3,escaped,61,2,True,0.98475,0.9873623002965874,0.985794920118635,7.045885386414996,549,9.107078517242725,732,7.045885386414996,225
10,4,escaped,54,2,True,0.9865,0.9738427646555534,0.9814371058622213,10.509593146986841,486,19.886986143753706,648,10.509593146986841,306
10,5,escaped,55,2,True,0.9862500000000001,0.9881031451472262,0.9869912580588904,4.124662241966937,495,10.20429874970557,660,4.124662241966937,162
10,6,escaped,61,2,True,0.98475,0.9832856342100396,0.9841642536840158,9.15488067769563,549,12.263323946241288,732,9.15488067769563,279
10,7,escaped,14,2,True,0.9965,0.997052767677713,0.9967211070710852,0.000625000000000001,126,0.989436726955103,168,0.000625000000000001,9
10,8,escaped,35,2,True,0.9912500000000001,0.9910307547958199,0.991162301918328,3.698485119604539,315,2.6028524787051777,420,3.698485119604539,126
10,9,escaped,87,2,True,0.9782500000000001,0.986040464036412,0.9813661856145648,7.978354978609312,783,18.509704453825943,1044,7.978354978609312,234
10,10,escaped,64,2,True,0.9840000000000001,0.989263104970539,0.9861052419882157,4.358917699630949,576,10.679980499077375,768,4.358917699630949,144
10,11,escaped,25,2,True,0.99375,0.9968626382384348,0.9949950552953739,0.02215501139995432,225,1.85287704173921,300,0.02215501139995432,54
10,12,escaped,14,2,True,0.9965,0.9941147018076156,0.9955458807230463,0.0,126,1.9774601926411506,168,0,0
10,13,escaped,54,2,True,0.9865,0.9825409481949676,0.984916379277987,9.451770180884322,486,10.024570898142866,648,9.451770180884322,225
10,14,escaped,90,2,True,0.9775,0.9887939438919976,0.9820175775567991,7.424857042490926,810,14.305271803297346,1080,7.424857042490926,459
10,15,escaped,85,2,True,0.97875,0.9846487474700283,0.9811094989880113,9.400518992641105,765,18.78252983762093,1020,9.400518992641105,369
10,16,escaped,25,2,True,0.99375,0.9948280802935138,0.9941812321174055,0.0,225,3.103151823891715,300,0.0,9
10,17,escaped,62,2,True,0.9845,0.9893766289244663,0.9864506515697866,3.352431316097643,558,11.337667738930612,744,3.352431316097643,189
10,18,escaped,89,2,True,0.9777500000000001,0.9882791878016355,0.9819616751206542,6.378438817395507,801,16.53106976584581,1068,6.378438817395507,252
10,19,escaped,41,2,True,0.9897500000000001,0.9878766962314182,0.9890006784925673,0.9730376091957172,369,10.63194742935695,492,0.9730376091957172,54
10,20,caught,49,2,False,0.2,0.9878948781522374,0.515157951260895,3.9530801272956877,441,8.964849789907916,588,3.9530801272956877,171
10,21,escaped,27,2,True,0.9932500000000001,0.9802996540888628,0.9880698616355451,3.410875905944766,243,8.217989609157215,324,3.410875905944766,72
10,22,escaped,37,2,True,0.99075,0.9940829935227423,0.992083197409097,0.023796527843013,333,5.222573048014092,444,0.023796527843013,45
10,23,escaped,25,2,True,0.99375,0.9840739991756833,0.9898795996702733,6.103165227236352,225,1.418046858274899,300,6.103165227236352,90
10,24,escaped,50,2,True,0.9875,0.9887756081477636,0.9880102432591055,0.03090338878543545,450,13.428065704303204,600,0.03090338878543545,63
10,25,escaped,75,2,True,0.9812500000000001,0.9848241435586035,0.9826796574234414,12.756788967654602,675,10.30748963764102,900,12.756788967654602,306
10,26,escaped,41,2,True,0.9897500000000001,0.9871681720288629,0.9887172688115453,3.3356990251980245,369,8.178920023334854,492,3.3356990251980245,108
10,27,escaped,23,2,True,0.9942500000000001,0.9853653840436741,0.9906961536174697,0.15018592386617058,207,7.878060109403625,276,0.15018592386617058,72
10,28,escaped,42,2,True,0.9895,0.9847512820837948,0.9876005128335179,5.075615103053724,378,8.603220855463187,504,5.075615103053724,189
10,29,escaped,40,2,True,0.9900000000000001,0.9884378211604431,0.9893751284641774,1.3301964255557541,360,9.326096451900261,480,1.3301964255557541,54
10,30,escaped,15,2,True,0.9962500000000001,0.9972623330340571,0.9966549332136229,0.0,135,0.9855601077394569,180,0,0
10,31,escaped,31,2,True,0.9922500000000001,0.9875806800243027,0.9903822720097211,3.19838794547343,279,4.975456801287565,372,3.19838794547343,108
10,32,escaped,61,2,True,0.98475,0.9880923890076078,0.9860869556030432,5.785808548040225,549,9.718331095475321,732,5.785808548040225,216
10,33,escaped,85,2,True,0.97875,0.9816621670363501,0.97991486681454,10.879831889845592,765,22.902736726051597,1020,10.879831889845592,342
10,34,escaped,8,2,True,0.9980000000000001,0.994506970459321,0.9966027881837285,0.016133966341670053,72,1.0331497166881376,96,0.016133966341670053,27
10,35,escaped,32,2,True,0.9920000000000001,0.9902209089228396,0.991288363569136,2.3077460566400654,288,4.433347205072397,384,2.3077460566400654,135
10,36,escaped,41,2,True,0.9897500000000001,0.9915261022723902,0.9904604409089562,3.012589046571854,369,4.321529968538826,492,3.012589046571854,108
10,37,escaped,105,2,True,0.9737500000000001,0.9913088737351894,0.9807735494940758,3.8064891968933936,945,16.826319258131456,1260,3.8064891968933936,351
10,38,escaped,93,2,True,0.97675,0.991881554631106,0.9828026218524424,3.4039955626857483,837,13.581709313123724,1116,3.4039955626857483,315
10,39,escaped,77,2,True,0.98075,0.9870960098846888,0.9832884039538756,6.537328679998145,693,15.130135493097557,924,6.537328679998145,225
10,40,escaped,141,2,True,0.9647500000000001,0.9873062855633636,0.9737725142253455,5.946234376068906,1269,35.02721715215241,1692,5.946234376068906,432
10,41,escaped,53,2,True,0.98675,0.9893422461103117,0.9877868984441247,3.6025009688903142,477,8.753328322496436,636,3.6025009688903142,144
10,42,escaped,21,2,True,0.99475,0.9936019280073113,0.9942907712029245,0.06794708811751612,189,3.134032166825076,252,0.06794708811751612,63
10,43,escaped,66,2,True,0.9835,0.984538498863929,0.9839153995455716,5.902878382894121,594,16.62051328901103,792,5.902878382894121,225
10,44,escaped,64,2,True,0.9840000000000001,0.9801047934046215,0.9824419173618486,8.211722434430818,576,19.610074084593528,768,8.211722434430818,171
10,45,escaped,47,2,True,0.9882500000000001,0.9866578422299579,0.9876131368919832,3.019440481633481,423,11.024033322429462,564,3.019440481633481,54
10,46,escaped,60,2,True,0.9850000000000001,0.990336545494582,0.9871346181978329,2.9981878223558245,540,9.91779072466075,720,2.9981878223558245,99
10,47,escaped,82,2,True,0.9795,0.981953047501424,0.9804812190005696,8.51584501788277,738,24.16194249335382,984,8.51584501788277,207
10,48,escaped,52,2,True,0.9870000000000001,0.9913684395576396,0.9887473758230559,2.77454006895216,468,7.0728006734628535,624,2.77454006895216,117
10,49,escaped,75,2,True,0.9812500000000001,0.9850576436633425,0.982773057465337,4.409876713733197,675,21.01640578767265,900,4.409876713733197,144
10,50,escaped,49,2,True,0.9877500000000001,0.9909852096713783,0.9890440838685514,0.4747381836981995,441,9.968409181528227,588,0.4747381836981995,72
10,51,escaped,51,2,True,0.9872500000000001,0.9881679084431767,0.9876171633772708,2.796527930893964,459,10.753776157693052,612,2.796527930893964,144
10,52,escaped,43,2,True,0.9892500000000001,0.9890009330506515,0.9891503732202607,0.1641243180755438,387,11.132204667626887,516,0.1641243180755438,81
10,53,escaped,47,2,True,0.9882500000000001,0.9891711700679762,0.9886184680271904,0.3290737771229777,423,11.776155127158962,564,0.3290737771229777,45
10,54,escaped,50,2,True,0.9875,0.9805239352973723,0.9847095741189489,7.138432657903707,450,13.853367432615073,600,7.138432657903707,171
10,55,escaped,48,2,True,0.9880000000000001,0.9908092074566207,0.9891236829826483,3.4655545167229893,432,5.967053654342253,576,3.4655545167229893,126
10,56,escaped,66,2,True,0.9835,0.9871243099566066,0.9849497239826426,3.4451244735628697,594,15.801593730651293,792,3.4451244735628697,162
10,57,escaped,44,2,True,0.9890000000000001,0.9846999476387314,0.9872799790554926,5.409182886012048,396,8.944611445483577,528,5.409182886012048,108
10,58,escaped,44,2,True,0.9890000000000001,0.9891990275002078,0.9890796110000832,2.710843242945444,396,7.791369302519982,528,2.710843242945444,63
10,59,escaped,47,2,True,0.9882500000000001,0.9888830408622428,0.9885032163448971,3.8508203239572225,423,7.405502808780502,564,3.8508203239572225,135
10,60,escaped,24,2,True,0.9940000000000001,0.9948121936002938,0.9943248774401177,0.008906250000000006,216,2.9763014862307466,288,0.008906250000000006,9
10,61,escaped,65,2,True,0.9837500000000001,0.9873460803807707,0.9851884321523083,4.033446988180878,585,14.362185288423253,780,4.033446988180878,198
10,62,escaped,36,2,True,0.9910000000000001,0.9828580584006291,0.9877432233602517,4.484462484456918,324,8.831354229247205,432,4.484462484456918,117
10,63,caught,39,1,False,0.1,0.9885156783564156,0.4554062713425663,2.4276762619979433,351,7.5124233757310375,468,2.4276762619979433,72
11,0,escaped,60,2,True,0.9850000000000001,0.9869498585252913,0.9857799434101167,5.177546695616469,540,11.88880812942524,720,5.177382850932895,162
11,1,caught,48,2,False,0.2,0.9881156854533939,0.5152462741813576,2.88392066894228,432,9.845502799100531,576,2.8836330770973264,90
11,2,escaped,32,2,True,0.9920000000000001,0.9874437138814999,0.9901774855526,3.1312950236149955,288,5.468167707521467,384,3.130489863228593,198
11,3,escaped,91,2,True,0.9772500000000001,0.9904575480536244,0.9825330192214499,2.1665896845182675,819,17.95192880485993,1092,2.165096405278685,162
11,4,escaped,37,2,True,0.99075,0.9784573867009866,0.9858329546803947,3.923142660978284,333,13.898983728219495,444,3.8980999413035615,153
11,5,escaped,68,2,True,0.9830000000000001,0.993526625704389,0.9872106502817556,0.28307279037647914,612,10.187116463268564,816,0.28079000813803096,144
11,6,escaped,52,2,True,0.9870000000000001,0.9878337682399703,0.9873335072959881,4.018234938054228,468,9.825810652444773,624,4.01702338079784,117
11,7,escaped,17,2,True,0.99575,0.9951157467576327,0.9954962987030531,0.00027388521477885504,153,1.9924101425994722,204,0,0
11,8,escaped,38,2,True,0.9905,0.9940483560244391,0.9919193424097756,2.0692105135520875,342,2.6689519543087568,456,2.069018641876403,81
11,9,caught,20,0,False,0.0,0.9886594692793703,0.39546378771174817,2.5645012613927256,180,2.024119730711952,240,2.563102970076909,63
11,10,escaped,96,2,True,0.9760000000000001,0.9875694397850849,0.980627775914034,10.83118482510788,864,14.198430968353675,1152,10.8300247573813,279
11,11,escaped,59,2,True,0.9852500000000001,0.9916434423618954,0.9878073769447582,2.1150263251947794,531,9.012850515296497,708,2.1132454649903796,126
11,12,escaped,49,2,True,0.9877500000000001,0.9850909942889569,0.9866863977155828,5.0253886290689245,441,10.832472544094855,588,5.019406757167684,117
11,13,caught,71,2,False,0.2,0.9833257345199762,0.5133302938079904,10.15889194539385,639,14.86775911743542,852,10.157402096849397,225
11,14,escaped,77,2,True,0.98075,0.9871221065720361,0.9832988426288145,4.961595692189816,693,17.182886131957417,924,4.951636297442324,261
11,15,escaped,39,2,True,0.9902500000000001,0.9876255930470604,0.9892002372188242,2.732929821606431,351,7.93853847914284,468,2.731058331614484,81
11,16,escaped,36,2,True,0.9910000000000001,0.9887180312062915,0.9900872124825166,0.00027949015349683045,324,9.747248384226083,432,0,0
11,17,escaped,51,2,True,0.9872500000000001,0.9924859535820374,0.989344381432815,0.8632555598374627,459,8.046185402469565,612,0.8581435771757381,90
11,18,escaped,66,2,True,0.9835,0.9887700091856161,0.9856080036742464,1.6188642363731232,594,15.629819801486644,792,1.6185532032324432,90
11,19,escaped,56,2,True,0.9860000000000001,0.9887801775180897,0.9871120710072359,2.462882157720225,504,11.795598538727148,672,2.4492608380382577,108
11,20,escaped,62,2,True,0.9845,0.9915835895512038,0.9873334358204815,1.061456063931768,558,11.108343995899588,744,1.0603105392839283,36
11,21,escaped,16,2,True,0.9960000000000001,0.9907613282312102,0.9939045312924841,1.0860830692237264,144,2.0995392002503124,192,1.0859044818786245,54
11,22,escaped,78,2,True,0.9805,0.989119602782408,0.9839478411129632,8.440157595486118,702,9.114560130684094,936,8.439900570075501,252
11,23,escaped,22,2,True,0.9945,0.9910835751444965,0.9931334300577986,1.9894355963380552,198,2.055291528588406,264,1.9886499993139906,45
11,24,escaped,57,2,True,0.9857500000000001,0.9864597526073118,0.9860339010429248,2.1763322980802644,513,15.621282035757064,684,2.175179615146005,135
11,25,caught,55,1,False,0.1,0.9912562399507305,0.45650249598029224,3.2863502391703707,495,7.1599629461419285,660,3.283395225266298,90
11,26,escaped,76,2,True,0.9810000000000001,0.9898431997226431,0.9845372798890573,2.87035811525452,684,14.698859552226338,912,2.8382114964623293,189
11,27,escaped,35,2,True,0.9912500000000001,0.9823783277613254,0.9877013311045302,4.514361952920996,315,8.783055409925302,420,4.499352789905069,108
11,28,escaped,29,2,True,0.99275,0.9848132302101421,0.9895752920840568,2.7883400475273263,261,6.852205043704659,348,2.7736097437184863,81
11,29,escaped,36,2,True,0.9910000000000001,0.986457488844504,0.9891829955378016,2.354988391274381,324,8.56074511664939,432,2.3543275084714446,117
11,30,escaped,16,2,True,0.9960000000000001,0.9973312240875115,0.9965324896350046,0.00029522607420013925,144,1.024416315629983,192,0,0
11,31,escaped,37,2,True,0.99075,0.9817246033013186,0.9871398413205275,7.550801495460903,333,6.160816941147858,444,7.54904938424234,171
11,32,escaped,42,2,True,0.9895,0.9903154764930648,0.989826190597226,1.9697814619657288,378,7.13562441236968,504,1.9643148588992065,45
11,33,escaped,87,2,True,0.9782500000000001,0.9873326140303406,0.9818830456121362,3.5941811563619006,783,21.65726036283308,1044,3.5936512462849124,216
11,34,escaped,8,2,True,0.9980000000000001,0.9939567339685849,0.996382693587434,0.021421436048710683,72,1.131745163300083,96,0.021221428458230482,36
11,35,escaped,17,2,True,0.99575,0.999764619521231,0.9973558478084925,0.021035656867930956,153,0.06798769284719143,204,0.01892709988858077,18
11,36,escaped,53,2,True,0.98675,0.9902235790171171,0.9881394316068468,5.5297492227629315,477,5.0626085265432,636,5.529458171787554,90
11,37,escaped,58,2,True,0.9855,0.9889372886275648,0.986874915451026,2.9188845988614194,522,11.50744809861457,696,2.9181462622837846,297
11,38,escaped,62,2,True,0.9845,0.9936646927709715,0.9881658771083885,3.159342865335101,558,5.2144800030143035,744,3.1581379367934055,99
11,39,escaped,75,2,True,0.9812500000000001,0.9879736533932403,0.9839394613572962,4.17527822977241,675,16.080386252471,900,4.17193079022984,207
11,40,escaped,39,2,True,0.9902500000000001,0.98460408096765,0.9879916323870601,1.924774892612822,351,11.844213690795911,468,1.919979990307787,72
11,41,escaped,60,2,True,0.9850000000000001,0.9912042730824336,0.9874817092329735,2.0643014096872636,540,9.91344488171249,720,2.063210367566562,144
11,42,escaped,75,2,True,0.9812500000000001,0.9886329138244977,0.9842031655297991,4.360336965490333,675,14.646972495250427,900,4.34578540915496,207
11,43,caught,36,1,False,0.1,0.976292081200056,0.4505168324800224,7.087669291069459,324,11.033416121725683,432,7.087171241221994,99
11,44,escaped,57,2,True,0.9857500000000001,0.9809166858178674,0.983816674327147,6.325296445740175,513,17.67224520683712,684,6.30711339958883,243
11,45,escaped,43,2,True,0.9892500000000001,0.9905487988559266,0.9897695195423707,0.04431271127178972,387,9.694555965654734,516,0.0420071476505031,54
11,46,escaped,41,2,True,0.9897500000000001,0.9902850506445707,0.9899640202578284,2.516953133978288,369,6.203572653771336,492,2.515234659560858,90
11,47,escaped,62,2,True,0.9845,0.9866289088038978,0.9853515635215591,3.9205704231679683,558,14.668756468909457,744,3.918461358410726,117
11,48,escaped,44,2,True,0.9890000000000001,0.9923106912436354,0.9903242764974542,1.7389548044659833,396,5.8013036407664735,528,1.7291957818501833,72
11,49,escaped,62,2,True,0.9845,0.984493956206724,0.9844975824826896,6.413097420999878,558,14.522196603061536,744,6.4114129149980075,207
11,50,escaped,55,2,True,0.9862500000000001,0.9858287760062104,0.9860815104024843,6.384412708446214,495,10.193465393873987,660,6.3785189448632345,153
11,51,escaped,98,2,True,0.9755,0.9894921526947509,0.9810968610779004,3.995915452481086,882,19.38656959197125,1176,3.9949102422123524,207
11,52,escaped,94,2,True,0.9765,0.9876626274660701,0.980965050986428,10.369641882379021,846,14.006923260040438,1128,10.367401728487398,342
11,53,escaped,82,2,True,0.9795,0.9856128920835218,0.9819451568334088,7.485678246294354,738,18.332924051236628,984,7.477609853376624,279
11,54,escaped,44,2,True,0.9890000000000001,0.9894973769072014,0.9891989507628807,2.307211670697191,396,8.014487758399039,528,2.30477730329946,99
11,55,escaped,62,2,True,0.9845,0.9918966004042501,0.9874586401617,3.616473465206292,558,7.235893978200865,744,3.616152952277482,180
11,56,escaped,70,2,True,0.9825,0.9833403959965998,0.98283615839864,8.063574413455349,630,17.236702174438406,840,8.045335975249262,279
11,57,escaped,53,2,True,0.98675,0.9853702608141983,0.9861981043256793,5.052248723772432,477,11.872696612643157,636,5.051547305817825,162
11,58,escaped,48,2,True,0.9880000000000001,0.9895335057218195,0.9886134022887278,3.0716521415450786,432,7.961865219737196,576,3.070916779079241,72
11,59,escaped,67,2,True,0.9832500000000001,0.9933370714980871,0.9872848285992348,2.9783881593720727,603,6.742804818579755,804,2.977727622804787,252
11,60,escaped,43,2,True,0.9892500000000001,0.993315336354968,0.9908761345419872,0.005190477964031338,387,6.891652244387595,516,0.004927873789369744,9
11,61,escaped,73,2,True,0.9817500000000001,0.9896689157407138,0.9849175662962857,1.5533555295255685,657,16.028918916235387,876,1.5498808847536023,126
11,62,escaped,36,2,True,0.9910000000000001,0.9882619626904143,0.9899047850761657,0.9860388241124822,324,8.82694580333202,432,0.9775108910070879,63
11,63,escaped,41,2,True,0.9897500000000001,0.9909740096401116,0.9902396038560448,0.03512692978560022,369,8.834738607749347,492,0.034459778869838864,45
12,0,escaped,58,2,True,0.9855,0.9876067911887524,0.986342716475501,5.140265484798453,522,10.397659352192065,696,5.140265484798453,144
12,1,caught,16,0,False,0.0,0.9858791898440655,0.3943516759376262,3.302158200870984,144,1.0195134987175207,192,3.302158200870984,36
12,2,escaped,76,2,True,0.9810000000000001,0.9854617387905524,0.9827846955162209,9.485433193895966,684,13.870544187504452,912,9.485433193895966,396
12,3,escaped,62,2,True,0.9845,0.9902602320514163,0.9868040928205666,3.375866938588337,558,9.991618789374632,744,3.375866938588337,180
12,4,escaped,43,2,True,0.9892500000000001,0.9822233631068351,0.986439345242734,3.7067510356729114,387,13.403154559515585,516,3.7067510356729114,63
12,5,escaped,54,2,True,0.9865,0.9881161541934611,0.9871464616773844,3.6776399525367154,486,10.497944228558776,648,3.6776399525367154,162
12,6,escaped,40,2,True,0.9900000000000001,0.9867798547157292,0.9887119418862917,5.4235639902842205,360,5.459920819187695,480,5.4235639902842205,153
12,7,escaped,14,2,True,0.9965,0.9970485261704511,0.9967194104681805,0.0006250000000000011,126,0.9908618733950932,168,0.0006250000000000011,9
12,8,escaped,46,2,True,0.9885,0.9938358891151758,0.9906343556460704,2.7654298270907254,414,3.1179386473916018,552,2.7654298270907254,126
12,9,escaped,70,2,True,0.9825,0.9860095578401596,0.983903823136064,7.581720797670313,630,13.394981764971421,840,7.581720797670313,306
12,10,caught,25,1,False,0.1,0.9890598821053566,0.45562395284214263,3.2730538439272348,225,2.1999989448830926,300,3.2730538439272348,90
12,11,escaped,25,2,True,0.99375,0.9968849303148662,0.9950039721259465,0.029309051991276792,225,1.8299630750919142,300,0.029309051991276792,54
12,12,escaped,13,2,True,0.99675,0.9936639752565126,0.995515590102605,0.0,117,1.9768397199680523,156,0,0
12,13,caught,22,0,False,0.0,0.9785453183115216,0.3914181273246087,5.706619564489964,198,3.7192458455299633,264,5.706619564489964,108
12,14,escaped,79,2,True,0.9802500000000001,0.9881521741029392,0.9834108696411757,6.367158683732865,711,13.973932989183533,948,6.367158683732865,396
12,15,escaped,107,2,True,0.9732500000000001,0.9858650561274008,0.9782960224509603,7.611789106050726,963,26.14948372343366,1284,7.611789106050726,306
12,16,escaped,25,2,True,0.99375,0.9949082538743352,0.9942133015497341,0.0,225,3.05504767539889,300,0.0,9
12,17,escaped,49,2,True,0.9877500000000001,0.9866361246866243,0.9873044498746497,5.101887261569597,441,8.9134010197703,588,5.101887261569597,162
12,18,escaped,99,2,True,0.9752500000000001,0.9862715869571229,0.9796586347828493,11.030478195820143,891,17.91140512878231,1188,11.030478195820143,333
12,19,escaped,38,2,True,0.9905,0.9869190682634583,0.9890676273053833,1.0201012708966066,342,10.56967471586384,456,1.0201012708966066,54
12,20,escaped,50,2,True,0.9875,0.9890767361047388,0.9881306944418955,2.599281899814124,450,9.642207474561227,600,2.599281899814124,144
12,21,escaped,27,2,True,0.9932500000000001,0.9809879490936199,0.988345179637448,3.1334301427068065,243,8.141902130391943,324,3.1334301427068065,72
12,22,escaped,35,2,True,0.9912500000000001,0.9948971422522763,0.9927088569009106,0.024429539560384995,315,4.253827788674056,420,0.024429539560384995,45
12,23,escaped,26,2,True,0.9935,0.9821582527580481,0.9889633011032193,6.594001653779706,234,2.3412480739383414,312,6.594001653779706,90
12,24,escaped,57,2,True,0.9857500000000001,0.986691599979618,0.9861266399918472,2.387025913078868,513,15.02319001044413,684,2.387025913078868,90
12,25,caught,66,2,False,0.2,0.98137891174342,0.512551564697368,14.986782363155298,594,9.513427314215804,792,14.986782363155298,297
12,26,escaped,66,2,True,0.9835,0.9870481753811845,0.9849192701524738,6.8138178656137125,594,11.430599708718841,792,6.8138178656137125,243
12,27,escaped,40,2,True,0.9900000000000001,0.9855001383561451,0.9882000553424581,4.198556181457184,360,8.32179226949108,480,4.198556181457184,126
12,28,escaped,59,2,True,0.9852500000000001,0.9865001439547232,0.9857500575818894,4.665588059172159,531,12.895012081215699,708,4.665588059172159,225
12,29,escaped,33,2,True,0.99175,0.9899467501473243,0.9910287000589297,0.034278189986338234,297,7.916469630004095,396,0.034278189986338234,63
12,30,escaped,15,2,True,0.9962500000000001,0.9972656089291014,0.9966562435716406,0.0,135,0.9843807855234954,180,0,0
12,31,escaped,20,2,True,0.9950000000000001,0.9900309915087117,0.9930123966034847,0.35753904600813685,180,4.308405347807562,240,0.35753904600813685,27
12,32,escaped,39,2,True,0.9902500000000001,0.9890448210372379,0.9897679284148952,2.5150491023622656,351,6.90064870599559,468,2.5150491023622656,63
12,33,caught,27,1,False,0.1,0.979286028392186,0.45171441135687446,5.605346670728086,243,5.948858040892662,324,5.605346670728086,135
12,34,escaped,8,2,True,0.9980000000000001,0.9943869394362574,0.996554775774503,0.01692148744845379,72,1.0551456449739605,96,0.01692148744845379,36
12,35,escaped,16,2,True,0.9960000000000001,0.9953652128580737,0.9957460851432295,0.9702683683088905,144,0.4860671047545225,192,0.9702683683088905,36
12,36,escaped,62,2,True,0.9845,0.9911050834857559,0.9871420333943024,3.9980086704043187,558,7.9049575459894985,744,3.9980086704043187,180
12,37,escaped,95,2,True,0.9762500000000001,0.9887321999334532,0.9812428799733812,6.8418060643157235,855,16.56817606597251,1140,6.8418060643157235,432
12,38,escaped,77,2,True,0.98075,0.9913197277563196,0.9849778911025279,5.228358694816846,693,9.069998179898864,924,5.228358694816846,288
12,39,caught,19,0,False,0.0,0.9848409330178294,0.39393637320713176,2.243107827067177,171,3.921724107780239,228,2.243107827067177,27
12,40,escaped,45,2,True,0.98875,0.9873657895740854,0.9881963158296341,1.4591125063947061,405,11.699463918128155,540,1.4591125063947061,99
12,41,escaped,49,2,True,0.9877500000000001,0.9888434857346217,0.9881873942938487,3.6580856696689614,441,8.242613216526328,588,3.6580856696689614,126
12,42,escaped,21,2,True,0.99475,0.9935992246043198,0.9942896898417279,0.09831317905063289,189,3.0949065606886608,252,0.09831317905063289,63
12,43,escaped,36,2,True,0.9910000000000001,0.9886956723686088,0.9900782689474436,0.35409763169091946,324,9.294808897934129,432,0.35409763169091946,54
12,44,escaped,41,2,True,0.9897500000000001,0.9857509942376464,0.9881503976950587,0.33577189686637043,369,13.573325807667404,492,0.33577189686637043,18
12,45,escaped,47,2,True,0.9882500000000001,0.9893754624768221,0.9887001849907289,0.9596356393808034,423,10.704964140303623,564,0.9596356393808034,27
12,46,escaped,40,2,True,0.9900000000000001,0.9922925569802479,0.9909170227920993,1.7796050498616989,360,5.026338565813065,480,1.7796050498616989,108
12,47,escaped,78,2,True,0.9805,0.9828201321664628,0.9814280528665852,7.203838867358473,702,22.555594094570363,936,7.203838867358473,225
12,48,escaped,51,2,True,0.9872500000000001,0.9919349859703892,0.9891239943881558,1.8174148335608193,459,7.448357394162461,612,1.8174148335608193,117
12,49,escaped,45,2,True,0.98875,0.9814112359603148,0.9858144943841258,6.061783377246897,405,11.993487326530866,540,6.061783377246897,117
12,50,escaped,58,2,True,0.9855,0.9837934266512929,0.9848173706605172,9.179685311444294,522,10.319969686141244,696,9.179685311444294,198
12,51,escaped,63,2,True,0.9842500000000001,0.9858916219716434,0.9849066487886574,6.947037113735261,567,12.069151427228165,756,6.947037113735261,243
12,52,escaped,65,2,True,0.9837500000000001,0.9868926518794052,0.9850070607517621,6.335466365930308,585,12.000174580220843,780,6.335466365930308,225
12,53,escaped,44,2,True,0.9890000000000001,0.9897958274691714,0.9893183309876686,1.1152126014416002,396,9.288656057299535,528,1.1152126014416002,81
12,54,escaped,49,2,True,0.9877500000000001,0.9844108650699122,0.9864143460279649,3.601110669071975,441,13.531341785687307,588,3.601110669071975,153
12,55,caught,38,2,False,0.2,0.9846894223284395,0.5138757689313758,7.301425092703457,342,4.228013379525287,456,7.301425092703457,135
12,56,escaped,63,2,True,0.9842500000000001,0.98664714624328,0.985208858497312,3.1100473003910007,567,16.042785146306027,756,3.1100473003910007,162
12,57,escaped,46,2,True,0.9885,0.9863429470684381,0.9876371788273752,3.662415743812903,414,10.194165444693876,552,3.662415743812903,108
12,58,escaped,45,2,True,0.98875,0.9876300761424088,0.9883020304569635,4.312231111829647,405,7.60987628375892,540,4.312231111829647,72
12,59,escaped,53,2,True,0.98675,0.9931752279042473,0.9893200911616988,0.061104531082317684,477,8.59963739768772,636,0.061104531082317684,117
12,60,escaped,24,2,True,0.9940000000000001,0.9947315860283463,0.9942926344113385,0.009518611912580069,216,3.0219149651223822,288,0.009518611912580069,18
12,61,escaped,48,2,True,0.9880000000000001,0.987291876099032,0.9877167504396128,3.5116209870847257,432,9.957597417802152,576,3.5116209870847257,108
12,62,escaped,37,2,True,0.99075,0.9837406612288592,0.9879462644915438,4.293413590968265,333,8.713741374148665,444,4.293413590968265,144
12,63,escaped,77,2,True,0.98075,0.9874214767615472,0.9834185907046189,4.182366493512334,693,17.668622286644194,924,4.182366493512334,288
13,0,escaped,111,2,True,0.9722500000000001,0.985238969115035,0.977445587646014,7.748684689425404,999,28.991806691646243,1332,7.748672303086196,171
13,1,escaped,169,2,True,0.9577500000000001,0.9871746958731007,0.9695198783492402,20.657707820118613,1521,24.475823111878917,2028,20.657683366479503,675
13,2,escaped,39,2,True,0.9902500000000001,0.9841893168634603,0.9878257267453843,6.82005196800746,351,5.705396791791145,468,6.820041936975862,243
13,3,escaped,69,2,True,0.98275,0.9907149355647844,0.9859359742259137,1.2031089015374241,621,13.771921502667093,828,1.2030832628643973,63
13,4,caught,14,2,False,0.2,0.9730665792905648,0.509226631716226,2.220732238238452,126,6.088653040718946,168,2.2207129596293784,54
13,5,escaped,78,2,True,0.9805,0.9910159505878193,0.9847063802351278,2.982203742738648,702,12.841868842617295,936,2.9821830755892775,207
13,6,escaped,75,2,True,0.9812500000000001,0.9859779043991957,0.9831411617596784,6.0442759301937325,675,17.18073750785608,900,6.044250686323988,162
13,7,escaped,24,2,True,0.9940000000000001,0.9947035806677337,0.9942814322670935,0.029055310070897525,216,3.011997121957513,288,0.029031751868705317,27
13,8,timeout,200,2,False,0.2,0.9938378582533658,0.5175351433013463,2.35036513367989,1800,26.444460205604617,2400,2.3503499420642373,99
13,9,escaped,76,2,True,0.9810000000000001,0.9828213288060909,0.9817285315224364,12.607871910069736,684,14.523400377597392,912,12.60784725427124,333
13,10,caught,25,1,False,0.1,0.9840246941296049,0.45360987765184196,4.937250466392113,225,3.0021829003808755,300,4.937227444650403,81
13,11,escaped,155,2,True,0.96125,0.9898037964641709,0.9726715185856684,4.656431509014479,1395,31.721301807931606,1860,4.656406409226938,243
13,12,escaped,85,2,True,0.97875,0.9885941931733447,0.9826876772693378,4.216765312157523,765,17.645492176833347,1020,4.216741679932818,180
13,13,escaped,106,2,True,0.9735,0.9870385326365453,0.978915413054618,9.836039205626514,954,19.859254031793462,1272,9.836016168534103,261
13,14,caught,39,1,False,0.1,0.9835858518535086,0.45343434074140343,7.41519127403259,351,5.476720966405855,468,7.415167949076084,180
13,15,escaped,103,2,True,0.9742500000000001,0.9852066946006305,0.9786326778402522,9.488148803713942,927,23.918185875622807,1236,9.488125252100133,306
13,16,escaped,81,2,True,0.9797500000000001,0.9925172268320787,0.9848568907328316,1.2743838598253032,729,12.847332558672017,972,1.2743600071735068,45
13,17,escaped,82,2,True,0.9795,0.9864101998786232,0.9822640799514493,7.4945262239807064,738,16.752025006895213,984,7.494501378180917,270
13,18,escaped,157,2,True,0.9607500000000001,0.9888602958545384,0.9719941183418154,7.9866140635812455,1413,31.32558646865784,1884,7.986588082047715,261
13,19,timeout,200,2,False,0.2,0.9904500484059179,0.5161800193623671,11.978909925623562,1800,29.867887750762954,2400,11.978886919494668,351
13,20,escaped,58,2,True,0.9855,0.9918097799824203,0.9880239119929681,0.9963336566309361,522,10.072341388963034,696,0.996310453135126,63
13,21,timeout,200,2,False,0.2,0.9896306454449483,0.5158522581779793,2.4111383582239996,1800,46.55805071994959,2400,2.411120434311897,261
13,22,timeout,200,2,False,0.2,0.9861022428053516,0.5144408971221407,22.10404862853789,1800,37.237169696261354,2400,22.10402524521361,558
13,23,escaped,74,2,True,0.9815,0.9901122723553953,0.9849449089421581,3.2864466153133627,666,13.178675476400018,888,3.286420741712445,108
13,24,timeout,200,2,False,0.2,0.9900105983308333,0.5160042393323333,4.787314752587132,1800,41.56604167521724,2400,4.787290900049332,324
13,25,escaped,44,2,True,0.9890000000000001,0.9879895163746156,0.9885958065498464,4.969035367107698,396,6.057690218928963,528,4.96900927999737,135
13,26,escaped,55,2,True,0.9862500000000001,0.9848934603212854,0.9857073841285142,8.144171214429397,495,9.081737423330653,660,8.144147671536395,189
13,27,timeout,200,2,False,0.2,0.9898600432352409,0.5159440172940963,5.2034561711028875,1800,41.73385090937324,2400,5.203440460716163,270
13,28,escaped,85,2,True,0.97875,0.9910460520456018,0.9836684208182407,2.8619529089663165,765,14.450116615017203,1020,2.8619313169021066,171
13,29,escaped,35,2,True,0.9912500000000001,0.9873468441095115,0.9896887376438046,2.2989029037430275,315,7.563447076352981,420,2.298878597707931,117
13,30,escaped,83,2,True,0.9792500000000001,0.9866647590088542,0.9822159036035417,8.84550650723091,747,14.76979137805463,996,8.845480666685633,279
13,31,escaped,54,2,True,0.9865,0.9860253879603739,0.9863101551841496,4.786142181542238,486,11.729574294632448,648,4.786118029257797,99
13,32,escaped,47,2,True,0.9882500000000001,0.9904791782945773,0.9891416713178309,1.3879445237435548,423,8.888894185392092,564,1.3879227494311328,72
13,33,timeout,200,2,False,0.2,0.9862687056276936,0.5145074822510775,14.711251230725855,1800,46.295211346102725,2400,14.711225725589678,747
13,34,escaped,36,2,True,0.9910000000000001,0.9856431035689426,0.9888572414275771,3.4166125160846907,324,7.848875161654039,432,3.4165930904347928,153
13,35,escaped,71,2,True,0.9822500000000001,0.9904647054919881,0.9855358821967952,2.2917297573158155,639,13.192502165231286,852,2.291708737755381,54
13,36,escaped,62,2,True,0.9845,0.9925131865879534,0.9877052746351813,2.0634995888274417,558,8.38904557202215,744,2.063477096070327,117
13,37,escaped,94,2,True,0.9765,0.9907826999910384,0.9822130799964154,4.113471095930628,846,15.309600692309854,1128,4.113455533876427,432
13,38,escaped,96,2,True,0.9760000000000001,0.9869969919596768,0.9803987967838708,12.941966643236407,864,12.702975000589433,1152,12.941943496113845,261
13,39,escaped,78,2,True,0.9805,0.9875490827031571,0.9833196330812629,5.72054873512245,702,15.680718866193269,936,5.72052609563102,216
13,40,escaped,36,2,True,0.9910000000000001,0.9825568634254725,0.9876227453701891,3.3766368518751007,324,10.568687531224896,432,3.376614481207537,153
13,41,escaped,116,2,True,0.9710000000000001,0.9907168993458563,0.9788867597383426,2.494575279427293,1044,22.518051848566337,1392,2.4945488735099093,189
13,42,escaped,38,2,True,0.9905,0.9838680848892917,0.9878472339557167,7.947075696792789,342,4.1162056519089,456,7.947061903034879,279
13,43,timeout,200,2,False,0.2,0.9880052021926723,0.515202080877069,5.83834117916302,1800,49.79057456962245,2400,5.8383148146403006,162
13,44,escaped,54,2,True,0.9865,0.9850908620578918,0.9859363448231567,1.0110627545553192,486,17.974159100231812,648,1.0110405937758515,108
13,45,escaped,77,2,True,0.98075,0.9849036486806637,0.9824114594722655,6.663921648335805,693,19.012828373685693,924,6.663899220140748,207
13,46,escaped,156,2,True,0.9610000000000001,0.9910867825656404,0.9730347130262562,2.214640330654369,1404,30.418232300036486,1872,2.2146161347745563,144
13,47,escaped,55,2,True,0.9862500000000001,0.9870462016990627,0.9865684806796251,2.7782886898227916,495,13.394628837473569,660,2.7782633016721316,153
13,48,escaped,173,2,True,0.9567500000000001,0.9881941839687209,0.9693276735874885,6.828349338124361,1557,39.91328237770504,2076,6.8283337655316165,459
13,49,timeout,200,2,False,0.2,0.9907312069657224,0.5162924827862889,0.01200214827419239,1800,44.474203700167266,2400,0.011979391471917266,72
13,50,escaped,110,2,True,0.9725,0.989126940668692,0.9791507762674768,8.522146688577863,990,17.342014383216107,1320,8.522126199493979,297
13,51,timeout,200,2,False,0.2,0.9856633268779894,0.5142653307511957,18.392126522784032,1800,44.29319562193872,2400,18.39210146173531,612
13,52,escaped,94,2,True,0.9765,0.9887677832457634,0.9814071132983053,8.9194936952676,846,13.44722273720082,1128,8.9194698543377,423
13,53,escaped,87,2,True,0.9782500000000001,0.9870697513260738,0.9817779005304295,6.379556856738569,783,18.4922834221731,1044,6.379531625792323,180
13,54,escaped,113,2,True,0.9717500000000001,0.9871177840128512,0.9778971136051406,1.1944774772581233,1017,33.34393312080327,1356,1.194450529155382,108
13,55,escaped,102,2,True,0.9745,0.9934923735928507,0.9820969494371403,2.698138671426096,918,12.333151216133418,1224,2.698113403628578,531
13,56,escaped,69,2,True,0.98275,0.9823426526964714,0.9825870610785885,8.644112498859776,621,17.715083802830403,828,8.644101306583709,333
13,57,escaped,80,2,True,0.9800000000000001,0.9859777184028407,0.9823910873611363,6.2046356260546425,720,18.64993316513975,960,6.204611564013833,243
13,58,escaped,67,2,True,0.9832500000000001,0.9885055548757254,0.9853522219502902,3.7155978898846587,603,13.528937239987355,804,3.715575534036586,81
13,59,timeout,200,2,False,0.2,0.991626843605675,0.51665073744227,1.0838288729862249,1800,38.74604552877827,2400,1.08380573945123,153
13,60,escaped,131,2,True,0.96725,0.9933524035458524,0.977690961418341,0.8471542299665227,1179,19.770504278551442,1572,0.8471295096534153,36
13,61,timeout,200,2,False,0.2,0.9874445976429053,0.5149778390571621,8.523519879743919,1800,48.901238141062926,2400,8.523493150106319,288
13,62,timeout,200,2,False,0.2,0.9882951744861228,0.5153180697944492,8.837876974514984,1800,44.39932650059037,2400,8.837856131940429,315
13,63,escaped,196,2,True,0.9510000000000001,0.9885944892170896,0.9660377956868358,5.920003362787814,1764,45.7581849057602,2352,5.919978057620855,423
14,0,escaped,59,2,True,0.9852500000000001,0.9865697840545636,0.9857779136218255,5.254554105220757,531,12.011113638443488,708,5.254554105220757,189
14,1,escaped,171,2,True,0.95725,0.9872336580680784,0.9692434632272314,20.93545191424188,1539,24.47913140295057,2052,20.93545191424188,666
14,2,escaped,78,2,True,0.9805,0.9851969726542845,0.9823787890617139,9.756660130126102,702,14.70238701767792,936,9.756660130126102,315
14,3,escaped,59,2,True,0.9852500000000001,0.9901839018420118,0.9872235607368047,3.3879405102770628,531,9.38234097800857,708,3.3879405102770628,180
14,4,escaped,43,2,True,0.9892500000000001,0.9815063581450585,0.9861525432580234,3.7067510356729114,387,14.143103680069146,516,3.7067510356729114,63
14,5,escaped,57,2,True,0.9857500000000001,0.9889263594392318,0.9870205437756927,3.7680971082297905,513,10.12461080949125,684,3.7680971082297905,180
14,6,escaped,40,2,True,0.9900000000000001,0.986891676008378,0.9887566704033512,5.360599833482752,360,5.436524587313422,480,5.360599833482752,153
14,7,escaped,14,2,True,0.9965,0.9969550344605786,0.9966820137842315,0.0006250000000000011,126,1.022275087912232,168,0.0006250000000000011,9
14,8,escaped,51,2,True,0.9872500000000001,0.9904653374214407,0.9885361349685764,4.285255117513365,459,5.956753506138723,612,4.285255117513365,144
14,9,escaped,85,2,True,0.97875,0.984405230374325,0.98101209214973,11.31775614355628,765,16.722988511635286,1020,11.31775614355628,351
14,10,escaped,56,2,True,0.9860000000000001,0.9856081429967237,0.9858432571986895,8.043605022621053,504,8.61784911557521,672,8.043605022621053,198
14,11,escaped,25,2,True,0.99375,0.9968677655554796,0.9949971062221918,0.029309051991276792,225,1.8402619307238395,300,0.029309051991276792,54
14,12,escaped,13,2,True,0.99675,0.9936158770575635,0.9954963508230255,0.0,117,1.9918463580401886,156,0,0
14,13,escaped,40,2,True,0.9900000000000001,0.9842121411929236,0.9876848564771695,6.467609458483509,360,6.532865176815368,480,6.467609458483509,153
14,14,escaped,79,2,True,0.9802500000000001,0.9878343029867156,0.9832837211946863,7.771538522561968,711,12.704110173771332,948,7.771538522561968,405
14,15,escaped,113,2,True,0.9717500000000001,0.9838136205381927,0.9765754482152771,13.51996104252109,1017,25.870846377059912,1356,13.51996104252109,450
14,16,escaped,25,2,True,0.99375,0.995056266836962,0.9942725067347848,0.0,225,2.96623989782276,300,0.0,9
14,17,escaped,49,2,True,0.9877500000000001,0.9868296290144065,0.9873818516057626,5.118963547301119,441,8.663071549323107,588,5.118963547301119,162
14,18,escaped,83,2,True,0.9792500000000001,0.9879781305037105,0.9827412522014842,5.779340051956941,747,16.24177730066606,996,5.779340051956941,288
14,19,escaped,38,2,True,0.9905,0.9868037637341811,0.9890215054936725,1.0201012708966066,342,10.674832446564684,456,1.0201012708966066,54
14,20,escaped,53,2,True,0.98675,0.9909609574684619,0.9884343829873847,1.2348989926869296,477,9.851130109867265,636,1.2348989926869296,153
14,21,escaped,27,2,True,0.9932500000000001,0.9809134122609262,0.9883153649043706,3.0934563207129258,243,8.243500427302555,324,3.0934563207129258,72
14,22,escaped,39,2,True,0.9902500000000001,0.9942608426593057,0.9918543370637224,0.03714604564209358,351,5.322323210033751,468,0.03714604564209358,63
14,23,escaped,24,2,True,0.9940000000000001,0.9828695148882782,0.9895478059553113,5.725844929973996,216,2.232699517719753,288,5.725844929973996,81
14,24,escaped,57,2,True,0.9857500000000001,0.9863613243133079,0.9859945297253232,2.387025913078868,513,15.475007121956235,684,2.387025913078868,90
14,25,escaped,49,2,True,0.9877500000000001,0.986439294215195,0.987225717686078,7.342946431422171,441,6.156794761034335,588,7.342946431422171,162
14,26,escaped,66,2,True,0.9835,0.9869560044488499,0.9848824017795399,6.776577575630406,594,11.626252185514469,792,6.776577575630406,234
14,27,escaped,40,2,True,0.9900000000000001,0.988518126674539,0.9894072506698157,1.5847532024135906,360,8.909594122557836,480,1.5847532024135906,117
14,28,escaped,34,2,True,0.9915,0.9806693069513014,0.9871677227805206,6.544165814212611,306,7.04829110878794,408,6.544165814212611,144
14,29,escaped,33,2,True,0.99175,0.9890188709665884,0.9906575483866353,0.23777880202137858,297,8.380015791766821,396,0.23777880202137858,63
14,30,escaped,15,2,True,0.9962500000000001,0.9972391162878856,0.9966456465151543,0.0,135,0.9939181363611884,180,0,0
14,31,escaped,19,2,True,0.9952500000000001,0.9919525078066924,0.9939310031226771,0.3805644006677856,171,3.1622372392578866,228,0.3805644006677856,45
14,32,escaped,39,2,True,0.9902500000000001,0.9889461385666176,0.9897284554266471,2.5150491023622656,351,6.993015498496212,468,2.5150491023622656,63
14,33,caught,27,1,False,0.1,0.9793853800115198,0.45175415200460795,5.605894815215394,243,5.8837473322480305,324,5.605894815215394,135
14,34,escaped,8,2,True,0.9980000000000001,0.9944082957407729,0.9965633182963092,0.01692148744845379,72,1.051045234506996,96,0.01692148744845379,36
14,35,escaped,16,2,True,0.9960000000000001,0.9955437431501978,0.9958174972600792,0.9702683683088905,144,0.4175114725788703,192,0.9702683683088905,36
14,36,escaped,64,2,True,0.9840000000000001,0.9930352990373105,0.9876141196149242,2.41467505364933,576,7.478213940492043,768,2.41467505364933,198
14,37,escaped,94,2,True,0.9765,0.9907334102110821,0.9821933640844328,4.784594662896346,846,14.525967013270275,1128,4.784594662896346,423
14,38,escaped,81,2,True,0.9797500000000001,0.9911905396466134,0.9843262158586454,4.7260733092366545,729,10.82415984800142,972,4.7260733092366545,315
14,39,caught,19,0,False,0.0,0.9847889908259158,0.3939155963303663,2.243107827067177,171,3.9454097472928416,228,2.243107827067177,27
14,40,escaped,45,2,True,0.98875,0.9858974838472921,0.9876089935389168,2.4176258311119523,405,12.007216336775175,540,2.4176258311119523,108
14,41,escaped,49,2,True,0.9877500000000001,0.9888539051947144,0.9881915620778858,3.6580856696689614,441,8.230359931457247,588,3.6580856696689614,126
14,42,escaped,22,2,True,0.9945,0.9937957746584329,0.9942183098633732,0.10801942927972925,198,3.1318050746411155,264,0.10801942927972925,81
14,43,escaped,39,2,True,0.9902500000000001,0.9827461631854614,0.9872484652741846,2.235474863638556,351,13.168958106890097,468,2.235474863638556,72
14,44,escaped,82,2,True,0.9795,0.9872693130717873,0.982607725228715,2.9051017634313805,738,21.18052285681409,984,2.9051017634313805,270
14,45,escaped,46,2,True,0.9885,0.9887436163230323,0.9885974465292129,0.9695749851910093,414,11.134280932450999,552,0.9695749851910093,45
14,46,escaped,40,2,True,0.9900000000000001,0.9922640504711638,0.9909056201884656,1.7841928871748642,360,5.047587698116181,480,1.7841928871748642,108
14,47,escaped,74,2,True,0.9815,0.9822721619382488,0.9818088647752996,8.845685059411352,666,19.690393651788153,888,8.845685059411352,225
14,48,escaped,48,2,True,0.9880000000000001,0.9905018161267087,0.9890007264506835,3.5886664960342736,432,6.157019160652446,576,3.5886664960342736,126
14,49,escaped,45,2,True,0.98875,0.9813475037328193,0.9857890014931276,6.055934515853384,405,12.070116614083917,540,6.055934515853384,117
14,50,escaped,55,2,True,0.9862500000000001,0.9833388184850479,0.9850855273940191,8.356880936740016,495,10.850251684083466,660,8.356880936740016,153
14,51,escaped,67,2,True,0.9832500000000001,0.9836534800456471,0.9834113920182588,9.105281867677233,603,14.1448282630297,804,9.105281867677233,279
14,52,escaped,56,2,True,0.9860000000000001,0.9842130674556703,0.9852852269822682,7.336849869513583,504,11.435170846894373,672,7.336849869513583,198
14,53,escaped,44,2,True,0.9890000000000001,0.9898903636388947,0.989356145455558,1.1158951900808385,396,9.187915743886055,528,1.1158951900808385,81
14,54,escaped,53,2,True,0.98675,0.9797429236113907,0.9839471694445563,8.220264999710441,477,14.80664783336382,636,8.220264999710441,216
14,55,escaped,39,2,True,0.9902500000000001,0.9908896384487276,0.9905058553794911,3.110539972880061,351,4.379911781484242,468,3.110539972880061,117
14,56,escaped,64,2,True,0.9840000000000001,0.986543933355887,0.9850175733423548,3.1083913709509914,576,16.523996537422928,768,3.1083913709509914,162
14,57,escaped,46,2,True,0.9885,0.9861793412300786,0.9875717364920313,3.662415743812903,414,10.374786290242746,552,3.662415743812903,108
14,58,escaped,41,2,True,0.9897500000000001,0.988541005369822,0.9892664021479289,3.136339267142806,369,7.0938650265714145,492,3.136339267142806,72
14,59,escaped,47,2,True,0.9882500000000001,0.988924540172806,0.9885198160691224,3.6939351273265264,423,7.567871848639564,564,3.6939351273265264,126
14,60,escaped,24,2,True,0.9940000000000001,0.9948584444286341,0.9943433777714537,0.009518611912580069,216,2.948844526556612,288,0.009518611912580069,18
14,61,escaped,47,2,True,0.9882500000000001,0.9873062912951994,0.9878725165180797,4.068801839830912,423,8.893434299240548,564,4.068801839830912,108
14,62,escaped,37,2,True,0.99075,0.9838360535177032,0.9879844214070813,4.293413590968265,333,8.629033021655209,444,4.293413590968265,144
14,63,escaped,75,2,True,0.9812500000000001,0.9855841321753501,0.9829836528701401,6.711461353325621,675,16.999946946602286,900,6.711461353325621,288
15,0,escaped,62,2,True,0.9845,0.9861769124256385,0.9851707649702555,5.613444024867503,558,13.084162277493196,744,5.613444024867503,198
15,1,escaped,131,2,True,0.96725,0.9881843485830245,0.9756237394332099,13.84681509839062,1179,18.685987923783546,1572,13.84681509839062,594
15,2,escaped,72,2,True,0.9820000000000001,0.9822820128384098,0.982112805135364,13.312789240679473,648,12.86629616098857,864,13.312789240679473,441
15,3,escaped,82,2,True,0.9795,0.9813983729528861,0.9802593491811544,15.306301869240986,738,16.19959953639884,984,15.306301869240986,297
15,4,escaped,105,2,True,0.9737500000000001,0.9818267345751146,0.9769806938300459,15.00535754835664,945,25.789485472902356,1260,15.00535754835664,477
15,5,escaped,56,2,True,0.9860000000000001,0.9924985168570385,0.9885994067428154,0.7203572104372965,504,9.121517063557171,672,0.7203572104372965,90
15,6,escaped,62,2,True,0.9845,0.9811175371422518,0.9831470148569008,11.04599700110088,558,13.369108730861406,744,11.04599700110088,387
15,7,escaped,14,2,True,0.9965,0.9969603950587791,0.9966841580235116,0.0006250000000000011,126,1.0204739269169032,168,0.0006250000000000011,9
15,8,escaped,33,2,True,0.99175,0.9905630618219617,0.9912752247287847,3.7155095445785253,297,2.520042310901588,396,3.7155095445785253,126
15,9,escaped,83,2,True,0.9792500000000001,0.9845303878365397,0.9813621551346159,10.55988724017367,747,16.735617776048173,996,10.55988724017367,378
15,10,caught,25,1,False,0.1,0.9849951071520119,0.45399804286080475,5.057107550378746,225,2.26012564162122,300,5.057107550378746,90
15,11,escaped,25,2,True,0.99375,0.996852225366175,0.9949908901464699,0.029309051991276792,225,1.8495860443066319,300,0.029309051991276792,54
15,12,escaped,36,2,True,0.9910000000000001,0.9895869541165623,0.990434781646625,3.676655483867649,324,4.094664331466701,432,3.676655483867649,99
15,13,escaped,78,2,True,0.9805,0.9890663819778007,0.9839265527911203,4.191232467044513,702,14.879422981497758,936,4.191232467044513,306
15,14,escaped,80,2,True,0.9800000000000001,0.9885941828724565,0.9834376731489827,7.183147870332047,720,12.321638391107452,960,7.183147870332047,396
15,15,escaped,81,2,True,0.9797500000000001,0.9853904822445673,0.982006192897827,6.6169970677976915,729,19.5782397594976,972,6.6169970677976915,243
15,16,escaped,25,2,True,0.99375,0.9950561511821162,0.9942724604728465,0.0,225,2.9663092907302757,300,0.0,9
15,17,escaped,63,2,True,0.9842500000000001,0.9866445045810077,0.9852078018324031,5.403231097826216,567,12.989200943081338,756,5.403231097826216,189
15,18,escaped,79,2,True,0.9802500000000001,0.9875641406338208,0.9831756562535284,5.470131725264509,711,16.284880391256348,948,5.470131725264509,261
15,19,escaped,38,2,True,0.9905,0.9867376038830062,0.9889950415532025,1.0201012708966066,342,10.73517023083614,456,1.0201012708966066,54
15,20,escaped,51,2,True,0.9872500000000001,0.987885132846604,0.9875040531386416,3.4335771508064323,459,10.250494528014846,612,3.4335771508064323,153
15,21,escaped,28,2,True,0.9930000000000001,0.9825337950522833,0.9888135180209133,2.6903703341117455,252,8.15012927938328,336,2.6903703341117455,81
15,22,escaped,38,2,True,0.9905,0.9941073160377126,0.9919429264150852,0.025226937677903568,342,5.3404918567021635,456,0.025226937677903568,54
15,23,escaped,26,2,True,0.9935,0.9842624281047412,0.9898049712418965,5.61009471774761,234,2.340118572311362,312,5.61009471774761,81
15,24,escaped,47,2,True,0.9882500000000001,0.9887989050634903,0.9884695620253962,0.059918306105188446,423,12.554944013575989,564,0.059918306105188446,72
15,25,escaped,100,2,True,0.9750000000000001,0.9846553802102467,0.9788621520840988,14.951109262230808,900,16.892275145766813,1200,14.951109262230808,405
15,26,escaped,41,2,True,0.9897500000000001,0.9863750084008263,0.9884000033603306,3.557762105604612,369,8.663308926114192,492,3.557762105604612,117
15,27,escaped,40,2,True,0.9900000000000001,0.9886644089194386,0.9894657635677755,1.5441667824635632,360,8.823278394054137,480,1.5441667824635632,99
15,28,escaped,32,2,True,0.9920000000000001,0.9836200399126693,0.9886480159650678,4.501427517035971,288,6.577905991021972,384,4.501427517035971,108
15,29,escaped,32,2,True,0.9920000000000001,0.9894572463493652,0.9909828985397462,0.9624130963343733,288,6.81361734190839,384,0.9624130963343733,45
15,30,escaped,15,2,True,0.9962500000000001,0.9972391154519603,0.9966456461807842,0.0,135,0.9939184372943034,180,0,0
15,31,escaped,19,2,True,0.9952500000000001,0.9917327946231331,0.9938431178492533,0.3805644006677856,171,3.2624264509609295,228,0.3805644006677856,45
15,32,escaped,38,2,True,0.9905,0.9881310829535221,0.989552433181409,2.7877956232729124,342,7.107391515357283,456,2.7877956232729124,54
15,33,escaped,45,2,True,0.98875,0.9874317886334567,0.9882227154533827,3.6232193422438823,405,8.742709152874918,540,3.6232193422438823,162
15,34,escaped,8,2,True,0.9980000000000001,0.994390463291615,0.996556185316646,0.01692148744845379,72,1.0544690647453203,96,0.01692148744845379,36
15,35,escaped,19,2,True,0.9952500000000001,0.9997829069761531,0.9970631627904614,0.0018700299509835914,171,0.09650104560621649,228,0.0018700299509835914,45
15,36,escaped,40,2,True,0.9900000000000001,0.9906101184906917,0.9902440473962768,3.526451965058493,360,4.312350295524642,480,3.526451965058493,144
15,37,escaped,95,2,True,0.9762500000000001,0.9899551426691765,0.9817320570676706,5.4868854616235785,855,15.586427432112703,1140,5.4868854616235785,360
15,38,escaped,79,2,True,0.9802500000000001,0.9902820846767131,0.9842628338706854,6.4920546992793895,711,9.76909452057952,948,6.4920546992793895,342
15,39,caught,19,0,False,0.0,0.9847797367729432,0.3939118947091773,2.243107827067177,171,3.949629595448329,228,2.243107827067177,27
15,40,escaped,30,2,True,0.9925,0.9857985893870845,0.9898194357548339,0.8440368365161885,270,9.099633192610916,360,0.8440368365161885,99
15,41,escaped,48,2,True,0.9880000000000001,0.9886436501881936,0.9882574600752774,3.6580856696689614,432,8.205067423642385,576,3.6580856696689614,126
15,42,escaped,22,2,True,0.9945,0.9936989228724472,0.994179569148979,0.10801942927972925,198,3.182942817641562,264,0.10801942927972925,81
15,43,escaped,41,2,True,0.9897500000000001,0.9797686226748058,0.9857574490699225,5.334167990477871,369,12.795451300687278,492,5.334167990477871,108
15,44,caught,39,0,False,0.0,0.9780921465252279,0.39123685861009116,7.551753295895297,351,10.436746457859606,468,7.551753295895297,144
15,45,escaped,42,2,True,0.9895,0.9833503785805879,0.9870401514322352,5.092190853841179,378,9.993230585645808,504,5.092190853841179,90
15,46,escaped,50,2,True,0.9875,0.9881791559245494,0.9877716623698198,5.4712392628991875,450,6.890027206675105,600,5.4712392628991875,126
15,47,escaped,84,2,True,0.9790000000000001,0.9799468231775944,0.9793787292710379,11.96430509067346,756,24.474797686405086,1008,11.96430509067346,261
15,48,escaped,48,2,True,0.9880000000000001,0.9909116393027544,0.9891646557211018,3.215064676837485,432,6.183038620776999,576,3.215064676837485,126
15,49,escaped,43,2,True,0.9892500000000001,0.980885094998986,0.9859040379995945,5.838889860889143,387,11.941395479860923,516,5.838889860889143,162
15,50,escaped,44,2,True,0.9890000000000001,0.9862107069600939,0.9878842827840376,4.048171454042003,396,9.163931511418156,528,4.048171454042003,144
15,51,escaped,56,2,True,0.9860000000000001,0.9837017288517584,0.9850806915407034,6.691602865267924,504,12.982739269546096,672,6.691602865267924,189
15,52,escaped,68,2,True,0.9830000000000001,0.9863375438455884,0.9843350175382354,7.550878043979126,612,12.22929105202768,816,7.550878043979126,306
15,53,escaped,44,2,True,0.9890000000000001,0.9900620319368775,0.989424812774751,1.1158951900808385,396,9.006634021216238,528,1.1158951900808385,81
15,54,escaped,57,2,True,0.9857500000000001,0.9844396431194647,0.9852258572477859,4.901172806219047,513,14.751671137613474,684,4.901172806219047,225
15,55,escaped,40,2,True,0.9900000000000001,0.9891533691513211,0.9896613476605285,4.224126258739138,360,4.780597269746178,480,4.224126258739138,153
15,56,escaped,69,2,True,0.98275,0.9862021434827642,0.9841308573931058,3.8309350227863117,621,17.741337028827317,828,3.8309350227863117,180
15,57,escaped,45,2,True,0.98875,0.9866817506310225,0.9879227002524089,3.694501014665842,405,9.457707965607888,540,3.694501014665842,90
15,58,escaped,40,2,True,0.9900000000000001,0.9910703593263119,0.9904281437305249,1.857986108822685,360,6.095140234976926,480,1.857986108822685,54
15,59,escaped,52,2,True,0.9870000000000001,0.9934335063149241,0.9895734025259697,0.22339517232798484,468,7.897123889204122,624,0.22339517232798484,126
15,60,escaped,24,2,True,0.9940000000000001,0.9948563783680817,0.9943425513472328,0.009518611912580069,216,2.950034577434806,288,0.009518611912580069,18
15,61,escaped,47,2,True,0.9882500000000001,0.9875115347087499,0.9879546138834999,4.068801839830912,423,8.661919728755548,564,4.068801839830912,108
15,62,escaped,36,2,True,0.9910000000000001,0.9843547310921059,0.9883418924368423,3.3353476283876775,324,9.070382165236877,432,3.3353476283876775,108
15,63,escaped,50,2,True,0.9875,0.990064315249271,0.9885257260997085,1.7673917964381796,450,9.56629930562393,600,1.7673917964381796,198
16,0,escaped,55,2,True,0.9862500000000001,0.9887593877241481,0.9872537550896592,3.04506929403366,495,10.77751581207968,660,3.045043575338459,81
16,1,escaped,131,2,True,0.96725,0.9851640823196408,0.9744156329278564,21.74806440134749,1179,17.646705985252805,1572,21.747553332732938,495
16,2,escaped,72,2,True,0.9820000000000001,0.9805321442020485,0.9814128576808194,15.608418806363403,648,12.829229743709112,864,15.608344205268244,486
16,3,escaped,91,2,True,0.9772500000000001,0.9866459394459047,0.981008375778362,8.783941407291898,819,17.453346373754933,1092,8.783704567511855,315
16,4,escaped,47,2,True,0.9882500000000001,0.9804343773851213,0.9851237509540485,3.567381221499046,423,17.313514014251176,564,3.5664460160589346,72
16,5,escaped,56,2,True,0.9860000000000001,0.9912969124367691,0.9881187649747076,1.2902822899662538,504,9.97657329836063,672,1.2902104821134592,225
16,6,caught,51,2,False,0.2,0.9864792367442151,0.5145916946976861,5.501969059846149,459,9.213455478619114,612,5.501859168373972,162
16,7,escaped,14,2,True,0.9965,0.996912948335185,0.996665179334074,0.0008764055543220342,126,1.0360808186387764,168,0.0008594477295068003,9
16,8,escaped,80,2,True,0.9800000000000001,0.9885946793537771,0.9834378717415109,9.982163501120384,720,8.588664305920805,960,9.981501337532418,243
16,9,escaped,70,2,True,0.9825,0.9796178163347239,0.9813471265338896,14.646677771263303,630,14.713164862646165,840,14.646177865106699,342
16,10,caught,25,1,False,0.1,0.9878319279560325,0.455132771182413,3.749934636893573,225,2.3009303771890814,300,3.7499171901625976,90
16,11,escaped,21,2,True,0.99475,0.9962768585462072,0.9953607434184829,0.019343283687055644,189,1.8506722477955082,252,0.01932546068274956,45
16,12,escaped,13,2,True,0.99675,0.9936523703512745,0.9955109481405098,1.4696336943232451e-05,117,1.9804408552864128,156,0,0
16,13,escaped,51,2,True,0.9872500000000001,0.9850952551570386,0.9863881020628155,8.276082874941832,459,7.208630521195761,612,8.275997393107025,252
16,14,escaped,55,2,True,0.9862500000000001,0.9880613007713959,0.9869745203085584,3.835612201442351,495,10.644933379834377,660,3.835594900616418,225
16,15,escaped,67,2,True,0.9832500000000001,0.9776828383768944,0.9810231353507577,15.006122959570774,603,15.877831943859432,804,15.005982840391939,279
16,16,escaped,25,2,True,0.99375,0.9949801199822385,0.9942420479928953,0.00041636775338682965,225,3.011372853652441,300,0.0004001212052621964,9
16,17,escaped,77,2,True,0.98075,0.9861712462931449,0.982918498517258,7.448914730870488,693,15.623650542440846,924,7.448695590506061,297
16,18,escaped,83,2,True,0.9792500000000001,0.9866832547373238,0.9822233018949296,7.1300759889819005,747,17.020188577941838,996,7.12999738607656,333
16,19,escaped,38,2,True,0.9905,0.986664567304694,0.9889658269218777,1.1129167700304345,342,10.678025591411844,456,1.112897371132735,45
16,20,escaped,53,2,True,0.98675,0.9864322305324861,0.9866228922129945,5.430261899079473,477,10.017853563905026,636,5.430245917666176,198
16,21,escaped,95,2,True,0.9762500000000001,0.9814781072857969,0.9783412429143188,15.394138532735647,855,21.704397344735597,1140,15.393916052304732,495
16,22,escaped,41,2,True,0.9897500000000001,0.9949139107877314,0.9918155643150927,0.013223069499993639,369,4.987081025538963,492,0.013209093784990146,18
16,23,escaped,25,2,True,0.99375,0.9898396607488076,0.9921858642995229,2.993174652652626,225,2.105304013845297,300,2.9929524511364822,72
16,24,escaped,53,2,True,0.98675,0.987425501882154,0.9870202007528617,1.0183483909092832,477,14.636963751354385,636,1.0183307355630613,81
16,25,escaped,167,2,True,0.95825,0.980717228402935,0.967236891361174,37.67249220674676,1503,27.055358952041207,2004,37.67024110131224,909
16,26,caught,68,2,False,0.2,0.9875810257445296,0.5150324102978119,6.276314997438905,612,11.899345988342601,816,6.274774440618074,180
16,27,escaped,54,2,True,0.9865,0.9844806531835559,0.9856922612734224,4.694694765494865,486,13.853480453451724,648,4.693452744327765,162
16,28,escaped,32,2,True,0.9920000000000001,0.9833244238939295,0.9885297695575719,4.4738190722383,288,6.841750353144384,384,4.472473645581303,144
16,29,escaped,34,2,True,0.9915,0.9879386381234763,0.9900754552493904,0.6856423715519996,306,8.927881462507369,408,0.685536237009482,72
16,30,escaped,15,2,True,0.9962500000000001,0.9970959878250824,0.996588395130033,1.9335136989784148e-05,135,1.0454186027877113,180,0,0
16,31,escaped,18,2,True,0.9955,0.9922192555586753,0.9941877022234702,0.28990395984491374,162,2.974742985525738,216,0.2895224283714042,36
16,32,escaped,41,2,True,0.9897500000000001,0.9897840990957804,0.9897636396383123,2.3345105879204002,369,6.939765705858305,492,2.332642242355797,63
16,33,caught,27,1,False,0.1,0.9800766205648526,0.452030648225941,5.23926978571849,243,5.924656826350901,324,5.239250050257969,126
16,34,escaped,8,2,True,0.9980000000000001,0.9942026177017682,0.9964810470807073,0.022334339591468792,72,1.0833182818052192,96,0.022320291920542617,36
16,35,escaped,40,2,True,0.9900000000000001,0.9726688412976415,0.9830675365190567,13.231552001661552,360,8.595843018715422,480,13.231340150432919,234
16,36,escaped,60,2,True,0.9850000000000001,0.9891662049287084,0.9866664819714834,5.512206656858401,540,8.251056026848625,720,5.512182491486983,135
16,37,escaped,79,2,True,0.9802500000000001,0.9881542336748346,0.983411693469934,8.297466530825051,711,11.396284244746905,948,8.297448832182495,567
16,38,escaped,88,2,True,0.9780000000000001,0.9903009942103983,0.9829203976841594,7.967849736274508,792,9.860500579272733,1056,7.967776478685177,468
16,39,caught,19,0,False,0.0,0.9884074838545853,0.39536299354183413,1.0064173832441339,171,3.9442975179835713,228,1.0064023476819295,36
16,40,caught,36,2,False,0.2,0.9865343994897211,0.5146137597958884,1.2696434592695287,324,9.941420895188276,432,1.2691428215652063,81
16,41,escaped,86,2,True,0.9785,0.9853365174673068,0.9812346069869227,9.975144584384887,774,16.96523516829894,1032,9.974854281008438,360
16,42,escaped,21,2,True,0.99475,0.9863469853790255,0.9913887941516102,2.9092219423733057,189,3.0021567791400368,252,2.909208448364244,72
16,43,escaped,37,2,True,0.99075,0.9838864391673884,0.9880045756669554,2.585876410045652,333,10.861006805964957,444,2.585751749625722,108
16,44,caught,26,0,False,0.0,0.9835492827220208,0.39341971308880835,2.568433075871583,234,6.840670146963579,312,2.567240573557211,45
16,45,escaped,46,2,True,0.9885,0.9888650131204508,0.9886460052481802,0.9922583661708113,414,10.97001436012781,552,0.9922429773934761,45
16,46,escaped,89,2,True,0.9777500000000001,0.9883314066789486,0.9819825626715795,9.339981845153947,801,12.470806206893942,1068,9.33964712653558,405
16,47,escaped,53,2,True,0.98675,0.9848459724781815,0.9859883889912726,4.8780552905401535,477,12.771849287032968,636,4.878036388566806,162
16,48,escaped,44,2,True,0.9890000000000001,0.9912318953519212,0.9898927581407686,2.59357343004738,396,5.8010206016413255,528,2.592696511779043,108
16,49,escaped,99,2,True,0.9752500000000001,0.9888537478890191,0.9806914991556077,4.577478301578179,891,20.380190613586226,1188,4.577418209780063,279
16,50,escaped,58,2,True,0.9855,0.9853329884672818,0.9854331953869128,7.026359137766309,522,11.048001203188727,696,7.025877684742816,153
16,51,escaped,53,2,True,0.98675,0.9891642225600292,0.9877156890240117,2.2627254123941216,477,10.766141687117326,636,2.2623526850038247,117
16,52,escaped,90,2,True,0.9775,0.9834754671195867,0.9798901868478347,16.950828868996442,810,13.0918858630309,1080,16.95062118576099,450
16,53,escaped,61,2,True,0.98475,0.9868245896409157,0.9855798358563663,2.8158602115593228,549,15.53432048362042,732,2.815735609338891,108
16,54,escaped,61,2,True,0.98475,0.985207296121389,0.9849329184485556,4.124292766800421,549,16.157461455885933,732,4.124048388726142,153
16,55,escaped,54,2,True,0.9865,0.9840277126537966,0.9855110850615186,10.83015663959796,486,6.259875547882229,648,10.830131712491823,234
16,56,escaped,65,2,True,0.9837500000000001,0.982580889170185,0.9832823556680741,7.921848662591763,585,16.611348011055643,780,7.919279870593453,207
16,57,escaped,69,2,True,0.98275,0.9853283038296574,0.9837813215318629,7.759141214214963,621,13.95080723913407,828,7.758507585618084,180
16,58,escaped,61,2,True,0.98475,0.986127726016799,0.9853010904067196,7.391215940366025,549,10.454054524251605,732,7.390946771750836,171
16,59,escaped,105,2,True,0.9737500000000001,0.9891505001356055,0.9799102000542422,9.32193551378562,945,14.911492306560213,1260,9.321732103382292,360
16,60,escaped,24,2,True,0.9940000000000001,0.9947524947435559,0.9943009978974224,0.01351745004145946,216,3.0045397609898563,288,0.01324013875083585,18
16,61,escaped,108,2,True,0.9730000000000001,0.9853029028792103,0.9779211611516841,11.655934294256076,972,22.553630011412118,1296,11.65571771313747,360
16,62,escaped,35,2,True,0.9912500000000001,0.9862056838601831,0.9892322735440733,2.030727632053503,315,8.879588714708147,420,2.029808008554485,81
16,63,escaped,41,2,True,0.9897500000000001,0.9895465284017332,0.9896686113606934,1.291322939783696,369,8.564452132982904,492,1.2912793058845433,90
17,0,escaped,55,2,True,0.9862500000000001,0.9887761021303204,0.9872604408521282,3.055866460872786,495,10.741056573480021,660,3.055852433212287,81
17,1,escaped,131,2,True,0.96725,0.9852717454325709,0.9744586981730284,21.556323259375617,1179,17.5638680141629,1572,21.556298359163993,495
17,2,escaped,72,2,True,0.9820000000000001,0.9808889102723706,0.9815555641089483,15.609030112006664,648,12.211922900001404,864,15.609018482230853,450
17,3,escaped,91,2,True,0.9772500000000001,0.9861182129411777,0.9807972851764711,9.334398067867461,819,17.871958845977822,1092,9.334372612472475,315
17,4,escaped,47,2,True,0.9882500000000001,0.9802437904901853,0.9850475161960741,3.699275832731136,423,17.352636550096133,564,3.6992532531142226,72
17,5,escaped,64,2,True,0.9840000000000001,0.9916618710167999,0.9870647484067201,1.04336341467792,576,11.416214898624771,768,1.0433452066874898,198
17,6,escaped,73,2,True,0.9817500000000001,0.9880418948855566,0.9842667579542228,4.165741820057732,657,15.396277733761142,876,4.1657169668526635,252
17,7,escaped,14,2,True,0.9965,0.9969054723150944,0.9966621889260378,0.0008824169858027903,126,1.0385847461471907,168,0.0008599015456275331,9
17,8,escaped,38,2,True,0.9905,0.9916316147262542,0.9909526458905018,4.112004226292635,342,2.1492950679326444,456,4.111989535817971,189
17,9,escaped,96,2,True,0.9760000000000001,0.9832591960820782,0.9789036784328313,13.351645521618696,864,20.76861819806691,1152,13.3516212548734,387
17,10,caught,25,1,False,0.1,0.9865288040195095,0.4546115216078038,4.349489590330314,225,2.283398134520547,300,4.349466278660868,90
17,11,escaped,21,2,True,0.99475,0.9963091386134132,0.9953736554453653,0.014940860004736085,189,1.8402729921667806,252,0.014917261728786975,45
17,12,escaped,13,2,True,0.99675,0.9936610133870009,0.9955144053548004,2.286219949214494e-05,117,1.977733340323068,156,0,0
17,13,escaped,76,2,True,0.9810000000000001,0.9845670577319289,0.9824268230927715,11.169704831472668,684,13.256746921664938,912,11.169682225250362,342
17,14,escaped,80,2,True,0.9800000000000001,0.9855353795787356,0.9822141518314944,8.406121758819365,720,16.563908863735236,960,8.406097305937365,396
17,15,escaped,97,2,True,0.9757500000000001,0.9829712431874245,0.9786384972749698,13.090117358392453,873,22.18945604848586,1164,13.090093528316462,297
17,16,escaped,25,2,True,0.99375,0.9949964982601064,0.9942485993040425,0.00042431689661857327,225,3.0015352880740283,300,0.0004003508576520383,9
17,17,escaped,77,2,True,0.98075,0.9853323918078492,0.9825829567231397,8.682066794671845,693,15.5296508795324,924,8.682045266523955,297
17,18,escaped,73,2,True,0.9817500000000001,0.9863980874720769,0.9836092349888308,6.054914450340106,657,15.757331481801087,876,6.0548916998898665,243
17,19,escaped,38,2,True,0.9905,0.9867167932541789,0.9889867173016716,1.0995366076857505,342,10.648235741941187,456,1.099511468413454,45
17,20,escaped,47,2,True,0.9882500000000001,0.9870973486741966,0.9877889394696786,4.124933563996389,423,9.054279276844298,564,4.124911067690533,135
17,21,escaped,61,2,True,0.98475,0.9798392984528578,0.9827857193811431,8.377267949243254,549,18.345576466025285,732,8.377250306617212,261
17,22,escaped,41,2,True,0.9897500000000001,0.9949159131297479,0.9918163652518993,0.01391735269792122,369,4.984185010064133,492,0.013894355007802634,18
17,23,escaped,25,2,True,0.99375,0.9898323666742163,0.9921829466696865,3.0194866241819045,225,2.0745978298943633,300,3.019463513555282,72
17,24,escaped,52,2,True,0.9870000000000001,0.98809704858717,0.987438819434868,0.9115684509910091,468,13.639458761890516,624,0.9115470755644375,90
17,25,escaped,101,2,True,0.9747500000000001,0.9832053607593492,0.9781321443037398,18.504027172403326,909,16.038169289466637,1212,18.50400240324539,432
17,26,caught,68,2,False,0.2,0.9874711627278726,0.514988465091149,6.4048602863289785,612,11.907248713006673,816,6.404838131579038,180
17,27,escaped,54,2,True,0.9865,0.9844561705982555,0.9856824682393022,4.687701338249016,486,13.894534453662109,648,4.687682788625462,162
17,28,escaped,31,2,True,0.9922500000000001,0.9839862917993462,0.9889445167197386,3.538533845203006,279,7.196153774349149,372,3.538513706238918,126
17,29,escaped,34,2,True,0.9915,0.9879966287364375,0.990098651494575,0.6480640915592308,306,8.930665495654694,408,0.6480392597955316,72
17,30,escaped,15,2,True,0.9962500000000001,0.997110008521381,0.9965940034085524,2.5115704141610026e-05,135,1.0403634446973167,180,0,0
17,31,escaped,18,2,True,0.9955,0.9922295864720078,0.9941918345888032,0.29107638206782915,162,2.968716801335532,216,0.29105313412718437,36
17,32,escaped,41,2,True,0.9897500000000001,0.9908429987353673,0.990187199494147,1.5489383742029939,369,6.945238078794614,492,1.548916250415652,63
17,33,escaped,50,2,True,0.9875,0.9857762885504703,0.9868105154201882,4.8343580976430385,450,10.622642942578318,600,4.834333200061507,216
17,34,escaped,8,2,True,0.9980000000000001,0.994202689832668,0.9964810759330672,0.023200495716074236,72,1.0821495578396452,96,0.02318262917059501,36
17,35,escaped,18,2,True,0.9955,0.9988907931232128,0.9968563172492853,0.29102009509025,162,0.09115057731839739,216,0.29100655212752125,36
17,36,escaped,60,2,True,0.9850000000000001,0.9891456438793194,0.9866582575517279,5.531573810471602,540,8.254841066484676,720,5.531551236010129,135
17,37,escaped,94,2,True,0.9765,0.9863550397129323,0.9804420158851729,11.902240757255555,846,14.913376064617443,1128,11.902225266892835,639
17,38,caught,59,2,False,0.2,0.9901605225251433,0.5160642090100573,6.739050693867007,531,4.94729917924104,708,6.739026227333136,252
17,39,caught,19,0,False,0.0,0.9884506041702621,0.39538024166810487,1.0063450034005685,171,3.924731160493036,228,1.0063219238152348,36
17,40,escaped,45,2,True,0.98875,0.9848523107519364,0.9871909243007745,2.6745824639545903,405,12.793394435969322,540,2.6745588951328743,108
17,41,escaped,52,2,True,0.9870000000000001,0.988996216626043,0.9877984866504173,2.8993495483200045,468,9.866922252938402,624,2.899324481416575,153
17,42,escaped,21,2,True,0.99475,0.9889289141216663,0.9924215656486666,1.9407660026981104,189,2.9921392790827084,252,1.9407477943828586,81
17,43,escaped,37,2,True,0.99075,0.9839333564864686,0.9880233425945875,2.61212982382459,333,10.784339674916428,444,2.6121041707938994,108
17,44,caught,26,0,False,0.0,0.983629784405704,0.3934519137622816,2.542300911253207,234,6.825279982503046,312,2.542278403845853,45
17,45,escaped,46,2,True,0.9885,0.9888441559958812,0.9886376623983524,0.9919024092537563,414,10.993515234875574,552,0.9918804484777264,45
17,46,escaped,62,2,True,0.9845,0.9895725113825748,0.9865290045530299,2.795565102073087,558,11.78868292663123,744,2.7955407393376768,54
17,47,escaped,53,2,True,0.98675,0.9846092234434354,0.9858936893773742,4.937857769986375,477,12.993257419968344,636,4.937833055951905,162
17,48,escaped,44,2,True,0.9890000000000001,0.9912312927672716,0.9898925171069087,2.6158775902391787,396,5.771918050775602,528,2.615857587382127,108
17,49,escaped,98,2,True,0.9755,0.9883641318153922,0.9806456527261569,5.238607102755458,882,20.38275249985689,1176,5.238583530937326,261
17,50,escaped,65,2,True,0.9837500000000001,0.9868433363503231,0.9849873345401293,6.6717258193442905,585,11.62876086770365,780,6.671704187004792,243
17,51,caught,46,2,False,0.2,0.9867014833299973,0.5146805933319989,4.152230402629309,414,9.145255200177283,552,4.152206174225177,117
17,52,escaped,90,2,True,0.9775,0.984090572229843,0.9801362288919373,15.996458496745676,810,13.035752654544885,1080,15.9964350087626,450
17,53,escaped,61,2,True,0.98475,0.9869208760806011,0.9856183504322404,2.816397481946771,549,15.392640775404297,732,2.8163725407589264,108
17,54,escaped,61,2,True,0.98475,0.985207502505668,0.9849330010022672,4.107407606457431,549,16.179672856425398,732,4.10738172794333,153
17,55,escaped,50,2,True,0.9875,0.9861283338532939,0.9869513335413176,7.764235856976978,450,6.293684900077961,600,7.76421072791682,189
17,56,escaped,65,2,True,0.9837500000000001,0.9825708482335928,0.9832783392934372,7.950924562036143,585,16.588244006213777,780,7.950913361449901,207
17,57,escaped,69,2,True,0.98275,0.9852745942409392,0.9837598376963756,7.817458437296408,621,13.96199402060939,828,7.817434684174697,180
17,58,escaped,61,2,True,0.98475,0.9860009260763792,0.9852503704305517,7.5133937925139005,549,10.476785834162234,732,7.513371525355661,171
17,59,escaped,84,2,True,0.9790000000000001,0.9900632212755468,0.9834252885102188,4.297716650109687,756,14.302257041684694,1008,4.297692553894383,234
17,60,escaped,24,2,True,0.9940000000000001,0.994762980382178,0.9943051921528713,0.013206344784204505,216,2.998914840153189,288,0.013183752494449983,18
17,61,escaped,108,2,True,0.9730000000000001,0.9852070488261887,0.9778828195304755,11.859496042009892,972,22.530668053172413,1296,11.859469700866144,360
17,62,escaped,35,2,True,0.9912500000000001,0.9862368659920318,0.9892447463968127,2.0169470558523113,315,8.87176982555689,420,2.016926483221921,81
17,63,escaped,41,2,True,0.9897500000000001,0.989226804147016,0.9895407216588066,1.3060847994084046,369,8.859378320124982,492,1.3060601560482146,90
18,0,escaped,55,2,True,0.9862500000000001,0.9875090717617957,0.9867536287047183,4.496844671042989,495,10.492232379705674,660,4.496844671042989,153
18,1,escaped,170,2,True,0.9575,0.9913557911893625,0.971042316475745,9.423311183268664,1530,22.70395703637634,2040,9.423311183268664,513
18,2,escaped,108,2,True,0.9730000000000001,0.9869210839870659,0.9785684335948264,9.637685056540436,972,21.05030356347131,1296,9.637685056540436,432
18,3,escaped,54,2,True,0.9865,0.9937101464362244,0.9893840585744897,1.0483925399635436,486,6.753793498701877,648,1.0483925399635436,99
18,4,escaped,24,2,True,0.9940000000000001,0.9776862200520933,0.9874744880208374,2.9356450974046977,216,8.938543786787989,288,2.9356450974046977,90
18,5,escaped,47,2,True,0.9882500000000001,0.9890017837465293,0.9885507134986117,2.1348651314723956,423,9.559501091951775,564,2.1348651314723956,99
18,6,escaped,26,2,True,0.9935,0.996641331929649,0.9947565327718596,0.017515372624860935,234,2.0724550457325464,312,0.017515372624860935,63
18,7,escaped,14,2,True,0.9965,0.9969476257765589,0.9966790503106235,0.0001562499999999989,126,1.0253894057428834,168,0.0001562499999999989,9
18,8,escaped,50,2,True,0.9875,0.9923602966282988,0.9894441186513196,2.3236480887432314,450,6.069446594383726,600,2.3236480887432314,162
18,9,escaped,72,2,True,0.9820000000000001,0.9840086089412473,0.982803443576499,11.685596151522946,648,12.052328880827332,864,11.685596151522946,315
18,10,escaped,53,2,True,0.98675,0.9908973283810417,0.9884089313524167,2.5546857109052357,477,8.172350684774687,636,2.5546857109052357,117
18,11,caught,19,2,False,0.2,0.9929491420274981,0.5171796568109992,0.9964786008772578,171,1.8865531009578684,228,0.9964786008772578,54
18,12,escaped,13,2,True,0.99675,0.993621688085118,0.9954986752340471,0.0,117,1.9900333174432043,156,0,0
18,13,caught,13,0,False,0.0,0.988138599409312,0.39525543976372485,1.2784839162766264,117,1.9961117625924825,156,1.2784839162766264,27
18,14,escaped,82,2,True,0.9795,0.9880286893471651,0.9829114757388661,7.0578578843491675,738,14.149062185646857,984,7.0578578843491675,243
18,15,escaped,70,2,True,0.9825,0.98681000211133,0.984224000844532,4.893003825826341,630,15.63519135186389,840,4.893003825826341,180
18,16,escaped,56,2,True,0.9860000000000001,0.988140465782002,0.9868561863128008,4.51090015934767,504,9.92468044319246,672,4.51090015934767,90
18,17,escaped,53,2,True,0.98675,0.9843215092254007,0.9857786036901603,7.498138619229219,477,9.945522106317993,636,7.498138619229219,288
18,18,escaped,83,2,True,0.9792500000000001,0.9889856202592964,0.9831442481037186,4.584786797076315,747,15.827595380713191,996,4.584786797076315,234
18,19,escaped,38,2,True,0.9905,0.9867139962555397,0.988985598502216,1.1339012516577482,342,10.604967079404105,456,1.1339012516577482,54
18,20,escaped,53,2,True,0.98675,0.9902209106207934,0.9881383642483174,3.2020543137026842,477,8.169595938747252,636,3.2020543137026842,180
18,21,escaped,20,2,True,0.9950000000000001,0.990297808576129,0.9931191234304517,0.009999999999999995,180,4.643718550124748,240,0.009999999999999995,18
18,22,escaped,37,2,True,0.99075,0.9941005395661412,0.9920902158264565,0.012082842255185286,333,5.222610408926332,444,0.012082842255185286,54
18,23,escaped,24,2,True,0.9940000000000001,0.9881299215423863,0.9916519686169546,4.065305559756971,216,1.4167577785761778,288,4.065305559756971,90
18,24,escaped,42,2,True,0.9895,0.9855635781186362,0.9879254312474545,1.9074588803609915,378,12.008634749266722,504,1.9074588803609915,162
18,25,escaped,76,2,True,0.9810000000000001,0.9835311675224097,0.9820124670089638,13.953507780619818,684,11.434473398298314,912,13.953507780619818,279
18,26,escaped,55,2,True,0.9862500000000001,0.9898008196489833,0.9876703278595933,3.8007110855527637,495,8.395303282605127,660,3.8007110855527637,135
18,27,escaped,58,2,True,0.9855,0.9833204733458502,0.9846281893383402,5.051631037238077,522,16.482393052925755,696,5.051631037238077,162
18,28,escaped,42,2,True,0.9895,0.9828126625115495,0.9868250650046199,5.730289850352276,378,9.684449721221675,504,5.730289850352276,207
18,29,escaped,33,2,True,0.99175,0.9889467208203733,0.9906286883281493,0.29142604005787104,297,8.36562905685383,396,0.29142604005787104,63
18,30,escaped,15,2,True,0.9962500000000001,0.9972792121597274,0.996661684863891,0.0,135,0.9794836224981628,180,0,0
18,31,escaped,29,2,True,0.99275,0.9868651056901772,0.9903960422760709,2.5965517274386425,261,5.679817469718528,348,2.5965517274386425,99
18,32,escaped,38,2,True,0.9905,0.9890200562532053,0.9899080225012822,2.1991535125863404,342,7.081504013628323,456,2.1991535125863404,63
18,33,caught,13,1,False,0.1,0.9833860165351181,0.4533544066140473,0.9853125,117,3.8698128410431445,156,0.9853125,9
18,34,escaped,8,2,True,0.9980000000000001,0.994261429565091,0.9965045718260364,0.01752994139736003,72,1.07843226830605,96,0.01752994139736003,27
18,35,escaped,24,2,True,0.9940000000000001,0.9946739487820673,0.9942695795128269,0.04027281943936565,216,3.0141084089434598,288,0.04027281943936565,45
18,36,escaped,87,2,True,0.9782500000000001,0.9890038974195833,0.9825515589678333,4.401209311339504,783,17.091583106124006,1044,4.401209311339504,270
18,37,escaped,99,2,True,0.9752500000000001,0.989895339139424,0.9811081356557696,3.851909144418243,891,18.872795345504446,1188,3.851909144418243,270
18,38,escaped,79,2,True,0.9802500000000001,0.988363454957792,0.9834953819831169,8.513586675016082,711,10.711440500005054,948,8.513586675016082,297
18,39,escaped,39,2,True,0.9902500000000001,0.986611172780765,0.9887944691123061,4.877109829174876,351,6.029129171637379,468,4.877109829174876,117
18,40,escaped,31,2,True,0.9922500000000001,0.98537386075146,0.9894995443005841,1.1906506657868399,279,9.294313379864569,372,1.1906506657868399,90
18,41,escaped,47,2,True,0.9882500000000001,0.9913768143002557,0.9895007257201023,0.4565759638171867,423,9.118185517555345,564,0.4565759638171867,144
18,42,escaped,66,2,True,0.9835,0.9848085892149747,0.9840234356859898,9.18812481850297,594,11.812361592142702,792,9.18812481850297,270
18,43,escaped,33,2,True,0.99175,0.9807930677379993,0.9873672270951998,3.600915083272771,297,10.410670240474161,396,3.600915083272771,72
18,44,escaped,62,2,True,0.9845,0.980404339621972,0.9828617358487888,6.637089841654481,558,20.30888952029967,744,6.637089841654481,198
18,45,escaped,45,2,True,0.98875,0.9849808874765443,0.9872423549906177,4.084007219563105,405,10.775298565914603,540,4.084007219563105,99
18,46,escaped,40,2,True,0.9900000000000001,0.9890304708771834,0.9896121883508735,3.7986350894041925,360,5.465901172031695,480,3.7986350894041925,108
18,47,escaped,120,2,True,0.9700000000000001,0.9839117485923435,0.9755646994369376,11.969461841505609,1080,30.3748815987098,1440,11.969461841505609,351
18,48,escaped,48,2,True,0.9880000000000001,0.9899249767177224,0.988769990687089,3.8118900117633916,432,6.523906805499338,576,3.8118900117633916,126
18,49,caught,25,1,False,0.1,0.9773929229417676,0.4509571691767071,4.82969723222655,225,7.124649925304068,300,4.82969723222655,117
18,50,escaped,48,2,True,0.9880000000000001,0.9915725036115308,0.9894290014446123,0.16188363618420382,432,9.49263099127086,576,0.16188363618420382,72
18,51,escaped,55,2,True,0.9862500000000001,0.987636019047838,0.9868044076191352,3.439685774873182,495,11.734207157022807,660,3.439685774873182,162
18,52,escaped,44,2,True,0.9890000000000001,0.9836157117243588,0.9868462846897436,5.165365898288399,396,10.414653888025938,528,5.165365898288399,153
18,53,escaped,44,2,True,0.9890000000000001,0.9904300922173018,0.9895720368869207,0.1603483594969642,396,9.892024805866704,528,0.1603483594969642,90
18,54,escaped,52,2,True,0.9870000000000001,0.9830734041632833,0.9854293616653134,5.054848274756148,468,14.384593904547595,624,5.054848274756148,153
18,55,escaped,39,2,True,0.9902500000000001,0.9901934175307789,0.9902273670123116,3.808459837780123,351,4.101014740817427,468,3.808459837780123,117
18,56,escaped,66,2,True,0.9835,0.9867039721686371,0.9847815888674548,3.0989725018485066,594,16.92894474908077,792,3.0989725018485066,180
18,57,escaped,47,2,True,0.9882500000000001,0.985697744511011,0.9872290978044044,3.9335654646050515,423,10.888190238772811,564,3.9335654646050515,126
18,58,escaped,47,2,True,0.9882500000000001,0.9889443657363162,0.9885277462945264,3.5393629744164756,423,7.75160481688001,564,3.5393629744164756,108
18,59,escaped,35,2,True,0.9912500000000001,0.9888146702594578,0.9902758681037831,3.1974007383945433,315,5.132475997529412,420,3.1974007383945433,108
18,60,escaped,24,2,True,0.9940000000000001,0.9947538066725243,0.9943015226690097,0.010312499999999992,216,3.008057356626,288,0.010312499999999992,9
18,61,escaped,47,2,True,0.9882500000000001,0.9869513256942157,0.9877305302776863,3.804784564191506,423,9.645858531336026,564,3.804784564191506,108
18,62,escaped,36,2,True,0.9910000000000001,0.9832521825944167,0.9879008730377667,4.1083220806390415,324,8.992351464238594,432,4.1083220806390415,135
18,63,escaped,74,2,True,0.9815,0.985969481336283,0.9832877925345131,5.0757088005455735,666,18.15058941270055,888,5.0757088005455735,288
19,0,escaped,57,2,True,0.9857500000000001,0.9866449536915665,0.9861079814766267,5.611610536634742,513,10.78755596775743,684,5.611596597171431,117
19,1,escaped,148,2,True,0.9630000000000001,0.9869252485292654,0.9725700994117061,19.87928629187611,1332,19.93580216821434,1776,19.87926135670055,576
19,2,caught,27,2,False,0.2,0.9809073909228944,0.5123629563691577,5.662304406637998,243,4.822271473113818,324,5.662292974170319,153
19,3,caught,17,0,False,0.0,0.9873075289211779,0.3949230115684712,0.9531701770635126,153,3.907634630741377,204,0.9531457374059398,9
19,4,escaped,98,2,True,0.9755,0.9819255174972406,0.9780702069988962,13.844175979032029,882,24.05228154111423,1176,13.84415353426155,387
19,5,escaped,55,2,True,0.9862500000000001,0.9878879700085385,0.9869051880034154,4.416710399291655,495,10.098932389673767,660,4.416692421825218,207
19,6,caught,49,2,False,0.2,0.9874925192197498,0.5149970076878999,4.1580287011385035,441,9.164759129389562,588,4.158003907932855,117
19,7,escaped,14,2,True,0.9965,0.9969054723119363,0.9966621889247745,0.0008824134078006826,126,1.0385847519790123,168,0.0008599012651411247,9
19,8,caught,46,2,False,0.2,0.9930956074118479,0.5172382429647392,3.4163268032042713,414,3.0673470130475637,552,3.4163086569119927,144
19,9,escaped,61,2,True,0.98475,0.98408606188592,0.984484424754368,6.9088910490181075,549,14.086150666988953,732,6.908866953091819,234
19,10,caught,25,1,False,0.1,0.9891641762265045,0.45566567049060186,3.1570633217873727,225,2.292076501714121,300,3.157039908833627,81
19,11,escaped,21,2,True,0.99475,0.9963094287211769,0.9953737714884707,0.014977449673763464,189,1.8400779916285162,252,0.014953854816282513,45
19,12,escaped,13,2,True,0.99675,0.9936610133715493,0.9955144053486198,2.2858737771928873e-05,117,1.9777333497595713,156,0,0
19,13,caught,22,0,False,0.0,0.9763405473923881,0.39053621895695523,6.898902194918692,198,3.2936547169274997,264,6.898880277635897,126
19,14,escaped,80,2,True,0.9800000000000001,0.987227890711783,0.9828911562847134,5.2603918915652805,720,17.508593977956302,960,5.260367417651026,378
19,15,escaped,71,2,True,0.9822500000000001,0.9832321573874967,0.9826428629549988,8.719933768164124,639,16.945825454153514,852,8.71990958431664,225
19,16,escaped,25,2,True,0.99375,0.9949964982247668,0.9942485992899066,0.00042431273859235415,225,3.001535314821797,300,0.00040035071967939805,9
19,17,escaped,52,2,True,0.9870000000000001,0.9877829482007972,0.9873131792803189,5.672751679905381,468,7.683211738864706,624,5.672730051456135,144
19,18,escaped,73,2,True,0.9817500000000001,0.9870598378103123,0.983873935124125,5.17583780795516,657,15.770047079059303,876,5.175814992906667,234
19,19,escaped,39,2,True,0.9902500000000001,0.9857908233803488,0.9884663293521396,2.130657042951384,351,10.45891325872494,468,2.1306320037190516,72
19,20,escaped,51,2,True,0.9872500000000001,0.9868501156809372,0.987090046272375,4.724495477926111,459,9.796131102631456,612,4.7244730628597535,171
19,21,caught,5,0,False,0.0,0.9662875587048658,0.38651502348194633,2.2927614174855435,45,0.9884777321020479,60,2.2927478765575113,27
19,22,escaped,41,2,True,0.9897500000000001,0.9949159054036809,0.9918163621614725,0.013926112499685209,369,4.984180932778446,492,0.013903118635794263,18
19,23,caught,12,1,False,0.1,0.9886945615530358,0.45547782462121433,0.9614104727735803,108,1.9740856423609152,144,0.9613879319359834,27
19,24,escaped,51,2,True,0.9872500000000001,0.988793516351217,0.9878674065404869,0.060819978544081894,459,13.635642681384928,612,0.06079639396484084,63
19,25,caught,66,0,False,0.0,0.9841227160429494,0.39364908641717977,11.388637468364417,594,9.96476783014887,792,11.388613004434164,324
19,26,caught,68,2,False,0.2,0.9874730439798486,0.5149892175919395,6.391296916405518,612,11.922263003013162,816,6.391274759632485,180
19,27,escaped,47,2,True,0.9882500000000001,0.9882735153547082,0.9882594061418832,1.8676802420704706,423,10.737234357128536,564,1.8676616754503974,108
19,28,escaped,30,2,True,0.9925,0.9837106266182742,0.9889842506473098,3.6400849565160396,270,6.874902226154473,360,3.640064731090838,117
19,29,escaped,34,2,True,0.9915,0.9879840154926068,0.9900936061970427,0.6557926634162047,306,8.930653140144516,408,0.655767835588742,72
19,30,escaped,15,2,True,0.9962500000000001,0.9971100084799208,0.9965940033919684,2.5111948599714188e-05,135,1.040363464630368,180,0,0
19,31,escaped,45,2,True,0.98875,0.9864609499293706,0.9878343799717482,4.362545069445294,405,8.805447317019333,540,4.362521912215203,180
19,32,escaped,41,2,True,0.9897500000000001,0.9897658815783874,0.9897563526313551,2.3402499134283863,369,6.950039308962291,492,2.340227796026755,63
19,33,escaped,34,2,True,0.9915,0.9873713155081835,0.9898485262032735,2.5833668941160264,306,6.860517353167604,408,2.5833420553186057,135
19,34,escaped,8,2,True,0.9980000000000001,0.9942026826235352,0.996481073049414,0.023201533661808955,72,1.0821495580654992,96,0.023183668811201687,36
19,35,escaped,20,2,True,0.9950000000000001,0.9955362529584012,0.9952145011833606,0.8112152382919365,180,1.060978262244841,240,0.8112033647064727,63
19,36,caught,40,1,False,0.1,0.9944961280145157,0.4577984512058063,0.9530822436540023,360,4.012940781192964,480,0.9530597739177957,9
19,37,escaped,94,2,True,0.9765,0.9918238850734348,0.9826295540293739,2.694224559178066,846,14.853015862093779,1128,2.69420888918703,549
19,38,escaped,79,2,True,0.9802500000000001,0.9931034291020016,0.9853913716408007,1.7312683155249948,711,10.767540668571744,948,1.7312434372863315,216
19,39,caught,19,0,False,0.0,0.9884498362709765,0.3953799345083906,1.0066076194520153,171,3.9247311678320425,228,1.0065845436538345,36
19,40,escaped,45,2,True,0.98875,0.9864584096048467,0.9878333638419386,1.2919547021831632,405,12.902311357188115,540,1.2919313118028735,99
19,41,escaped,43,2,True,0.9892500000000001,0.9881618666513219,0.9888147466605288,3.0924455181735153,387,8.093692924937791,516,3.092420201310762,99
19,42,escaped,21,2,True,0.99475,0.9935258966465155,0.9942603586586062,0.1633396507530069,189,3.0451618891521974,252,0.16332033308915006,63
19,43,caught,18,0,False,0.0,0.9813050503552911,0.39252202014211646,0.9878139509673499,162,6.759132978557762,216,0.9877886567807191,18
19,44,caught,26,0,False,0.0,0.9836370804787621,0.39345483219150484,2.541574649396353,234,6.821695582057324,312,2.541552145334487,45
19,45,escaped,45,2,True,0.98875,0.9888251663274565,0.9887800665309826,0.9923157642916682,405,10.74573268062474,540,0.9922937883644832,45
19,46,escaped,35,2,True,0.9912500000000001,0.9893391266448613,0.9904856506579446,3.6768841427262595,315,4.0526214280147554,420,3.676860692509884,108
19,47,escaped,48,2,True,0.9880000000000001,0.9851456589093264,0.9868582635637306,4.601796715987387,432,10.976471981806164,576,4.60177204289217,126
19,48,escaped,42,2,True,0.9895,0.9882214525918156,0.9889885810367263,4.578954975187212,378,5.767502487200219,504,4.578934936813397,81
19,49,escaped,56,2,True,0.9860000000000001,0.9845506849671067,0.9854202739868427,5.519924440487997,504,13.403980150224603,672,5.519901014730845,126
19,50,caught,47,2,False,0.2,0.9864075671682001,0.5145630268672801,5.11989816655036,423,8.505733345536514,564,5.119876600224524,126
19,51,escaped,53,2,True,0.98675,0.9891513642935604,0.9877105457174242,2.29366980761434,477,10.741238208438736,636,2.2936454826660753,117
19,52,caught,11,1,False,0.1,0.9803878183334059,0.4521551273333624,0.9824426929150835,99,3.867692369427379,132,0.9824208276359369,27
19,53,escaped,178,2,True,0.9555,0.9875931813631026,0.968337272545241,19.30144435291888,1602,27.266670079600544,2136,19.301419216495432,837
19,54,caught,29,1,False,0.1,0.9871413707264581,0.45485654829058325,2.051129500083579,261,6.214766640940381,348,2.0511039989551376,81
19,55,caught,38,1,False,0.1,0.9892034740577479,0.4556813896230992,4.0637461100630095,342,4.428103512583278,456,4.063721011931676,117
19,56,escaped,63,2,True,0.9842500000000001,0.9848782945564967,0.9845013178225988,4.6921822734888305,567,16.60777559925858,756,4.6921711052455475,198
19,57,escaped,69,2,True,0.98275,0.9853543251846799,0.983791730073872,7.723217353592732,621,13.95561435604649,828,7.723193603788564,180
19,58,escaped,65,2,True,0.9837500000000001,0.9848343652132832,0.9841837460853133,8.176150575676008,585,12.756856166376933,780,8.176128287279772,189
19,59,escaped,84,2,True,0.9790000000000001,0.9905869691469045,0.9836347876587619,3.485764360667727,756,14.328984385616915,1008,3.4857402629525405,225
19,60,escaped,24,2,True,0.9940000000000001,0.9947629826192348,0.994305193047694,0.01320536277901868,216,2.9989148609487266,288,0.013182773915373465,18
19,61,escaped,72,2,True,0.9820000000000001,0.986132517182352,0.9836530068729409,8.36562262602454,648,12.808846807529811,864,8.365596336163536,198
19,62,escaped,35,2,True,0.9912500000000001,0.9862351759838359,0.9892440703935343,2.0180430908821547,315,8.871728052401577,420,2.0180225211070515,81
19,63,escaped,41,2,True,0.9897500000000001,0.9893047693819916,0.9895719077527968,1.2693785019812318,369,8.831602258811955,492,1.2693538262193573,81
20,0,escaped,72,2,True,0.9820000000000001,0.9842079845196321,0.9828831938078529,8.357311505698918,648,16.145520742477157,864,8.357311505698918,252
20,1,timeout,200,2,False,0.2,0.9926235502915722,0.5170494201166289,3.310052479257456,1800,30.99355529477658,2400,3.310052479257456,252
20,2,escaped,86,2,True,0.9785,0.9875701699764015,0.9821280679905606,5.968701770278245,774,17.696900141669747,1032,5.968701770278245,207
20,3,caught,82,2,False,0.2,0.9880555784059541,0.5152222313623817,5.793293215174038,738,15.78223074351676,984,5.793293215174038,144
20,4,escaped,71,2,True,0.9822500000000001,0.985631333252593,0.9836025333010372,0.8706292407546126,639,23.323369149908643,852,0.8706292407546126,36
20,5,escaped,58,2,True,0.9855,0.9914883004717344,0.9878953201886939,1.010658455356799,522,10.500741136203224,696,1.010658455356799,90
20,6,escaped,73,2,True,0.9817500000000001,0.9895788343078393,0.9848815337231358,4.592145758692469,657,12.135021281075506,876,4.592145758692469,225
20,7,escaped,14,2,True,0.9965,0.9970077455357534,0.9967030982143014,0.0006250000000000011,126,1.0045641666535203,168,0.0006250000000000011,9
20,8,escaped,31,2,True,0.9922500000000001,0.9959935466518753,0.9937474186607502,0.2774811613864173,279,2.6108264091562017,372,0.2774811613864173,108
20,9,escaped,88,2,True,0.9780000000000001,0.9864133678222823,0.981365347128913,8.546902151034551,792,17.29909762462704,1056,8.546902151034551,234
20,10,escaped,140,2,True,0.9650000000000001,0.9879084793869364,0.9741633917547746,10.804021696147519,1260,26.222146998363645,1680,10.804021696147519,378
20,11,escaped,25,2,True,0.99375,0.9967242395179359,0.9949396958071743,0.08233401446162054,225,1.8556776032896787,300,0.08233401446162054,54
20,12,escaped,13,2,True,0.99675,0.9936653286265444,0.9955161314506178,0.0,117,1.976417468518127,156,0,0
20,13,escaped,130,2,True,0.9675,0.9906000530459669,0.9767400212183868,5.631523656877518,1170,21.819136287413368,1560,5.631523656877518,324
20,14,escaped,188,2,True,0.9530000000000001,0.9889278667739144,0.9673711467095658,4.9754159276108245,1692,43.323577212617124,2256,4.9754159276108245,306
20,15,escaped,162,2,True,0.9595,0.9886295223904565,0.9711518089561826,2.839829927154091,1458,40.42197704303279,1944,2.839829927154091,261
20,16,escaped,32,2,True,0.9920000000000001,0.9885640034096639,0.9906256013638657,0.0,288,8.782845381378138,384,0.0,9
20,17,escaped,187,2,True,0.95325,0.9864507741710098,0.9665303096684039,18.492860222035223,1683,36.151778557794195,2244,18.492860222035223,504
20,18,timeout,200,2,False,0.2,0.9902740264433448,0.516109610577338,6.424162025910054,1800,38.11912370406463,2400,6.424162025910054,234
20,19,escaped,63,2,True,0.9842500000000001,0.9894265990054265,0.9863206396021706,1.104120403089183,567,14.514821766342811,756,1.104120403089183,45
20,20,caught,67,1,False,0.1,0.9878271411952564,0.4551308564781026,3.249512179526213,603,15.241274051992807,804,3.249512179526213,135
20,21,escaped,44,2,True,0.9890000000000001,0.9870108754331762,0.9882043501732706,1.0609377750504863,396,12.30193184249855,528,1.0609377750504863,99
20,22,escaped,29,2,True,0.99275,0.9943136295286678,0.9933754518114671,0.013759130154648294,261,3.9393683411744096,348,0.013759130154648294,27
20,23,escaped,25,2,True,0.99375,0.9832414345664116,0.9895465738265645,5.879006698274296,225,2.216463662454017,300,5.879006698274296,81
20,24,escaped,62,2,True,0.9845,0.986810010361748,0.9854240041446992,2.138941671361718,558,16.774782353236695,744,2.138941671361718,126
20,25,escaped,40,2,True,0.9900000000000001,0.9937462178881957,0.9914984871552783,0.23001246823940724,360,5.696947536346246,480,0.23001246823940724,45
20,26,escaped,196,2,True,0.9510000000000001,0.9897709053437705,0.9665083621375082,10.635822423348785,1764,33.93656469843835,2352,10.635822423348785,369
20,27,escaped,127,2,True,0.96825,0.9868160205981871,0.9756764082392748,6.84158582736424,1143,31.062654780240052,1524,6.84158582736424,270
20,28,escaped,89,2,True,0.9777500000000001,0.9893057773710298,0.9823723109484119,4.876179555061163,801,16.341286795398943,1068,4.876179555061163,198
20,29,escaped,41,2,True,0.9897500000000001,0.9880997326245843,0.9890898930498339,1.7323099238781048,369,9.400116532238224,492,1.7323099238781048,81
20,30,escaped,49,2,True,0.9877500000000001,0.9932733167182786,0.9899593266873115,1.485361925921069,441,5.930096971409627,588,1.485361925921069,90
20,31,escaped,39,2,True,0.9902500000000001,0.9868854553208329,0.9889041821283333,3.2293863342150297,351,7.969365374080377,468,3.2293863342150297,81
20,32,escaped,41,2,True,0.9897500000000001,0.9909110363405306,0.9902144145362124,1.3321762633065508,369,7.16730522317589,492,1.3321762633065508,54
20,33,caught,130,2,False,0.2,0.9870391571847713,0.5148156628739086,7.268812289936634,1170,30.746079863598112,1560,7.268812289936634,207
20,34,escaped,8,2,True,0.9980000000000001,0.9943837781485859,0.9965535112594344,0.01573624335829006,72,1.057332937660451,96,0.01573624335829006,36
20,35,escaped,16,2,True,0.9960000000000001,0.9952980917339493,0.9957192366935798,0.9740467459445381,144,0.5068037795707494,192,0.9740467459445381,36
20,36,escaped,91,2,True,0.9772500000000001,0.9883609543437047,0.9816943817374819,6.292475153856666,819,17.02970884154005,1092,6.292475153856666,270
20,37,escaped,113,2,True,0.9717500000000001,0.991924225271282,0.9798196901085129,0.23359665470616897,1017,21.590038858008317,1356,0.23359665470616897,180
20,38,escaped,114,2,True,0.9715,0.9905134909174662,0.9791053963669865,7.73553686775234,1026,15.641039692809452,1368,7.73553686775234,189
20,39,timeout,200,2,False,0.2,0.990458267374894,0.5161833069499576,4.044426749133196,1800,40.40774760166464,2400,4.044426749133196,261
20,40,escaped,91,2,True,0.9772500000000001,0.9871602763254946,0.9812141105301979,3.4081733773869805,819,23.49772533527052,1092,3.4081733773869805,180
20,41,escaped,65,2,True,0.9837500000000001,0.9917465421586745,0.9869486168634699,1.713494916080901,585,10.590734344359829,780,1.713494916080901,81
20,42,escaped,21,2,True,0.99475,0.9935858832867137,0.9942843533146855,0.09674172778493306,189,3.103725853116387,252,0.09674172778493306,63
20,43,escaped,36,2,True,0.9910000000000001,0.9886988216375994,0.9900795286550398,0.3497919084293815,324,9.29782889387498,432,0.3497919084293815,54
20,44,escaped,142,2,True,0.9645,0.9864067998226449,0.973262719929058,8.206961526308202,1278,35.3830108360153,1704,8.206961526308202,297
20,45,escaped,67,2,True,0.9832500000000001,0.9869146626703574,0.9847158650681429,1.8508102746471269,603,18.57347539320246,804,1.8508102746471269,72
20,46,escaped,60,2,True,0.9850000000000001,0.9894197020800128,0.9867678808320053,3.9007427643996304,540,10.03463865224868,720,3.9007427643996304,117
20,47,escaped,117,2,True,0.9707500000000001,0.987155972305911,0.9773123889223645,3.7650165317196627,1053,31.04600772270909,1404,3.7650165317196627,108
20,48,escaped,58,2,True,0.9855,0.9925052797756082,0.9883021119102433,1.5525547461745575,522,8.362577557453955,696,1.5525547461745575,81
20,49,timeout,200,2,False,0.2,0.9851567728076807,0.5140627091230723,19.86761676308866,1800,44.757334839014824,2400,19.86761676308866,306
20,50,escaped,82,2,True,0.9795,0.9894853625701542,0.9834941450280617,5.196341466963762,738,13.76435117265159,984,5.196341466963762,198
20,51,escaped,71,2,True,0.9822500000000001,0.987331619438418,0.9842826477753672,4.1179341310198545,639,16.096341635575936,852,4.1179341310198545,252
20,52,timeout,200,2,False,0.2,0.9911060905790089,0.5164424362316036,8.792540871134307,1800,30.967377392578147,2400,8.792540871134307,387
20,53,escaped,54,2,True,0.9865,0.9879042962510698,0.9870617185004279,1.0877558587011733,486,14.225690913678669,648,1.0877558587011733,72
20,54,timeout,200,2,False,0.2,0.9878852446269358,0.5151540978507744,5.6283967970943,1800,50.646296727915384,2400,5.6283967970943,378
20,55,escaped,55,2,True,0.9862500000000001,0.9885057789437821,0.9871523115775129,5.914478572143493,495,7.286400364682898,660,5.914478572143493,144
20,56,escaped,70,2,True,0.9825,0.9816585346569775,0.982163413862791,10.272025520756191,630,17.117627748602906,840,10.272025520756191,225
20,57,escaped,34,2,True,0.9915,0.9850331673477426,0.988913266939097,3.4344603599742265,306,7.633654964276412,408,3.4344603599742265,90
20,58,escaped,165,2,True,0.9587500000000001,0.9896481826674411,0.9711092730669766,4.862148793191602,1485,34.51033157934427,1980,4.862148793191602,252
20,59,escaped,64,2,True,0.9840000000000001,0.9949086219016797,0.988363448760672,0.03967714211068267,576,7.767453902872343,768,0.03967714211068267,144
20,60,escaped,24,2,True,0.9940000000000001,0.9947557846118823,0.994302313844753,0.009428698979591844,216,3.0080964649163713,288,0.009428698979591844,18
20,61,escaped,48,2,True,0.9880000000000001,0.9882423648236858,0.9880969459294744,2.5345186678038556,432,10.165437499375555,576,2.5345186678038556,99
20,62,escaped,38,2,True,0.9905,0.9852310628485536,0.9883924251394215,3.368278725009452,342,8.978232382106523,456,3.368278725009452,108
20,63,escaped,192,2,True,0.9520000000000001,0.9875918949858571,0.9662367579943429,8.929775734328013,1728,45.270180259399844,2304,8.929775734328013,369
22,0,escaped,52,2,True,0.9870000000000001,0.9870554705019849,0.9870221882007941,3.9276318365156664,468,10.917930364835266,624,3.9276318365156664,144
22,1,caught,195,2,False,0.2,0.9846801646734441,0.5138720658693776,33.3668253797521,1755,27.20772882194539,2340,33.3668253797521,1224
22,2,escaped,72,2,True,0.9820000000000001,0.9849019338313136,0.9831607735325255,10.331074521178099,648,12.314692311252571,864,10.331074521178099,306
22,3,escaped,45,2,True,0.98875,0.994175267605504,0.9909201070422016,0.0909130865156652,405,6.169493537368082,540,0.0909130865156652,90
22,4,caught,14,2,False,0.2,0.9719322393866359,0.5087728957546543,2.32765625,126,6.3272258994237,168,2.32765625,54
22,5,escaped,53,2,True,0.98675,0.9895068483505445,0.9878527393402178,2.15859375,477,10.469163898107471,636,2.15859375,72
22,6,escaped,26,2,True,0.9935,0.9964198394354634,0.9946679357741853,0.07123996426238273,234,2.1390335732543444,312,0.07123996426238273,63
22,7,escaped,14,2,True,0.9965,0.997019795150905,0.996707918060362,0.0001562499999999989,126,1.0011404959625736,168,0.0001562499999999989,9
22,8,caught,16,0,False,0.0,0.9764404870447471,0.39057619481789885,5.624355521944062,144,1.547712278891697,192,5.624355521944062,99
22,9,escaped,61,2,True,0.98475,0.9803351027261057,0.9829840410904422,11.784234886176153,549,13.077096427413085,732,11.784234886176153,279
22,10,escaped,55,2,True,0.9862500000000001,0.9836049446377292,0.9851919778550917,10.036637301643532,495,8.259290009339367,660,10.036637301643532,234
22,11,escaped,24,2,True,0.9940000000000001,0.9939334104803678,0.9939733641921471,1.1231250000000002,216,1.9968555633081402,288,1.1231250000000002,72
22,12,escaped,26,2,True,0.9935,0.9942744329120353,0.9938097731648141,1.1468750000000003,234,2.0435871962232737,312,1.1468750000000003,36
22,13,escaped,66,2,True,0.9835,0.981844859156593,0.9828379436626372,12.262040589131406,594,12.40835564378141,792,12.262040589131406,333
22,14,escaped,55,2,True,0.9862500000000001,0.9883419376798378,0.9870867750719352,2.7582125678928366,495,11.711025505423631,660,2.7582125678928366,153
22,15,escaped,96,2,True,0.9760000000000001,0.9813810189138653,0.9781524075655461,14.036151961603217,864,24.18326314031659,1152,14.036151961603217,369
22,16,escaped,25,2,True,0.99375,0.9948556723093068,0.9941922689237227,0.0,225,3.086596614415891,300,0.0,9
22,17,escaped,57,2,True,0.9857500000000001,0.988536166006898,0.9868644664027593,3.5148542724420038,513,10.996052539307605,684,3.5148542724420038,207
22,18,escaped,73,2,True,0.9817500000000001,0.98442745149832,0.9828209805993281,8.774198914803664,657,15.58417308853838,876,8.774198914803664,306
22,19,escaped,38,2,True,0.9905,0.9864946418326273,0.988897856733051,0.9664062500000002,342,11.028344981977254,456,0.9664062500000002,54
22,20,escaped,47,2,True,0.9882500000000001,0.9884940867268461,0.9883476346907385,3.4572888786522746,423,8.36895166724787,564,3.4572888786522746,135
22,21,escaped,20,2,True,0.9950000000000001,0.9908568103350058,0.9933427241340025,0.009999999999999995,180,4.375397705863884,240,0.009999999999999995,18
22,22,escaped,38,2,True,0.9905,0.9940037392233465,0.9919014956893386,0.030624999999999993,342,5.42775649497463,456,0.030624999999999993,54
22,23,escaped,25,2,True,0.99375,0.9808464046777836,0.9885885618711134,6.9617051334411295,225,2.2098836820749774,300,6.9617051334411295,90
22,24,escaped,42,2,True,0.9895,0.98775287093464,0.988801148373856,0.9025803605760967,378,11.141665617114683,504,0.9025803605760967,144
22,25,escaped,51,2,True,0.9872500000000001,0.9894567230835635,0.9881326892334255,5.116509281861384,459,6.082958569903136,612,5.116509281861384,126
22,26,escaped,41,2,True,0.9897500000000001,0.9845063972395478,0.9876525588958193,4.5267830373334865,369,9.209994399840273,492,4.5267830373334865,135
22,27,escaped,40,2,True,0.9900000000000001,0.9886559885833298,0.989462395433332,1.4260937500000015,360,8.98879262667,480,1.4260937500000015,108
22,28,escaped,31,2,True,0.9922500000000001,0.9848284382626578,0.9892813753050631,3.8135484858361157,279,6.20291061813444,372,3.8135484858361157,135
22,29,escaped,33,2,True,0.99175,0.9880627373104817,0.9902750949241926,0.7256249999999997,297,8.486812050098507,396,0.7256249999999997,63
22,30,escaped,15,2,True,0.9962500000000001,0.9971849952206043,0.9966239980882418,0.0,135,1.0134017205824257,180,0,0
22,31,escaped,19,2,True,0.9952500000000001,0.9917602124920223,0.9938540849968089,0.37863599153161037,171,3.2524951149290033,228,0.37863599153161037,45
22,32,escaped,38,2,True,0.9905,0.9888586276224662,0.9898434510489866,2.640257951183432,342,6.640587673399562,456,2.640257951183432,63
22,33,escaped,35,2,True,0.9912500000000001,0.9864241998324372,0.9893196799329749,3.1273848992961963,315,7.233825608357754,420,3.1273848992961963,135
22,34,escaped,8,2,True,0.9980000000000001,0.9943166514342782,0.9965266605737113,0.02046874999999997,72,1.0639112579519276,96,0.02046874999999997,36
22,35,escaped,39,2,True,0.9902500000000001,0.9890460699224631,0.9897684279689853,2.1842627269447394,351,7.340528249981518,468,2.1842627269447394,99
22,36,escaped,60,2,True,0.9850000000000001,0.9906771620484,0.9872708648193601,4.337193408203122,540,7.64196210603325,720,4.337193408203122,207
22,37,escaped,93,2,True,0.97675,0.9869403483848781,0.9808261393539512,9.914582409667158,837,15.929699192062582,1116,9.914582409667158,459
22,38,escaped,77,2,True,0.98075,0.9882623068462816,0.9837549227385127,9.96107609130792,693,8.409822159661003,924,9.96107609130792,369
22,39,escaped,75,2,True,0.9812500000000001,0.9866594286811838,0.9834137714724736,7.124419550798638,675,14.513802306137677,900,7.124419550798638,252
22,40,escaped,38,2,True,0.9905,0.9816445558405584,0.9869578223362234,3.359609081756361,342,12.260686297735528,456,3.359609081756361,117
22,41,escaped,49,2,True,0.9877500000000001,0.9887195391638299,0.988137815665532,3.915624999999999,441,8.044988610002678,588,3.915624999999999,171
22,42,escaped,61,2,True,0.98475,0.9841373302056357,0.9845049320822543,9.825873485333872,549,10.121783931837607,732,9.825873485333872,288
22,43,escaped,42,2,True,0.9895,0.9775930063335514,0.9847372025334206,7.443225791359468,378,12.66194856063422,504,7.443225791359468,144
22,44,escaped,82,2,True,0.9795,0.9832273627213451,0.9809909450885381,8.718488766464596,738,21.38389847577323,984,8.718488766464596,369
22,45,escaped,42,2,True,0.9895,0.9831637885020018,0.9869655154008008,5.550872931693729,378,9.569737281057185,504,5.550872931693729,90
22,46,escaped,45,2,True,0.98875,0.9892532453485603,0.9889512981394241,4.710113656634092,405,5.326343481376134,540,4.710113656634092,207
22,47,escaped,53,2,True,0.98675,0.9751100408796047,0.9820940163518419,14.214917201299393,477,12.70680506607695,636,14.214917201299393,225
22,48,escaped,48,2,True,0.9880000000000001,0.990275963456551,0.9889103853826204,3.754677335384799,432,6.195853650873485,576,3.754677335384799,126
22,49,escaped,52,2,True,0.9870000000000001,0.9865997590636708,0.9868399036254685,3.2375884985764642,468,12.406716023770167,624,3.2375884985764642,207
22,50,escaped,48,2,True,0.9880000000000001,0.9909907577793868,0.9891963031117548,0.93671875,432,9.12968870481305,576,0.93671875,63
22,51,escaped,36,2,True,0.9910000000000001,0.9902278433488384,0.9906911373395354,1.2376275721898764,324,6.792973250350481,432,1.2376275721898764,99
22,52,escaped,43,2,True,0.9892500000000001,0.9817817476483994,0.9862626990593598,5.9060937499999975,387,10.926444760185086,516,5.9060937499999975,144
22,53,escaped,43,2,True,0.9892500000000001,0.9900535713850718,0.9895714285540287,0.3110837366534072,387,9.849936015068046,516,0.3110837366534072,117
22,54,escaped,49,2,True,0.9877500000000001,0.9842851389639048,0.986364055585562,3.4996874999999976,441,13.81442657844798,588,3.4996874999999976,153
22,55,escaped,39,2,True,0.9902500000000001,0.9871254765395661,0.9890001906158266,5.748437499999996,351,4.385970625632829,468,5.748437499999996,117
22,56,escaped,60,2,True,0.9850000000000001,0.9870657366976039,0.9858262946790417,3.512191626936195,540,13.942416986202177,720,3.512191626936195,171
22,57,escaped,34,2,True,0.9915,0.9817736442205827,0.987609457688233,4.707515571566923,306,8.59601888724865,408,4.707515571566923,117
22,58,escaped,41,2,True,0.9897500000000001,0.9889394824651152,0.9894257929860462,3.2877154348491113,369,6.499928674527864,492,3.2877154348491113,72
22,59,escaped,30,2,True,0.9925,0.9943658282335394,0.9932463312934158,0.04068519901848314,270,4.002356739827054,360,0.04068519901848314,99
22,60,escaped,33,2,True,0.99175,0.9922663327796193,0.9919565331118477,0.010156249999999993,297,6.111522771874892,396,0.010156249999999993,9
22,61,escaped,47,2,True,0.9882500000000001,0.9872160879379789,0.9878364351751916,4.034414477539062,423,9.041033502574432,564,4.034414477539062,108
22,62,escaped,35,2,True,0.9912500000000001,0.9905887346192251,0.9909854938476901,0.07171874999999989,315,7.809837919850861,420,0.07171874999999989,117
22,63,escaped,74,2,True,0.9815,0.9865939435456117,0.9835375774182447,5.636566207238597,666,16.293734653342234,888,5.636566207238597,306
23,0,escaped,60,2,True,0.9850000000000001,0.9867735312858602,0.9857094125143442,4.66035407473027,540,12.832309515387612,720,4.66035407473027,153
23,1,escaped,132,2,True,0.9670000000000001,0.9895537161934794,0.9760214864773918,12.310312551445469,1188,16.680077030463192,1584,12.310312551445469,432
23,2,escaped,106,2,True,0.9735,0.9820093989128288,0.9769037595651315,17.852159869000076,954,21.96520934043017,1272,17.852159869000076,531
23,3,escaped,50,2,True,0.9875,0.9937529166169329,0.9900011666467732,0.9443333540620416,450,6.237388920931124,600,0.9443333540620416,99
23,4,escaped,23,2,True,0.9942500000000001,0.9805028729937437,0.9887511491974975,2.098238970839417,207,7.964762146334219,276,2.098238970839417,81
23,5,escaped,51,2,True,0.9872500000000001,0.989264200120293,0.9880556800481173,2.001427586264141,459,10.472048937742526,612,2.001427586264141,81
23,6,escaped,26,2,True,0.9935,0.9963859515698366,0.9946543806279347,0.0174853546532775,234,2.231852414217619,312,0.0174853546532775,63
23,7,escaped,14,2,True,0.9965,0.9967893867196926,0.9966157546878771,0.00015625000000000003,126,1.0785577288499346,168,0.00015625000000000003,9
23,8,escaped,29,2,True,0.99275,0.99282820826209,0.992781283304836,1.3360154339334551,261,3.2102131376740943,348,1.3360154339334551,126
23,9,escaped,61,2,True,0.98475,0.9830080485328457,0.9840532194131383,9.622448334851951,549,12.046285834777864,732,9.622448334851951,261
23,10,caught,25,1,False,0.1,0.9791779815918625,0.45167119263674504,7.32998253833675,225,2.7199009937668444,300,7.32998253833675,126
23,11,caught,19,2,False,0.2,0.9926727713224508,0.5170691085289804,0.9965749937891174,171,2.0124496185769694,228,0.9965749937891174,54
23,12,escaped,13,2,True,0.99675,0.9930457193735538,0.9952682877494214,0.0,117,2.1697355554511994,156,0,0
23,13,escaped,47,2,True,0.9882500000000001,0.9856288585351712,0.9872015434140685,6.7605639919378655,423,7.196562249742981,564,6.7605639919378655,234
23,14,escaped,91,2,True,0.9772500000000001,0.9889014784043925,0.9819105913617571,6.2824872903934175,819,15.86252144428228,1092,6.2824872903934175,270
23,15,escaped,66,2,True,0.9835,0.9849409695325446,0.9840763878130179,5.953823870316029,594,15.915072433361303,792,5.953823870316029,180
23,16,escaped,54,2,True,0.9865,0.9876079195340192,0.9869431678136077,5.428731078845348,486,8.821828178784083,648,5.428731078845348,144
23,17,escaped,39,2,True,0.9902500000000001,0.9812461714683313,0.9866484685873326,8.360766731247603,351,6.40589453064509,468,8.360766731247603,216
23,18,escaped,73,2,True,0.9817500000000001,0.9864293699664741,0.9836217479865897,6.132002352421538,657,15.599740682175213,876,6.132002352421538,234
23,19,escaped,38,2,True,0.9905,0.9860290793358344,0.9887116317343339,1.1339184793556991,342,11.229588339911386,456,1.1339184793556991,54
23,20,escaped,53,2,True,0.98675,0.9909568916691606,0.9884327566676643,2.4363941153440134,477,8.254308309702443,636,2.4363941153440134,171
23,21,escaped,20,2,True,0.9950000000000001,0.9898725518808311,0.9929490207523326,0.009999999999999988,180,4.847841763867723,240,0.009999999999999988,18
23,22,escaped,37,2,True,0.99075,0.9939102042427279,0.9920140816970913,0.012082996170815834,333,5.391627970896495,444,0.012082996170815834,54
23,23,escaped,24,2,True,0.9940000000000001,0.9830731737521724,0.989629269500869,5.468559490876006,216,2.458439264247384,288,5.468559490876006,81
23,24,escaped,42,2,True,0.9895,0.9839138685131958,0.9872655474052784,2.9085226209175308,378,12.33679037747516,504,2.9085226209175308,180
23,25,escaped,51,2,True,0.9872500000000001,0.9893663071586425,0.9880965228634571,4.705183934308188,459,6.742061458743971,612,4.705183934308188,135
23,26,caught,22,2,False,0.2,0.9853028616167812,0.5141211446467124,2.0078402212387494,198,5.082968771354555,264,2.0078402212387494,27
23,27,escaped,40,2,True,0.9900000000000001,0.9885894025749656,0.9894357610299864,1.3976267588348459,360,9.090671182919833,480,1.3976267588348459,99
23,28,escaped,31,2,True,0.9922500000000001,0.9849460692539442,0.9893284277015777,3.1992312559869567,279,6.934482800416236,372,3.1992312559869567,135
23,29,escaped,33,2,True,0.99175,0.9885444282084893,0.9904677712833957,0.28920752506596814,297,8.687202825455168,396,0.28920752506596814,63
23,30,escaped,47,2,True,0.9882500000000001,0.9879514441087816,0.9881305776435126,5.122844964897855,423,6.7603110920972265,564,5.122844964897855,99
23,31,escaped,29,2,True,0.99275,0.9867419198854998,0.9903467679542,2.6022457823884695,261,5.757962716507531,348,2.6022457823884695,99
23,32,escaped,48,2,True,0.9880000000000001,0.9847154188354907,0.9866861675341962,5.801809226273183,432,9.872091866483762,576,5.801809226273183,171
23,33,escaped,35,2,True,0.9912500000000001,0.9855701755040431,0.9889780702016173,3.462579584330776,315,7.504279797496053,420,3.462579584330776,135
23,34,escaped,8,2,True,0.9980000000000001,0.9937797754250728,0.9963119101700291,0.016058017833093127,72,1.1728724279418914,96,0.016058017833093127,36
23,35,escaped,37,2,True,0.99075,0.9921987080586865,0.9913294832234747,0.9614410143995635,333,5.645625891353602,444,0.9614410143995635,81
23,36,escaped,52,2,True,0.9870000000000001,0.9907810760763464,0.9885124304305386,5.197062423953885,468,4.575800491447945,624,5.197062423953885,180
23,37,escaped,104,2,True,0.9740000000000001,0.9894686365537235,0.9801874546214895,5.12725128179323,936,19.449948119515213,1248,5.12725128179323,270
23,38,escaped,80,2,True,0.9800000000000001,0.9893076391707271,0.983723055668291,6.308406678162155,720,12.118123887987851,960,6.308406678162155,324
23,39,caught,19,1,False,0.1,0.9869830370810851,0.45479321483243407,1.8935917928960881,171,3.4109460338304056,228,1.8935917928960881,63
23,40,escaped,36,2,True,0.9910000000000001,0.9837809021261518,0.9881123608504607,1.8917772229281802,324,11.490930932434004,432,1.8917772229281802,99
23,41,escaped,47,2,True,0.9882500000000001,0.9916666076933501,0.9896166430773401,1.5384722001701465,423,7.3487702550075245,564,1.5384722001701465,135
23,42,escaped,61,2,True,0.98475,0.9848426463388419,0.9847870585355367,9.102767860840784,549,10.053341945481057,732,9.102767860840784,297
23,43,escaped,33,2,True,0.99175,0.9803417683507354,0.9871867073402941,3.6009956946928847,297,10.767991873293735,396,3.6009956946928847,72
23,44,escaped,64,2,True,0.9840000000000001,0.9815135198361981,0.9830054079344792,5.167944948902663,576,21.504640266396304,768,5.167944948902663,243
23,45,caught,24,2,False,0.2,0.9823681083819897,0.512947243352796,3.580071036306049,216,5.382541523565822,288,3.580071036306049,36
23,46,escaped,43,2,True,0.9892500000000001,0.9900013203756214,0.9895505281502486,3.581202870052721,387,5.543700212288423,516,3.581202870052721,162
23,47,escaped,56,2,True,0.9860000000000001,0.9845911804826922,0.985436472193077,5.184419359909845,504,13.79689428471515,672,5.184419359909845,198
23,48,escaped,48,2,True,0.9880000000000001,0.98906837503747,0.988427350014988,4.514707992678553,432,6.573621299929759,576,4.514707992678553,135
23,49,escaped,42,2,True,0.9895,0.9808870201307607,0.9860548080523043,6.632580875176865,378,10.422442541290708,504,6.632580875176865,216
23,50,escaped,40,2,True,0.9900000000000001,0.9864008926247004,0.9885603570498802,2.867578643167502,360,9.23170488939755,480,2.867578643167502,144
23,51,escaped,50,2,True,0.9875,0.9875590448318802,0.9875236179327521,2.8518884267484093,450,11.126628299412625,600,2.8518884267484093,144
23,52,escaped,85,2,True,0.97875,0.9873602508465158,0.9821941003386063,9.692169768194853,765,12.862195248847996,1020,9.692169768194853,333
23,53,escaped,43,2,True,0.9892500000000001,0.9875118112098035,0.9885547244839215,1.7682794644980366,387,10.530104878818749,516,1.7682794644980366,117
23,54,escaped,57,2,True,0.9857500000000001,0.9854123514265171,0.985614940570607,3.0023602670966576,513,15.952756225729052,684,3.0023602670966576,171
23,55,escaped,32,2,True,0.9920000000000001,0.9887716236841745,0.9907086494736699,3.200609588469383,288,4.355913559261523,384,3.200609588469383,108
23,56,escaped,61,2,True,0.98475,0.9842257181114995,0.9845402872445999,5.2843920809265175,549,16.047692576862776,732,5.2843920809265175,180
23,57,escaped,48,2,True,0.9880000000000001,0.9824980953586482,0.9857992381434593,7.214401989906588,432,10.542991493628561,576,7.214401989906588,144
23,58,escaped,41,2,True,0.9897500000000001,0.9882571230943578,0.9891528492377433,2.4688401478752136,369,8.263204011318354,492,2.4688401478752136,54
23,59,escaped,30,2,True,0.9925,0.9938065539815102,0.9930226215926041,0.038939046549604873,270,4.407362404579895,360,0.038939046549604873,99
23,60,escaped,34,2,True,0.9915,0.9917748212794154,0.9916099285117661,0.010156250000000002,306,6.698204169330326,408,0.010156250000000002,9
23,61,escaped,47,2,True,0.9882500000000001,0.9876085283188138,0.9879934113275255,3.504750994694479,423,9.30457873011873,564,3.504750994694479,108
23,62,escaped,37,2,True,0.99075,0.9837544311044327,0.9879517724417731,4.105027709401382,333,8.952694900061896,444,4.105027709401382,144
23,63,escaped,77,2,True,0.98075,0.9841855345908963,0.9821242138363586,6.680269306070858,693,20.318106334595925,924,6.680269306070858,288
24,0,escaped,55,2,True,0.9862500000000001,0.9887686708971516,0.9872574683588606,3.058077203116388,495,10.74791814493801,660,3.0580699289351285,81
24,1,escaped,131,2,True,0.96725,0.9848791551875952,0.9743016620750381,22.506366600926626,1179,17.531447288965385,1572,22.50635368926588,495
24,2,escaped,72,2,True,0.9820000000000001,0.9807873575765705,0.9815149430306283,15.735753502484997,648,12.218441437706062,864,15.735747483790638,459
24,3,escaped,57,2,True,0.9857500000000001,0.9907121850744144,0.9877348740297658,3.3179638135979572,513,8.28177906673711,684,3.317950795156363,207
24,4,escaped,47,2,True,0.9882500000000001,0.9801924560069913,0.9850269824027965,3.744375335648418,423,17.350409176582588,564,3.7443636265645495,72
24,5,escaped,85,2,True,0.97875,0.9899187714698133,0.9832175085879253,4.40636832412564,765,14.69054843607998,1020,4.406359452080512,342
24,6,escaped,73,2,True,0.9817500000000001,0.9878041628437142,0.9841716651374858,4.882178334619103,657,14.857535584987303,876,4.882165454089485,261
24,7,escaped,14,2,True,0.9965,0.99690650393131,0.996662601572524,0.0006162531461782747,126,1.0385930082182857,168,0.0006045820612989393,9
24,8,escaped,38,2,True,0.9905,0.9916788929875954,0.9909715571950382,4.079627018351812,342,2.1493469041773086,456,4.07961926796537,162
24,9,escaped,96,2,True,0.9760000000000001,0.9827658313499771,0.9787063325399908,14.215275370490293,864,20.753824075665854,1152,14.215262795735644,396
24,10,caught,25,1,False,0.1,0.9865977795641427,0.45463911182565714,4.328099220208043,225,2.270533301236995,300,4.328087135438603,90
24,11,escaped,25,2,True,0.99375,0.9967905522125373,0.994966220885015,0.044704121332502664,225,1.8660631773676337,300,0.044691780998356294,54
24,12,escaped,13,2,True,0.99675,0.9936610120360684,0.9955144048144273,1.1850692817835955e-05,117,1.9777484438229165,156,0,0
24,13,escaped,39,2,True,0.9902500000000001,0.9850086104371042,0.9881534441748417,5.506658561614328,351,6.689729215384676,468,5.506646633241766,144
24,14,escaped,79,2,True,0.9802500000000001,0.9851968901599243,0.9822287560639698,8.624276218919686,711,16.567661298223992,948,8.624263545227915,396
24,15,escaped,68,2,True,0.9830000000000001,0.9825859535817247,0.9828343814326899,9.75256459711253,612,15.416304291808535,816,9.752552250158413,225
24,16,escaped,25,2,True,0.99375,0.9950028907805669,0.9942511563122267,0.00021995642040504166,225,2.9979722564326297,300,0.0002075418846068168,9
24,17,escaped,77,2,True,0.98075,0.9853200889899675,0.982578035595987,8.634877688164357,693,15.61530529565426,924,8.63486655866301,306
24,18,escaped,86,2,True,0.9785,0.9882982424196056,0.9824192969678422,5.532552450360154,774,16.775691045453684,1032,5.532540494477499,207
24,19,escaped,38,2,True,0.9905,0.9867233801918762,0.9889893520767505,1.0806302582975822,342,10.667436920612134,456,1.080617226144939,45
24,20,escaped,53,2,True,0.98675,0.9882825435734184,0.9873630174293673,3.637694653178918,477,10.054345037039965,636,3.6376829759128317,153
24,21,escaped,61,2,True,0.98475,0.9781357558577259,0.9821043023430904,10.449042861865964,549,18.07719627513452,732,10.449033713542905,270
24,22,escaped,53,2,True,0.98675,0.9905225735571643,0.9882590294228657,4.141260931396098,477,6.5336051934255215,636,4.141249227166083,144
24,23,escaped,25,2,True,0.99375,0.9897436701184672,0.9921474680473868,3.0390380647262947,225,2.1017471759513096,300,3.039026084356119,72
24,24,escaped,56,2,True,0.9860000000000001,0.9873139768581538,0.9865255907432615,1.6840133751779722,504,14.804663935737375,672,1.6840021949796873,117
24,25,escaped,95,2,True,0.9762500000000001,0.9853961418965683,0.9799084567586274,13.30105178126849,855,15.56206076746613,1140,13.3010389320337,360
24,26,escaped,73,2,True,0.9817500000000001,0.9892269942374889,0.9847407976949957,3.7899855818957513,657,13.820991986725044,876,3.7899740772656667,180
24,27,escaped,53,2,True,0.98675,0.9859554827799202,0.9864321931119681,4.631553795957227,477,11.68922084266528,636,4.631544186912608,162
24,28,escaped,31,2,True,0.9922500000000001,0.9857243770689802,0.9896397508275921,2.5587572415267847,279,7.209387138643024,372,2.558746732246263,117
24,29,escaped,32,2,True,0.9920000000000001,0.9868045337545416,0.9899218135018167,1.7579986283917872,288,7.790119905323023,384,1.7579857631135372,54
24,30,escaped,15,2,True,0.9962500000000001,0.9971099748272139,0.9965939899308855,1.3038117342429008e-05,135,1.0403916780465479,180,0,0
24,31,escaped,18,2,True,0.9955,0.9921940681757784,0.9941776272703114,0.3018464897879446,162,2.9697005616797916,216,0.30183443834315093,36
24,32,escaped,41,2,True,0.9897500000000001,0.9908213297341857,0.9901785318936744,1.56399349850367,369,6.946486876889686,492,1.5639820387582466,63
24,33,escaped,50,2,True,0.9875,0.9857718785898641,0.9868087514359457,4.8358899435930836,450,10.625892434038942,600,4.835877036686825,216
24,34,escaped,8,2,True,0.9980000000000001,0.9942056147635289,0.9964822459054116,0.023692971261207594,72,1.080931337054178,96,0.023683709244031164,36
24,35,escaped,20,2,True,0.9950000000000001,0.9977010108554814,0.9960804043421927,0.0018093225884688354,180,1.1011023592509963,240,0.0018023804280669104,45
24,36,escaped,60,2,True,0.9850000000000001,0.9903784859158025,0.987151394366321,4.378744166689225,540,8.01665472565881,720,4.3787324584437375,144
24,37,escaped,74,2,True,0.9815,0.9872891184569463,0.9838156473827786,8.397403121191807,666,11.377988125540842,888,8.397392358632535,495
24,38,escaped,78,2,True,0.9805,0.9892201847706785,0.9839880739082715,7.196700120701523,702,10.584213948354533,936,7.196687402315163,360
24,39,caught,19,0,False,0.0,0.9884174273410745,0.3953669709364298,1.0067545462717766,171,3.9393137374409903,228,1.0067425818147395,36
24,40,caught,36,2,False,0.2,0.9865151868145057,0.5146060747258023,1.266693153896916,324,9.961954387071255,432,1.2666809784671555,81
24,41,escaped,86,2,True,0.9785,0.9852266027087506,0.9811906410835003,10.082039466195065,774,17.049572720878523,1032,10.082026304919339,360
24,42,escaped,21,2,True,0.99475,0.9935168838339695,0.9942567535335878,0.17097953068741506,189,3.0395178400961145,252,0.1709696015635472,72
24,43,escaped,37,2,True,0.99075,0.9839328710265283,0.9880231484106113,2.5921703431027794,333,10.811383404305843,444,2.5921570464281642,108
24,44,escaped,83,2,True,0.9792500000000001,0.9804247593257113,0.9797199037302846,12.34568968968709,747,22.53295983693372,996,12.345677625436458,252
24,45,escaped,46,2,True,0.9885,0.9888454286342888,0.9886381714537156,0.9984274155962767,414,10.983410233616754,552,0.9984160236602967,45
24,46,escaped,35,2,True,0.9912500000000001,0.9899238737307186,0.9907195494922875,3.302935262231225,315,4.060032383221475,420,3.3029241354922454,135
24,47,escaped,75,2,True,0.9812500000000001,0.9789316238225836,0.9803226495290335,13.443642644147975,675,19.99822026048549,900,13.443629575315974,288
24,48,escaped,44,2,True,0.9890000000000001,0.9911812832359934,0.9898725132943974,2.6543467613332314,396,5.773435887679984,528,2.6543363918972465,108
24,49,escaped,56,2,True,0.9860000000000001,0.9867140770767833,0.9862856308307133,3.367665051637269,504,13.366060339953602,672,3.3676528823557925,117
24,50,escaped,67,2,True,0.9832500000000001,0.9853555578714295,0.9840922231485718,9.006704445242564,603,11.53932368241807,804,9.006693297180563,234
24,51,caught,46,2,False,0.2,0.9863632062158679,0.5145452824863472,4.597421826062323,414,8.925124569598738,552,4.597409278849749,126
24,52,escaped,90,2,True,0.9775,0.9837223080262494,0.9799889232104998,16.56863239477154,810,13.068304803605871,1080,16.568620174872382,441
24,53,escaped,61,2,True,0.98475,0.9873412392844847,0.9857864957137938,2.306491536363297,549,15.457103639029999,732,2.3064786183980903,126
24,54,escaped,62,2,True,0.9845,0.9840456723903963,0.9843182689561585,4.2030523329160365,558,18.135969705868874,744,4.203038893309068,126
24,55,escaped,50,2,True,0.9875,0.9882746727164239,0.9878098690865695,5.7467283926033375,450,6.408088216820245,600,5.74671533967643,180
24,56,escaped,83,2,True,0.9792500000000001,0.9826082945281689,0.9805933178112676,11.245572140569552,747,19.65018111246157,996,11.245566324666742,324
24,57,escaped,69,2,True,0.98275,0.9851860786217524,0.983724431448701,7.922525312978514,621,13.968486718406675,828,7.922512937627051,171
24,58,escaped,58,2,True,0.9855,0.9868264305433894,0.9860305722173558,4.692590119409542,522,12.080821857722686,696,4.69257866787733,126
24,59,escaped,60,2,True,0.9850000000000001,0.9893533498225643,0.9867413399290258,5.2020621056516605,540,8.395093447971936,720,5.202049971228629,270
24,60,escaped,24,2,True,0.9940000000000001,0.9947618793316986,0.9943047517326795,0.012986796845250202,216,2.9998417758145988,288,0.012975085155758098,18
24,61,escaped,71,2,True,0.9822500000000001,0.9901140289731947,0.9853956115892779,1.5299688334634618,639,14.80573618505838,852,1.5299551991316789,153
24,62,escaped,35,2,True,0.9912500000000001,0.9862207453112052,0.989238298124482,2.0273982130164057,315,8.87137632123245,420,2.0273875482390533,81
24,63,escaped,41,2,True,0.9897500000000001,0.9891683533717485,0.9895173413486995,1.5725504434288164,369,8.561606357627754,492,1.5725376642768623,90
25,0,escaped,59,2,True,0.9852500000000001,0.9862423995761451,0.9856469598304581,5.557970921178751,531,12.070134305273463,708,5.557970921178751,180
25,1,escaped,131,2,True,0.96725,0.9876254243977345,0.9754001697590938,15.191061969251288,1179,18.6509164011877,1572,15.191061969251288,594
25,2,escaped,74,2,True,0.9815,0.987290980090238,0.9838163920360952,6.311352499361719,666,14.156082693921729,888,6.311352499361719,333
25,3,escaped,58,2,True,0.9855,0.9904446369903317,0.9874778547961327,3.7963958736541463,522,8.239204144586145,696,3.7963958736541463,189
25,4,escaped,43,2,True,0.9892500000000001,0.9822318972953678,0.9864427589181471,3.7392684231435105,387,13.350990760322457,516,3.7392684231435105,72
25,5,escaped,48,2,True,0.9880000000000001,0.9837503672209839,0.9863001468883936,6.142526814868106,432,10.529541208269176,576,6.142526814868106,171
25,6,escaped,91,2,True,0.9772500000000001,0.985718553480424,0.9806374213921697,8.055244375761491,819,20.450353364405146,1092,8.055244375761491,432
25,7,escaped,14,2,True,0.9965,0.997052767677713,0.9967211070710852,0.000625000000000001,126,0.989436726955103,168,0.000625000000000001,9
25,8,escaped,44,2,True,0.9890000000000001,0.9967970318478653,0.9921188127391461,0.16683369783312357,396,3.15988943821005,528,0.16683369783312357,135
25,9,escaped,73,2,True,0.9817500000000001,0.9848381244936181,0.9829852497974474,8.67840317643874,657,14.992401651929475,876,8.67840317643874,243
25,10,escaped,57,2,True,0.9857500000000001,0.9868475048372134,0.9861890019348853,6.789278048367995,513,8.940242651534708,684,6.789278048367995,216
25,11,escaped,25,2,True,0.99375,0.9968626382384348,0.9949950552953739,0.02215501139995432,225,1.85287704173921,300,0.02215501139995432,54
25,12,escaped,13,2,True,0.99675,0.9936640511687109,0.9955156204674844,0.0,117,1.9768160353621815,156,0,0
25,13,escaped,51,2,True,0.9872500000000001,0.9827411142129414,0.9854464456851766,10.26138803340957,459,7.443025492146888,612,10.26138803340957,207
25,14,escaped,79,2,True,0.9802500000000001,0.9887518172599621,0.9836507269039849,5.623512182550245,711,13.828538231711569,948,5.623512182550245,432
25,15,escaped,100,2,True,0.9750000000000001,0.9842181099823402,0.9786872439929362,12.614393811529766,900,21.05734429367732,1200,12.614393811529766,423
25,16,escaped,25,2,True,0.99375,0.9948280802935138,0.9941812321174055,0.0,225,3.103151823891715,300,0.0,9
25,17,escaped,59,2,True,0.9852500000000001,0.9876240738414991,0.9861996295365998,3.7658154430959057,531,12.503224182976092,708,3.7658154430959057,162
25,18,escaped,79,2,True,0.9802500000000001,0.9872771974989322,0.983060878999573,6.150852949300574,711,15.92129627629043,948,6.150852949300574,243
25,19,escaped,38,2,True,0.9905,0.9869303461517929,0.9890721384607173,0.9730376091957172,342,10.622140830637232,456,0.9730376091957172,54
25,20,escaped,54,2,True,0.9865,0.9904455776223543,0.9880782310489418,1.9930259445476897,486,9.725163475365244,648,1.9930259445476897,180
25,21,escaped,27,2,True,0.9932500000000001,0.9802996540888628,0.9880698616355451,3.410875905944766,243,8.217989609157215,324,3.410875905944766,72
25,22,escaped,38,2,True,0.9905,0.994135004446134,0.9919540017784536,0.024356844214790237,342,5.316400152839434,456,0.024356844214790237,54
25,23,escaped,26,2,True,0.9935,0.9830460678251811,0.9893184271300725,6.81049489621366,234,1.4985938154687477,312,6.81049489621366,99
25,24,escaped,49,2,True,0.9877500000000001,0.9885832061867785,0.9880832824747114,0.030903389650856032,441,13.384945004814002,588,0.030903389650856032,63
25,25,escaped,49,2,True,0.9877500000000001,0.9862488220319411,0.9871495288127765,7.5794734970832724,441,6.065420627659557,588,7.5794734970832724,171
25,26,escaped,69,2,True,0.98275,0.9859533771722071,0.9840313508688829,8.821594838220497,621,11.49908095186435,828,8.821594838220497,234
25,27,escaped,40,2,True,0.9900000000000001,0.9888718936294302,0.9895487574517722,1.4847263690038413,360,8.70334695707528,480,1.4847263690038413,108
25,28,escaped,32,2,True,0.9920000000000001,0.9851444995904594,0.9892577998361838,3.2107388008540156,288,7.128039246721878,384,3.2107388008540156,126
25,29,escaped,33,2,True,0.99175,0.989093990918903,0.9906875963675612,0.24320177599395118,297,8.313290157570151,396,0.24320177599395118,63
25,30,escaped,15,2,True,0.9962500000000001,0.9972623330340571,0.9966549332136229,0.0,135,0.9855601077394569,180,0,0
25,31,escaped,39,2,True,0.9902500000000001,0.9862192017696566,0.9886376807078627,3.677331452299425,351,7.995718540535539,468,3.677331452299425,81
25,32,escaped,39,2,True,0.9902500000000001,0.9890237277144152,0.9897594910857661,2.560039050552709,351,6.860405458570418,468,2.560039050552709,63
25,33,caught,27,1,False,0.1,0.9824911201191023,0.45299644804764094,4.0503511695970245,243,5.945285936692333,324,4.0503511695970245,117
25,34,escaped,8,2,True,0.9980000000000001,0.994506970459321,0.9966027881837285,0.016133966341670053,72,1.0331497166881376,96,0.016133966341670053,27
25,35,escaped,19,2,True,0.9952500000000001,0.9997995283984942,0.9970698113593978,0.0018591713541274185,171,0.08893615514779822,228,0.0018591713541274185,45
25,36,escaped,40,2,True,0.9900000000000001,0.9917914438135872,0.990716577525435,3.0738506025895775,360,3.7817464688369102,480,3.0738506025895775,144
25,37,escaped,94,2,True,0.9765,0.9894891097689986,0.9816956439075994,5.5750228998630265,846,16.279204494654998,1128,5.5750228998630265,549
25,38,escaped,91,2,True,0.9772500000000001,0.988657493548997,0.9818129974195988,10.250649466802376,819,11.10450146658747,1092,10.250649466802376,432
25,39,caught,19,0,False,0.0,0.9846865905559592,0.3938746362223837,2.299625697949675,171,3.9167471092163977,228,2.299625697949675,27
25,40,escaped,45,2,True,0.98875,0.9874947285216311,0.9882478914086524,1.4151511577589373,405,11.618824986293122,540,1.4151511577589373,99
25,41,escaped,48,2,True,0.9880000000000001,0.9886459472677882,0.9882583789071153,3.619510442248085,432,8.25385482451057,576,3.619510442248085,135
25,42,escaped,22,2,True,0.9945,0.993927408638047,0.9942709634552188,0.07600527473162125,198,3.1049878728023654,264,0.07600527473162125,81
25,43,escaped,39,2,True,0.9902500000000001,0.9848817569207049,0.988102702768282,1.0100582996230476,351,12.803931122722839,468,1.0100582996230476,72
25,44,escaped,86,2,True,0.9785,0.981859241114451,0.9798436964457804,11.434463976319837,774,22.19657437134672,1032,11.434463976319837,315
25,45,escaped,46,2,True,0.9885,0.9891069588181312,0.9887427835272524,0.9699864277191207,414,10.732602227824387,552,0.9699864277191207,36
25,46,escaped,73,2,True,0.9817500000000001,0.9903671681531797,0.985196867261272,3.6074379734050748,657,12.066804097755668,876,3.6074379734050748,198
25,47,escaped,78,2,True,0.9805,0.9817112903438595,0.9809845161375439,10.304844495988206,702,20.49667181497731,936,10.304844495988206,207
25,48,escaped,47,2,True,0.9882500000000001,0.9923696220932339,0.9898978488372936,1.7406422911025243,423,6.286209890695433,564,1.7406422911025243,126
25,49,escaped,27,2,True,0.9932500000000001,0.9834935878767178,0.9893474351506871,2.164826974672105,243,7.8097190896573965,324,2.164826974672105,45
25,50,escaped,49,2,True,0.9877500000000001,0.9909852096713783,0.9890440838685514,0.4747381836981995,441,9.968409181528227,588,0.4747381836981995,72
25,51,escaped,51,2,True,0.9872500000000001,0.9869544542256932,0.9871317816902774,3.624506807051595,459,11.135072285016037,612,3.624506807051595,153
25,52,caught,21,1,False,0.1,0.9793840651149679,0.4517536260459872,3.3363299524055554,189,5.941991245515438,252,3.3363299524055554,99
25,53,escaped,44,2,True,0.9890000000000001,0.9897573194512808,0.9893029277805123,1.0753179805171909,396,9.382513352091312,528,1.0753179805171909,81
25,54,escaped,50,2,True,0.9875,0.9822932070772419,0.9854172828308968,5.561160284295799,450,13.833271128248636,600,5.561160284295799,180
25,55,escaped,39,2,True,0.9902500000000001,0.9899846875182835,0.9901438750073135,4.027747213375229,351,4.004002865052963,468,4.027747213375229,108
25,56,escaped,63,2,True,0.9842500000000001,0.9867993767505105,0.9852697507002043,2.9907346913769866,567,15.971696098058782,756,2.9907346913769866,171
25,57,escaped,46,2,True,0.9885,0.9865795136872829,0.9877318054749131,3.7092774296846853,414,9.87051364966005,552,3.7092774296846853,108
25,58,escaped,43,2,True,0.9892500000000001,0.9877641197338245,0.9886556478935298,3.7412688976050648,387,7.639069904552983,516,3.7412688976050648,81
25,59,escaped,47,2,True,0.9882500000000001,0.9884805060765582,0.9883422024306233,4.19575073751476,423,7.399654828955943,564,4.19575073751476,135
25,60,escaped,24,2,True,0.9940000000000001,0.9948121936002938,0.9943248774401177,0.008906250000000006,216,2.9763014862307466,288,0.008906250000000006,9
25,61,escaped,47,2,True,0.9882500000000001,0.9877226069829925,0.988039042793197,3.621791143349662,423,9.019844465384892,564,3.621791143349662,108
25,62,escaped,35,2,True,0.9912500000000001,0.9841230120715478,0.9883992048286192,3.4005467295284424,315,8.802607553861872,420,3.4005467295284424,117
25,63,escaped,75,2,True,0.9812500000000001,0.9863138065741647,0.9832755226296659,6.729566914524834,675,15.662392280470515,900,6.729566914524834,315
26,0,escaped,55,2,True,0.9862500000000001,0.9887722364710273,0.9872588945884109,3.047632929602075,495,10.757137285441182,660,3.0476194074329177,81
26,1,escaped,131,2,True,0.96725,0.9848625715999167,0.9742950286399668,22.545297014533897,1179,17.53167887048315,1572,22.545028085642297,495
26,2,escaped,72,2,True,0.9820000000000001,0.9808365740424579,0.9815346296169832,15.680549003094445,648,12.207001383840096,864,15.680451595559536,459
26,3,escaped,57,2,True,0.9857500000000001,0.9907272870808622,0.9877409148323449,3.303343721779823,513,8.280612977674089,684,3.3032940346323465,207
26,4,escaped,47,2,True,0.9882500000000001,0.9802711000408629,0.9850584400163451,3.68498007818491,423,17.340892382993385,564,3.6844855274930977,72
26,5,escaped,72,2,True,0.9820000000000001,0.9897372110827627,0.9850948844331051,3.768587894404822,648,12.70931538977965,864,3.768563286993489,189
26,6,escaped,52,2,True,0.9870000000000001,0.9882896104916054,0.9875158441966423,3.996008940067547,468,9.286554186386429,624,3.9959728407301673,171
26,7,escaped,14,2,True,0.9965,0.9969065215179957,0.9966626086071984,0.000613376007450281,126,1.0385909352768308,168,0.000604354974478005,9
26,8,escaped,79,2,True,0.9802500000000001,0.9892519708351057,0.9838507883340424,9.010420922034719,711,8.3643687339266,948,9.010010647932747,207
26,9,escaped,96,2,True,0.9760000000000001,0.9828234390833827,0.978729375633353,14.135776641125045,864,20.72709416371962,1152,14.13554392068535,396
26,10,caught,25,1,False,0.1,0.9865691085050414,0.4546276434020166,4.335283650760441,225,2.2781566959612265,300,4.335274606007846,90
26,11,escaped,25,2,True,0.99375,0.996764761423321,0.9949559045693284,0.050806551336910234,225,1.8734010775581664,300,0.05079726563432496,54
26,12,escaped,13,2,True,0.99675,0.9936610541827656,0.9955144216731062,7.717043307513853e-06,117,1.9777408055860588,156,0,0
26,13,escaped,39,2,True,0.9902500000000001,0.9850113420104786,0.9881545368041915,5.50526575165497,351,6.689029542652061,468,5.5051256269409565,144
26,14,escaped,80,2,True,0.9800000000000001,0.9857809350116288,0.9823123740046515,9.41646856354304,720,14.7453133596153,960,9.416459377507255,396
26,15,escaped,68,2,True,0.9830000000000001,0.9826031459535232,0.9828412583814092,9.712076342268379,612,15.44223068082566,816,9.711445852621848,225
26,16,escaped,25,2,True,0.99375,0.9950029150467773,0.9942511660187109,0.0002158580827879412,225,2.9979631611565623,300,0.00020742282548476466,9
26,17,escaped,63,2,True,0.9842500000000001,0.9896313465553188,0.9864025386221276,2.975381160062784,567,11.710229128274202,756,2.9753443099411765,252
26,18,escaped,73,2,True,0.9817500000000001,0.9855608004860362,0.9832743201944145,7.184937776444891,657,15.717560513204651,876,7.184794036904149,243
26,19,escaped,38,2,True,0.9905,0.9867084775352678,0.9889833910141073,1.0907565017987344,342,10.667526485437492,456,1.0907464441970565,45
26,20,escaped,45,2,True,0.98875,0.9875132049947629,0.9882552819979051,3.2982346621132836,405,9.088092389504954,540,3.2982171215737397,144
26,21,escaped,61,2,True,0.98475,0.9776656063212227,0.9819162425284891,11.201678448843863,549,17.761981080604773,732,11.201643821187913,279
26,22,escaped,53,2,True,0.98675,0.9905679227518371,0.9882771691007348,4.115683108985982,477,6.510024781015253,636,4.1156431497414285,144
26,23,escaped,25,2,True,0.99375,0.9897704474896957,0.9921581789958782,3.0276617398102066,225,2.1008491864356857,300,3.0275450160291872,72
26,24,escaped,56,2,True,0.9860000000000001,0.987308434555517,0.9865233738222068,1.6901943485798843,504,14.803871492611952,672,1.690183655283674,117
26,25,escaped,95,2,True,0.9762500000000001,0.9853779531217236,0.9799011812486895,13.33052860819048,855,15.564228738216327,1140,13.329029159304614,360
26,26,escaped,73,2,True,0.9817500000000001,0.9892446926035495,0.98474787704142,3.7644815749791416,657,13.823989791942468,876,3.763646195611496,180
26,27,escaped,53,2,True,0.98675,0.9859345335864363,0.9864238134345745,4.644422968412435,477,11.698709320169772,636,4.643775725748001,162
26,28,escaped,31,2,True,0.9922500000000001,0.9857788330636693,0.9896615332254678,2.5438717053539626,279,7.188719260158092,372,2.5431224379547537,117
26,29,escaped,32,2,True,0.9920000000000001,0.9868479854968525,0.9899391941987411,1.7443303916866884,288,7.774973282835,384,1.744320770339005,54
26,30,escaped,15,2,True,0.9962500000000001,0.9971100047617546,0.9965940019047019,1.0063449499981985e-05,135,1.0403848678356642,180,0,0
26,31,escaped,18,2,True,0.9955,0.992195035608846,0.9941780142435385,0.3014358516643674,162,2.9698301480926927,216,0.30123230850689636,36
26,32,escaped,41,2,True,0.9897500000000001,0.9897513135794668,0.9897505254317869,2.3538769902064614,369,6.9462047841960946,492,2.3529089989205785,63
26,33,caught,27,1,False,0.1,0.9800564500872433,0.4520225800348973,5.253919331058278,243,5.918194568721958,324,5.253909096383891,126
26,34,escaped,8,2,True,0.9980000000000001,0.9942100686919699,0.996484027476788,0.023116810610324116,72,1.080844396994666,96,0.023109421136275673,36
26,35,escaped,20,2,True,0.9950000000000001,0.9977013543021384,0.9960805417208555,0.0016164005301179498,180,1.1011947342667745,240,0.0016107357619701962,45
26,36,escaped,60,2,True,0.9850000000000001,0.9904290117290941,0.9871716046916378,4.322072144672246,540,8.019460250541393,720,4.322061804934579,144
26,37,escaped,72,2,True,0.9820000000000001,0.9871517758273469,0.9840607103309389,8.162252223818307,648,11.31872840525349,864,8.162002847093666,477
26,38,escaped,78,2,True,0.9805,0.9900757852788439,0.9843303141115376,6.297724467759232,702,10.181164000991966,936,6.297688860507996,360
26,39,caught,19,0,False,0.0,0.9884102016554613,0.39536408066218454,1.0093539384395893,171,3.939142793856847,228,1.0093461440044538,36
26,40,caught,36,2,False,0.2,0.986520200337106,0.5146080801348424,1.2671256764277312,324,9.9570460068368,432,1.266864800402108,81
26,41,escaped,86,2,True,0.9785,0.9852559924259433,0.9812023969703774,10.046801576605311,774,17.035896197379174,1032,10.046657683142048,360
26,42,escaped,19,2,True,0.9952500000000001,0.9920451021795296,0.9939680408718119,0.4475324170588531,171,3.0307235167227025,228,0.44747490424448494,81
26,43,escaped,37,2,True,0.99075,0.9839268055127918,0.9880207222051167,2.5764678894373194,333,10.83770618539111,444,2.576401238228545,108
26,44,escaped,83,2,True,0.9792500000000001,0.9804546462965207,0.9797318585186083,12.290197879140411,747,22.54741407181025,996,12.289442199575303,252
26,45,escaped,46,2,True,0.9885,0.9888551571821703,0.988642062872868,0.9990061858522526,414,10.971898223080977,552,0.9989982030693753,45
26,46,escaped,35,2,True,0.9912500000000001,0.9899332816163261,0.9907233126465305,3.297955278820951,315,4.058769737191491,420,3.2979459816055217,135
26,47,escaped,75,2,True,0.9812500000000001,0.9789524609787712,0.9803309843915085,13.404009598573715,675,20.013557440113498,900,13.403950666117124,288
26,48,escaped,44,2,True,0.9890000000000001,0.9911808217108892,0.9898723286843557,2.651358486052395,396,5.777907625231188,528,2.6508997503373424,108
26,49,escaped,56,2,True,0.9860000000000001,0.9867433131658628,0.9862973252663452,3.3347698048904593,504,13.370627365226461,672,3.334761629583859,117
26,50,escaped,67,2,True,0.9832500000000001,0.9853895792035597,0.984105831681424,8.97237790534059,603,11.530386100221895,804,8.972020042534082,234
26,51,caught,46,2,False,0.2,0.9863790961730231,0.5145516384692093,4.575373738981978,414,8.936979506339846,552,4.575311702368943,126
26,52,escaped,90,2,True,0.9775,0.9839660331582047,0.9800864132632819,16.156392352562058,810,13.091511908195075,1080,16.156281590509725,441
26,53,escaped,61,2,True,0.98475,0.9873541989782261,0.9857916795912904,2.5775892329245043,549,15.076667051977672,732,2.5775268950854193,117
26,54,escaped,62,2,True,0.9845,0.9840275264074267,0.9843110105629707,4.226212130763657,558,18.132091198064064,744,4.226056442916345,126
26,55,escaped,50,2,True,0.9875,0.9883131126490756,0.9878252450596303,5.7303495809879275,450,6.383798713125286,600,5.730335847676871,180
26,56,escaped,83,2,True,0.9792500000000001,0.9826391357833357,0.9806056543133344,11.204009924830245,747,19.644161619821475,996,11.202485371521346,324
26,57,escaped,69,2,True,0.98275,0.9852101826280927,0.9837340730512372,7.88753228787648,621,13.975227850709869,828,7.887189981151074,171
26,58,escaped,58,2,True,0.9855,0.9868303414254764,0.9860321365701906,4.689919403777733,522,12.078938864033095,696,4.689507068717974,126
26,59,escaped,67,2,True,0.9832500000000001,0.9880743601140097,0.9851797440456038,6.686366117733224,603,10.261274113027985,804,6.686358020292645,288
26,60,escaped,24,2,True,0.9940000000000001,0.9947613631024111,0.9943045452409645,0.013149613735395188,216,2.999922034697321,288,0.013004317004210052,18
26,61,escaped,71,2,True,0.9822500000000001,0.9901316087300318,0.9854026434920128,1.5152161910420243,639,14.795450469303109,852,1.5151256874156955,153
26,62,escaped,35,2,True,0.9912500000000001,0.9862051492287329,0.9892320596914932,2.036890368269986,315,8.871820823504322,420,2.036403683999669,81
26,63,escaped,41,2,True,0.9897500000000001,0.989183752727007,0.9895235010908029,1.560368192067109,369,8.562696393868995,492,1.560342656257166,81
27,0,escaped,56,2,True,0.9860000000000001,0.986856844977704,0.9863427379910816,5.593964727261901,504,10.20578071361662,672,5.593964727261901,162
27,1,caught,126,2,False,0.2,0.9888298205876311,0.5155319282350525,12.023883919903515,1134,17.746777316465526,1512,12.023883919903515,567
27,2,escaped,74,2,True,0.9815,0.9857117070925692,0.9831846828370276,8.606468837058108,666,13.90071642085305,888,8.606468837058108,369
27,3,escaped,58,2,True,0.9855,0.990436248015337,0.9874744992061348,3.8259611078770677,522,8.211461285481418,696,3.8259611078770677,189
27,4,escaped,43,2,True,0.9892500000000001,0.9818111807673555,0.9862744723069423,4.020949852070526,387,13.409594978661715,516,4.020949852070526,72
27,5,escaped,45,2,True,0.98875,0.9862292203757685,0.9877416881503074,3.371548953392051,405,10.377043389647259,540,3.371548953392051,162
27,6,escaped,91,2,True,0.9772500000000001,0.9858434903914219,0.9806873961565689,7.84517375834162,819,20.457585307345617,1092,7.84517375834162,432
27,7,escaped,14,2,True,0.9965,0.9970528509353768,0.9967211403741507,0.000625000000000001,126,0.9894087523800694,168,0.000625000000000001,9
27,8,escaped,44,2,True,0.9890000000000001,0.9967945953906345,0.9921178381562539,0.16845922356960943,396,3.160294969397133,528,0.16845922356960943,135
27,9,escaped,81,2,True,0.9797500000000001,0.9878200547552196,0.9829780219020879,5.84243789894801,729,15.887896357255794,972,5.84243789894801,270
27,10,escaped,63,2,True,0.9842500000000001,0.9916280964633426,0.987201238585337,1.9091871879099849,567,10.112735230212738,756,1.9091871879099849,144
27,11,escaped,25,2,True,0.99375,0.9968560458571718,0.9949924183428687,0.025416000340163107,225,1.852484485243364,300,0.025416000340163107,54
27,12,escaped,13,2,True,0.99675,0.9936640511687109,0.9955156204674844,0.0,117,1.9768160353621815,156,0,0
27,13,escaped,51,2,True,0.9872500000000001,0.9824429367220583,0.9853271746888234,11.011487269006384,459,6.8078624268587875,612,11.011487269006384,234
27,14,escaped,80,2,True,0.9800000000000001,0.9882053545381027,0.9832821418152411,6.848423037207221,720,13.514488570566517,960,6.848423037207221,423
27,15,escaped,100,2,True,0.9750000000000001,0.9819913719076793,0.9777965487630718,15.495030884863347,900,22.56066624175193,1200,15.495030884863347,450
27,16,escaped,25,2,True,0.99375,0.9948280802935138,0.9941812321174055,0.0,225,3.103151823891715,300,0.0,9
27,17,escaped,59,2,True,0.9852500000000001,0.987416885098116,0.9861167540392465,3.8286939551936556,531,12.71276542747615,708,3.8286939551936556,162
27,18,escaped,77,2,True,0.98075,0.9874130968290595,0.9834152387316238,5.803820693020048,693,15.522169469204627,924,5.803820693020048,315
27,19,escaped,38,2,True,0.9905,0.9869139682401672,0.989065587296067,0.9927207331523997,342,10.610833320764351,456,0.9927207331523997,54
27,20,escaped,54,2,True,0.9865,0.9904967362023666,0.9880986944809467,1.943434532868479,486,9.724983837908306,648,1.943434532868479,180
27,21,escaped,27,2,True,0.9932500000000001,0.9801120174978292,0.9879948069991317,3.467090600801722,243,8.264625193671073,324,3.467090600801722,72
27,22,escaped,38,2,True,0.9905,0.994151095244161,0.9919604380976645,0.025482355934461996,342,5.3002246627459035,456,0.025482355934461996,54
27,23,escaped,24,2,True,0.9940000000000001,0.983049107912125,0.9896196431648501,6.325564320234708,216,1.329628082303066,288,6.325564320234708,90
27,24,escaped,49,2,True,0.9877500000000001,0.9885825976376675,0.988083039055067,0.030723663393563735,441,13.3859002935782,588,0.030723663393563735,63
27,25,caught,66,0,False,0.0,0.9837220056755606,0.39348880227022426,11.821032605476452,594,10.022966202610135,792,11.821032605476452,351
27,26,escaped,69,2,True,0.98275,0.9862962900027846,0.9841685160011139,8.347497191152483,621,11.563347500518656,828,8.347497191152483,234
27,27,escaped,40,2,True,0.9900000000000001,0.9889823683581856,0.9895929473432743,1.4121673112767246,360,8.694036627772823,480,1.4121673112767246,108
27,28,escaped,32,2,True,0.9920000000000001,0.985135129817013,0.9892540519268053,3.1680236020099013,288,7.19218883118749,384,3.1680236020099013,126
27,29,escaped,33,2,True,0.99175,0.9891382082740733,0.9907052833096293,0.22134031564473683,297,8.307418626074316,396,0.22134031564473683,63
27,30,escaped,15,2,True,0.9962500000000001,0.9972623330340571,0.9966549332136229,0.0,135,0.9855601077394569,180,0,0
27,31,escaped,39,2,True,0.9902500000000001,0.9860536939762081,0.9885714775904834,3.725020079614919,351,8.087048998782652,468,3.725020079614919,81
27,32,escaped,39,2,True,0.9902500000000001,0.9887370449598338,0.9896448179839337,2.7457319280950143,351,6.881150013468815,468,2.7457319280950143,63
27,33,caught,27,1,False,0.1,0.982870272572036,0.4531481090288144,3.859005825677721,243,5.954722272417102,324,3.859005825677721,117
27,34,escaped,8,2,True,0.9980000000000001,0.9944675238634584,0.9965870095453834,0.014811472427038747,72,1.042486788313276,96,0.014811472427038747,27
27,35,escaped,19,2,True,0.9952500000000001,0.9998039849268782,0.9970715939707513,0.0016151441670459166,171,0.08722934778748077,228,0.0016151441670459166,45
27,36,escaped,41,2,True,0.9897500000000001,0.9924946251001319,0.9908478500400528,2.9355829907078808,369,3.471178247193119,492,2.9355829907078808,162
27,37,escaped,95,2,True,0.9762500000000001,0.9900999349795183,0.9817899739918073,4.750653588101407,855,16.23794346256309,1140,4.750653588101407,522
27,38,escaped,96,2,True,0.9760000000000001,0.9888576624880014,0.9811430649952007,10.873920571016816,864,11.173384866288808,1152,10.873920571016816,468
27,39,caught,19,0,False,0.0,0.9847883955446821,0.3939153582178729,2.266155975125788,171,3.9149503314572445,228,2.266155975125788,27
27,40,escaped,45,2,True,0.98875,0.9875223788735368,0.9882589515494147,1.3750407640098232,405,11.642443131233854,540,1.3750407640098232,99
27,41,escaped,48,2,True,0.9880000000000001,0.9886603768349378,0.9882641507339751,3.617490414115318,432,8.239925333997864,576,3.617490414115318,135
27,42,escaped,22,2,True,0.9945,0.9939324632932872,0.9942729853173149,0.07793191264785874,198,3.099750164280515,264,0.07793191264785874,81
27,43,escaped,39,2,True,0.9902500000000001,0.9849533972680489,0.9881313589072196,1.0106263269369036,351,12.736118387857037,468,1.0106263269369036,72
27,44,escaped,84,2,True,0.9790000000000001,0.9804431801994897,0.979577272079796,14.10628075366837,756,20.618174379604206,1008,14.10628075366837,342
27,45,escaped,46,2,True,0.9885,0.9891018398289504,0.9887407359315801,0.9714574728660099,414,10.736292198350798,552,0.9714574728660099,36
27,46,escaped,73,2,True,0.9817500000000001,0.9905095829071799,0.9852538331628721,3.434590327219773,657,12.047756976994302,876,3.434590327219773,198
27,47,escaped,80,2,True,0.9800000000000001,0.9802334718443106,0.9800933887377243,12.17553909000642,720,21.717681938914943,960,12.17553909000642,234
27,48,escaped,50,2,True,0.9875,0.9924987494036052,0.9894994997614421,1.945287745937191,450,6.407783721090867,600,1.945287745937191,135
27,49,escaped,27,2,True,0.9932500000000001,0.9836046297286408,0.9893918518914564,2.1303070089402816,243,7.78379059058703,324,2.1303070089402816,45
27,50,escaped,49,2,True,0.9877500000000001,0.9910884680440666,0.9890853872176266,0.4206545635134248,441,9.919088828826437,588,0.4206545635134248,72
27,51,escaped,51,2,True,0.9872500000000001,0.9866848924536867,0.9870239569814747,3.768719403692773,459,11.272732431763748,612,3.768719403692773,153
27,52,caught,21,1,False,0.1,0.9795058899780225,0.451802355991209,3.2905047122624267,189,5.941691834726759,252,3.2905047122624267,99
27,53,escaped,44,2,True,0.9890000000000001,0.9897732074702611,0.9893092829881045,1.0703801034046303,396,9.372319440198119,528,1.0703801034046303,81
27,54,escaped,50,2,True,0.9875,0.9828895631323213,0.9856558252529286,5.068278859835772,450,13.774819094766734,600,5.068278859835772,180
27,55,escaped,39,2,True,0.9902500000000001,0.990034053610944,0.9901636214443776,3.9938649114909905,351,4.002972604835155,468,3.9938649114909905,108
27,56,escaped,63,2,True,0.9842500000000001,0.9868660310714965,0.9852964124285987,2.8966943418092366,567,15.996301897484988,756,2.8966943418092366,171
27,57,escaped,43,2,True,0.9892500000000001,0.986313544900719,0.9880754179602876,4.6777814905888855,387,7.887379675006167,516,4.6777814905888855,126
27,58,escaped,43,2,True,0.9892500000000001,0.9873531515350241,0.9884912606140097,3.88963282957944,387,7.865370509749205,516,3.88963282957944,81
27,59,escaped,47,2,True,0.9882500000000001,0.9883437662036674,0.9882875064814669,4.396404905510172,423,7.286358514916355,564,4.396404905510172,135
27,60,escaped,24,2,True,0.9940000000000001,0.9948136556926938,0.9943254622770776,0.008906250000000006,216,2.975459321008378,288,0.008906250000000006,9
27,61,escaped,47,2,True,0.9882500000000001,0.9875703209722391,0.9879781283888956,3.7048260150589645,423,9.08090992323567,564,3.7048260150589645,108
27,62,escaped,35,2,True,0.9912500000000001,0.9841776954301096,0.9884210781720438,3.371932367745119,315,8.794826015047748,420,3.371932367745119,117
27,63,escaped,75,2,True,0.9812500000000001,0.9862460538518351,0.983248421540734,6.06610889295244,675,16.668957876093724,900,6.06610889295244,306
28,0,escaped,56,2,True,0.9860000000000001,0.9858304852243585,0.9859321940897434,6.299369178841992,504,10.64466895333962,672,6.299369178841992,126
28,1,escaped,132,2,True,0.9670000000000001,0.9870960129309247,0.97503840517237,17.334292054197533,1188,17.767441629233833,1584,17.334292054197533,486
28,2,caught,27,2,False,0.2,0.9850079712959451,0.514003188518378,4.244403654957151,243,4.055629726951411,324,4.244403654957151,171
28,3,caught,17,0,False,0.0,0.9871796578662814,0.39487186314651257,0.9884845901903405,153,3.9127201369700746,204,0.9884845901903405,9
28,4,escaped,36,2,True,0.9910000000000001,0.9809632438848022,0.9869852975539208,2.604758890215661,324,12.974745429910017,432,2.604758890215661,108
28,5,escaped,61,2,True,0.98475,0.9901108712921658,0.9868943485168663,1.7180864090013737,549,12.186902549600754,732,1.7180864090013737,189
28,6,escaped,69,2,True,0.98275,0.9852505907171708,0.9837502362868684,7.000465741755477,621,15.091067450024473,828,7.000465741755477,216
28,7,escaped,14,2,True,0.9965,0.9969216859465602,0.996668674378624,0.0001513945818256426,126,1.0341116625133604,168,0.0001513945818256426,9
28,8,caught,48,2,False,0.2,0.9939808671516949,0.517592346860678,2.139531590922931,432,4.081332253350284,576,2.139531590922931,135
28,9,escaped,73,2,True,0.9817500000000001,0.981004205098684,0.9814516820394736,13.974678792468758,657,14.64772761048058,876,13.974678792468758,351
28,10,escaped,52,2,True,0.9870000000000001,0.9866723290845015,0.9868689316338006,6.407306211645822,468,8.089858353680933,624,6.407306211645822,216
28,11,escaped,25,2,True,0.99375,0.99675738697852,0.994952954791408,0.03509883521540167,225,1.8987693659341485,300,0.03509883521540167,54
28,12,escaped,13,2,True,0.99675,0.9936651174087928,0.9955160469635171,0.0,117,1.9764833684566263,156,0,0
28,13,escaped,74,2,True,0.9815,0.9837700184139376,0.982408007365575,11.15247700986314,666,13.95447795036263,888,11.15247700986314,252
28,14,escaped,55,2,True,0.9862500000000001,0.9910067868252308,0.9881527147300924,1.1178452385812743,495,10.380581072587013,660,1.1178452385812743,171
28,15,escaped,67,2,True,0.9832500000000001,0.9848654839424931,0.9838961935769972,6.022202235714202,603,16.30669883951891,804,6.022202235714202,225
28,16,escaped,25,2,True,0.99375,0.9950049770717547,0.9942519908287019,0.0,225,2.9970137569471937,300,0.0,9
28,17,escaped,63,2,True,0.9842500000000001,0.9840335046812875,0.984163401872515,9.491185585190529,567,11.486426808305888,756,9.491185585190529,315
28,18,escaped,72,2,True,0.9820000000000001,0.9882377039397026,0.9844950815758811,3.3500504070516546,648,15.858513716125161,864,3.3500504070516546,198
28,19,escaped,38,2,True,0.9905,0.9867166009698142,0.9889866403879257,1.0811221449769521,342,10.67296372222689,456,1.0811221449769521,54
28,20,escaped,47,2,True,0.9882500000000001,0.9874007306486753,0.9879102922594701,4.038229563225887,423,8.827669743993072,564,4.038229563225887,144
28,21,caught,72,2,False,0.2,0.9794715626758448,0.511788625070338,11.349784739410952,648,20.34009337692569,864,11.349784739410952,315
28,22,escaped,55,2,True,0.9862500000000001,0.9897657284131324,0.9876562913652529,5.182278275510444,495,6.599534127318035,660,5.182278275510444,135
28,23,escaped,25,2,True,0.99375,0.990900735101694,0.9926102940406776,2.53809437584489,225,2.0754331045237966,300,2.53809437584489,72
28,24,escaped,51,2,True,0.9872500000000001,0.9878121310754107,0.9874748524301643,0.9622987219469029,459,13.634886601101465,612,0.9622987219469029,81
28,25,escaped,101,2,True,0.9747500000000001,0.9887637682349291,0.9803555072939718,7.7891354580146075,909,16.8511118545124,1212,7.7891354580146075,405
28,26,escaped,73,2,True,0.9817500000000001,0.986471630878428,0.9836386523513714,7.646073665482958,657,13.506937813683406,876,7.646073665482958,198
28,27,escaped,48,2,True,0.9880000000000001,0.9875817879825227,0.9878327151930091,2.669376082653839,432,10.746612133928672,576,2.669376082653839,108
28,28,escaped,28,2,True,0.9930000000000001,0.9843294839829316,0.9895317935931727,3.270303063038877,252,6.170182679418135,336,3.270303063038877,117
28,29,escaped,32,2,True,0.9920000000000001,0.9868593885353873,0.989943755414155,1.8055077538037798,288,7.684645933084157,384,1.8055077538037798,54
28,30,escaped,15,2,True,0.9962500000000001,0.9971201884609391,0.9965980753843757,0.0,135,1.0367321540619174,180,0,0
28,31,escaped,46,2,True,0.9885,0.9868211734413939,0.9878284693765575,4.1498477592315695,414,9.016294175059027,552,4.1498477592315695,189
28,32,escaped,42,2,True,0.9895,0.9900028338990093,0.9897011335596038,2.308933065196377,378,6.998566009536698,504,2.308933065196377,81
28,33,escaped,33,2,True,0.99175,0.9893094514038369,0.9907737805615348,1.1527840929309003,297,6.92986903092002,396,1.1527840929309003,117
28,34,escaped,8,2,True,0.9980000000000001,0.9941573456435361,0.9964629382574144,0.02544284858080203,72,1.0878658383333297,96,0.02544284858080203,36
28,35,escaped,24,2,True,0.9940000000000001,0.9927584483396517,0.9935033793358607,0.8736388077447964,216,3.0062820127009084,288,0.8736388077447964,90
28,36,escaped,60,2,True,0.9850000000000001,0.9904058607494655,0.9871623442997863,4.346030162183167,540,8.020853637858867,720,4.346030162183167,144
28,37,escaped,61,2,True,0.98475,0.988496617667397,0.9862486470669588,4.189902378963823,549,11.254415229645572,732,4.189902378963823,342
28,38,escaped,43,2,True,0.9892500000000001,0.993708391828321,0.9910333567313285,2.689198236054801,387,2.9073419850995874,516,2.689198236054801,81
28,39,caught,19,0,False,0.0,0.988358164651884,0.39534326586075363,1.0211236056622661,171,3.9471787778578613,228,1.0211236056622661,36
28,40,escaped,45,2,True,0.98875,0.9851752178717277,0.987320087148691,2.3579648651480554,405,12.866811545003351,540,2.3579648651480554,108
28,41,escaped,73,2,True,0.9817500000000001,0.9883164754497062,0.9843765901798827,7.1303055426592294,657,10.96246095523564,876,7.1303055426592294,234
28,42,escaped,20,2,True,0.9950000000000001,0.9931397749939322,0.994255909997573,0.20108367526542825,180,3.0247964358919317,240,0.20108367526542825,81
28,43,caught,18,0,False,0.0,0.9810969533741396,0.3924387813496559,1.0202643336250918,162,6.805763697538242,216,1.0202643336250918,18
28,44,escaped,93,2,True,0.97675,0.9865289067132874,0.980661562685315,4.745639143578958,837,23.739961357837284,1116,4.745639143578958,306
28,45,escaped,45,2,True,0.98875,0.9887950507511054,0.9887680203004421,1.0148269969933272,405,10.748242526148337,540,1.0148269969933272,45
28,46,escaped,33,2,True,0.99175,0.9918039314638722,0.9917715725855489,1.8529953347105663,297,4.020625834332458,396,1.8529953347105663,117
28,47,escaped,55,2,True,0.9862500000000001,0.9824831637518147,0.9847432655007259,7.789127856289554,495,12.736720039218618,660,7.789127856289554,171
28,48,escaped,42,2,True,0.9895,0.9919298233752321,0.9904719293500929,1.7567532548808003,378,5.792400364591703,504,1.7567532548808003,72
28,49,caught,25,1,False,0.1,0.9725229508021668,0.44900918032086673,7.379679700670538,225,6.646656584472536,300,7.379679700670538,144
28,50,caught,24,1,False,0.1,0.9829810504162113,0.45319242016648453,2.907389564514998,216,5.9263955409089615,288,2.907389564514998,63
28,51,escaped,53,2,True,0.98675,0.9888598582833213,0.9875939433133285,2.5297667691150805,477,10.79723790479515,636,2.5297667691150805,126
28,52,escaped,31,2,True,0.9922500000000001,0.982646469102042,0.9884085876408168,2.4059839425825773,279,9.70304839797065,372,2.4059839425825773,90
28,53,caught,62,2,False,0.2,0.984586374001326,0.5138345496005304,5.251401864065635,558,15.93360633393944,744,5.251401864065635,171
28,54,escaped,62,2,True,0.9845,0.9839397366216533,0.9842758946486614,4.30446013563152,558,18.158391726137708,744,4.30446013563152,126
28,55,caught,38,1,False,0.1,0.9892400796018469,0.45569603184073876,4.031330412088071,342,4.4379401869982305,456,4.031330412088071,108
28,56,caught,79,2,False,0.2,0.9853637689445109,0.5141455075778044,6.968949997670942,711,18.458360750979406,948,6.968949997670942,261
28,57,escaped,44,2,True,0.9890000000000001,0.9828460575458847,0.9865384230183539,6.13601603422402,396,9.933208519247096,528,6.13601603422402,144
28,58,escaped,58,2,True,0.9855,0.9865717105029099,0.9859286842011641,4.973952881438685,522,12.060241804697844,696,4.973952881438685,126
28,59,caught,29,0,False,0.0,0.9889892138213773,0.39559568552855096,2.7425095539577877,261,4.006827775044333,348,2.7425095539577877,108
28,60,escaped,24,2,True,0.9940000000000001,0.9947653749778664,0.9943061499911466,0.012966132656687139,216,2.9978558358733207,288,0.012966132656687139,18
28,61,escaped,69,2,True,0.98275,0.9885480693861471,0.9850692277544588,3.0967922016722658,621,14.835340827643966,828,3.0967922016722658,144
28,62,escaped,35,2,True,0.9912500000000001,0.9862540558633522,0.9892516223453409,1.9685607905817433,315,8.921845354008436,420,1.9685607905817433,81
28,63,escaped,42,2,True,0.9895,0.9877671117521891,0.9888068447008757,2.945293990346647,378,8.4036926999978,504,2.945293990346647,108
29,0,escaped,55,2,True,0.9862500000000001,0.9887666372633357,0.9872566549053343,3.051912585101887,495,10.758822032261014,660,3.051898558001043,81
29,1,escaped,169,2,True,0.9577500000000001,0.9835556347654284,0.9680722539061714,33.13903930842708,1521,22.51295964685282,2028,33.139014393620805,765
29,2,escaped,92,2,True,0.9770000000000001,0.9831765896110103,0.9794706358444042,14.936125190940512,828,17.231256550968656,1104,14.936112147528323,432
29,3,escaped,91,2,True,0.9772500000000001,0.9868649228437727,0.9810959691375092,8.42433300453526,819,17.45456450315347,1092,8.424307551667884,315
29,4,escaped,47,2,True,0.9882500000000001,0.980314636266932,0.9850758545067728,3.6607595069966985,423,17.324077614905054,564,3.6607369380107224,72
29,5,escaped,85,2,True,0.97875,0.9898896245098527,0.9832058498039411,4.442977219345727,765,14.701196374106216,1020,4.4429601237524174,342
29,6,escaped,73,2,True,0.9817500000000001,0.9833345976897141,0.9823838390758857,9.998173530396985,657,15.86688680709165,876,9.998148645753066,234
29,7,escaped,14,2,True,0.9965,0.996912915798388,0.9966651663193552,0.0008824163899547892,126,1.0360837365550253,168,0.0008599014992095551,9
29,8,escaped,40,2,True,0.9900000000000001,0.9920255475747437,0.9908102190298975,4.1213609741396695,360,2.1603263627264764,480,4.121346352432443,207
29,9,escaped,70,2,True,0.9825,0.9796276854775731,0.9813510741910293,14.6427277605021,630,14.701851383674505,840,14.642704205102659,342
29,10,caught,25,1,False,0.1,0.9878229061363436,0.45512916245453744,3.760481535517399,225,2.292280937503955,300,3.7604582244413116,90
29,11,escaped,21,2,True,0.99475,0.9962965596593202,0.995368623863728,0.01497604890774086,189,1.8465658664923166,252,0.014952451140333757,45
29,12,escaped,13,2,True,0.99675,0.9936523024777033,0.9955109209910813,2.2861602748088796e-05,117,1.9804511448195636,156,0,0
29,13,escaped,51,2,True,0.9872500000000001,0.984952831345124,0.9863311325380497,8.379148791513206,459,7.245536044883969,612,8.379126382873196,252
29,14,escaped,55,2,True,0.9862500000000001,0.988254000298971,0.9870516001195884,3.7034992619091605,495,10.566720589479278,660,3.703474921074496,234
29,15,escaped,67,2,True,0.9832500000000001,0.9774367872593628,0.9809247149037451,15.274419280621895,603,15.91575371278221,804,15.274396110271894,279
29,16,escaped,25,2,True,0.99375,0.9949800812224798,0.9942420324889919,0.000424316163485289,225,3.0113855116274464,300,0.0004003508346265634,9
29,17,escaped,63,2,True,0.9842500000000001,0.9866978981953322,0.9852291592781329,6.33528062866282,567,11.665737090440754,756,6.335261948484776,324
29,18,escaped,83,2,True,0.9792500000000001,0.9866578281880186,0.9822131312752075,7.145918237451741,747,17.049715266197964,996,7.145895781902727,333
29,19,escaped,38,2,True,0.9905,0.986683677011928,0.9889734708047713,1.0997719883735606,342,10.678123913956842,456,1.0997468496227711,45
29,20,escaped,53,2,True,0.98675,0.9864123698456202,0.986614947938248,5.464052875168475,477,9.998061722813167,636,5.464030439231509,198
29,21,escaped,61,2,True,0.98475,0.9782334840878857,0.9821433936351542,10.395735062416346,549,18.00519921211351,732,10.395717415600297,270
29,22,escaped,41,2,True,0.9897500000000001,0.9949128155014897,0.991815126200596,0.013927577794422717,369,4.987219442808209,492,0.013904580933354399,18
29,23,escaped,25,2,True,0.99375,0.9897845730784407,0.9921638292313762,3.0154326758651018,225,2.1086792517820925,300,3.015409565668253,72
29,24,escaped,53,2,True,0.98675,0.9874197519107372,0.9870179007642949,1.022965696018258,477,14.638121308184624,636,1.0229441565839055,81
29,25,escaped,167,2,True,0.95825,0.980813820817893,0.9672755283271572,37.42923066277286,1503,26.992565278187616,2004,37.42920597398911,909
29,26,caught,68,2,False,0.2,0.987469948275644,0.5149879793102576,6.412444542715453,612,11.899118357194958,816,6.412422388437844,180
29,27,escaped,54,2,True,0.9865,0.9844851013940902,0.9856940405576361,4.681420576336833,486,13.86541449147671,648,4.681402023632187,162
29,28,escaped,32,2,True,0.9920000000000001,0.9832839161938777,0.9885135664775512,4.49879063058498,288,6.839564855655327,384,4.498770558393173,144
29,29,escaped,34,2,True,0.9915,0.987993518783212,0.9900974075132848,0.6571999911555717,306,8.921022018024951,408,0.6571751599767454,72
29,30,escaped,15,2,True,0.9962500000000001,0.9970959410237046,0.9965883764094818,2.5115187123388666e-05,135,1.0454277445501694,180,0,0
29,31,escaped,18,2,True,0.9955,0.992216434212129,0.9941865736848516,0.2909571277458436,162,2.9745575833658155,216,0.29093388022446515,36
29,32,escaped,41,2,True,0.9897500000000001,0.9908652796573867,0.9901961118629548,1.5357444034084866,369,6.94090561258688,492,1.5357222800272008,63
29,33,escaped,50,2,True,0.9875,0.9857664241246173,0.9868065696498469,4.836303736844482,450,10.631886067999877,600,4.836278839785024,216
29,34,escaped,8,2,True,0.9980000000000001,0.994196591591529,0.9964786366366116,0.023201148849490053,72,1.0833195492937944,96,0.023183282589179233,36
29,35,escaped,37,2,True,0.99075,0.9833283258481188,0.9877813303392475,7.683154242248711,333,4.560240990538921,444,7.683144005030582,225
29,36,escaped,60,2,True,0.9850000000000001,0.989133925732401,0.9866535702929605,5.53847095204633,540,8.262519009280721,720,5.538448378496508,135
29,37,escaped,76,2,True,0.9810000000000001,0.9899938431129938,0.9845975372451976,5.171634453487486,684,11.355717557249482,912,5.1716190580288215,540
29,38,escaped,88,2,True,0.9780000000000001,0.9903090068721652,0.9829236027488661,7.9620422597171805,792,9.851321139697706,1056,7.962017744704323,468
29,39,caught,19,0,False,0.0,0.9884164126562706,0.3953665650625082,1.0033603472155312,171,3.944302032453264,228,1.0033372683802968,36
29,40,escaped,45,2,True,0.98875,0.9850264711102302,0.987260588444092,2.482083717430675,405,12.861966244377061,540,2.4820601399955167,108
29,41,escaped,86,2,True,0.9785,0.9853728678705478,0.9812491471482191,9.91381123269558,774,16.971985738261978,1032,9.913786085283169,360
29,42,escaped,21,2,True,0.99475,0.9864291637022384,0.9914216654808954,2.880354551204901,189,2.9992287591319826,252,2.8803360204865354,72
29,43,escaped,37,2,True,0.99075,0.9838730581124568,0.9879992232449828,2.6126623959009607,333,10.837174534937033,444,2.6126367434137263,108
29,44,caught,26,0,False,0.0,0.9836185189062672,0.3934474075625069,2.543194005289537,234,6.8311188621032715,312,2.543171498464268,45
29,45,escaped,46,2,True,0.9885,0.9888497765013173,0.9886399106005269,0.9922015531242943,414,10.986911338379981,552,0.9921795961003813,45
29,46,escaped,62,2,True,0.9845,0.9895807361392331,0.9865322944556933,2.7959891674670194,558,11.775879068198467,744,2.7959648053137744,54
29,47,escaped,53,2,True,0.98675,0.9847795715050238,0.9859618286020095,4.94185489437513,477,12.771245186442838,636,4.941830180934569,162
29,48,escaped,44,2,True,0.9890000000000001,0.9912320063768856,0.9898928025507543,2.5991123480037155,396,5.793518135337184,528,2.5990923456290713,108
29,49,escaped,99,2,True,0.9752500000000001,0.9888354666017038,0.9806841866406817,4.610508988382908,891,20.37958603650768,1188,4.610485425362932,279
29,50,escaped,58,2,True,0.9855,0.9853424875800803,0.9854369950320322,7.000793051018592,522,11.068866553836786,696,7.00077137156391,153
29,51,caught,46,2,False,0.2,0.9866828745703711,0.5146731498281485,4.163522654983412,414,9.150742934332492,552,4.163498427308689,117
29,52,escaped,90,2,True,0.9775,0.9834910758204075,0.979896430328163,16.941647450433216,810,13.070412960675425,1080,16.94162391635319,450
29,53,escaped,61,2,True,0.98475,0.9868980421045698,0.9856092168418279,2.8175456208478287,549,15.424538864446044,732,2.817520680288928,108
29,54,escaped,61,2,True,0.98475,0.9851718820896067,0.9849187528358427,4.147339960645367,549,16.17857800662191,732,4.147314082690643,153
29,55,escaped,50,2,True,0.9875,0.986173599034512,0.9869694396138049,7.746222018795263,450,6.263385133525348,600,7.746196890348644,189
29,56,escaped,65,2,True,0.9837500000000001,0.9825594459518591,0.9832737783807437,7.939446365436766,585,16.621335827850803,780,7.939435165143931,207
29,57,escaped,69,2,True,0.98275,0.9853039768333318,0.9837715907333328,7.793362324364148,621,13.94546459818373,828,7.793338571731232,180
29,58,escaped,61,2,True,0.98475,0.9866466765861368,0.9855086706344547,6.787700796356424,549,10.4989977494205,732,6.787678513223635,162
29,59,caught,59,2,False,0.2,0.9913860852891301,0.516554434115652,2.030578976176434,531,9.48986459568995,708,2.0305550189055963,180
29,60,escaped,24,2,True,0.9940000000000001,0.9947534108142532,0.9943013643257013,0.013205961449269147,216,3.004427422391155,288,0.013183369740205406,18
29,61,escaped,108,2,True,0.9730000000000001,0.9852591611969634,0.9779036644787854,11.73941267628833,972,22.55570394241956,1296,11.739386335726879,360
29,62,escaped,35,2,True,0.9912500000000001,0.9862276845827604,0.9892410738331042,2.0172922882114435,315,8.879021899532662,420,2.017271716110834,81
29,63,escaped,41,2,True,0.9897500000000001,0.9895250010604433,0.9896600004241775,1.3060954026273632,369,8.565938419687312,492,1.3060707598638752,90
30,0,escaped,55,2,True,0.9862500000000001,0.9873799756461783,0.9867019902584713,5.375776730702491,495,9.490729839441368,660,5.375776730702491,162
30,1,invalid,146,2,False,0.2,0.9872108149917574,0.0,19.69624231150314,1314,18.551647853544367,1752,19.69624231150314,738
30,2,escaped,77,2,True,0.98075,0.9854429978126876,0.9826271991250751,9.839904227273294,693,13.781467739122158,924,9.839904227273294,360
30,3,escaped,58,2,True,0.9855,0.9915772445629281,0.9879308978251713,2.670401920221605,522,8.163939674775273,696,2.670401920221605,171
30,4,escaped,57,2,True,0.9857500000000001,0.9816879476691984,0.9841251790676795,4.3824172665437064,513,19.207664566478304,684,4.3824172665437064,126
30,5,escaped,48,2,True,0.9880000000000001,0.9834894928249127,0.9861957971299651,6.142520079294997,432,10.830077493307233,576,6.142520079294997,171
30,6,caught,46,2,False,0.2,0.9849882785300861,0.5139953114120345,7.4922792724320635,414,6.583234806208855,552,7.4922792724320635,297
30,7,escaped,14,2,True,0.9965,0.9969965587250804,0.9966986234900321,0.000625000000000001,126,1.0083229350396328,168,0.000625000000000001,9
30,8,escaped,44,2,True,0.9890000000000001,0.9969109861441765,0.9921643944576707,0.16686810786273681,396,3.0395078212659605,528,0.16686810786273681,135
30,9,caught,33,0,False,0.0,0.9764070222685952,0.3905628089074381,7.3554230109028955,297,8.878407682068742,396,7.3554230109028955,144
30,10,escaped,58,2,True,0.9855,0.9905449732215255,0.9875179892886102,3.2497514889351873,522,8.828395290389702,696,3.2497514889351873,153
30,11,escaped,25,2,True,0.99375,0.9968173864110991,0.9949769545644396,0.022148633401617237,225,1.8800366421383872,300,0.022148633401617237,54
30,12,escaped,13,2,True,0.99675,0.9936659343248545,0.9955163737299417,0.0,117,1.976228490645386,156,0,0
30,13,escaped,39,2,True,0.9902500000000001,0.9833686106381498,0.98749744425526,6.636085382019456,351,6.718866599999102,468,6.636085382019456,153
30,14,escaped,79,2,True,0.9802500000000001,0.9867120452933978,0.9828348181173592,9.262061152991157,711,12.844547253062716,948,9.262061152991157,405
30,15,escaped,79,2,True,0.9802500000000001,0.9834977071657726,0.9815490828663092,10.20021152696842,711,17.688065177737354,948,10.20021152696842,225
30,16,escaped,25,2,True,0.99375,0.9948950800512815,0.9942080320205126,0.0,225,3.062951969231102,300,0.0,9
30,17,escaped,59,2,True,0.9852500000000001,0.9878021588543043,0.9862708635417219,3.765295158572447,531,12.251749517541777,708,3.765295158572447,162
30,18,escaped,97,2,True,0.9757500000000001,0.9862815175205927,0.9799626070082371,10.570925356014815,873,17.84206007070717,1164,10.570925356014815,378
30,19,escaped,38,2,True,0.9905,0.9868358315780541,0.9890343326312216,0.9729831371907389,342,10.708410751227031,456,0.9729831371907389,54
30,20,escaped,54,2,True,0.9865,0.9910425905753011,0.9883170362301205,1.5949399526800265,486,9.482216010836455,648,1.5949399526800265,153
30,21,escaped,27,2,True,0.9932500000000001,0.980683768892305,0.988223507556922,3.4113190019656976,243,7.968492421832071,324,3.4113190019656976,72
30,22,escaped,38,2,True,0.9905,0.9940803082121399,0.991932123284856,0.024357919064619406,342,5.3662816851089765,456,0.024357919064619406,54
30,23,escaped,25,2,True,0.99375,0.9866707788489316,0.9909183115395725,4.932928123432205,225,1.4202951927314151,300,4.932928123432205,99
30,24,escaped,50,2,True,0.9875,0.9892425556392708,0.9881970222557084,0.03684131509585945,450,12.859811479413914,600,0.03684131509585945,63
30,25,escaped,49,2,True,0.9877500000000001,0.9864244476138143,0.9872197790455257,7.581082673164173,441,5.856739375268809,588,7.581082673164173,171
30,26,escaped,69,2,True,0.98275,0.9857899278828073,0.983965971153123,8.852135976723611,621,11.729031457106279,828,8.852135976723611,252
30,27,escaped,41,2,True,0.9897500000000001,0.987920252073305,0.9890181008293222,2.3121867933667075,369,8.803556235378963,492,2.3121867933667075,99
30,28,escaped,32,2,True,0.9920000000000001,0.9836616623238457,0.9886646649295383,4.508807399387628,288,6.536100136103015,384,4.508807399387628,117
30,29,escaped,33,2,True,0.99175,0.9896130922153776,0.990895236886151,0.030448460387299786,297,8.185833018237885,396,0.030448460387299786,63
30,30,escaped,15,2,True,0.9962500000000001,0.9972761585184559,0.9966604634073823,0.0,135,0.9805829333558927,180,0,0
30,31,escaped,22,2,True,0.9945,0.9909319078918138,0.9930727631567255,0.5897502683112962,198,4.001618942040582,264,0.5897502683112962,27
30,32,escaped,39,2,True,0.9902500000000001,0.9890906524155055,0.9897862609662023,2.5597037319873976,351,6.798211029770338,468,2.5597037319873976,63
30,33,caught,27,1,False,0.1,0.9825402973989499,0.45301611895958,4.050192866088344,243,5.913630130696007,324,4.050192866088344,117
30,34,escaped,8,2,True,0.9980000000000001,0.9945241033630787,0.9966096413452314,0.016134256706591826,72,1.0298598120134386,96,0.016134256706591826,27
30,35,escaped,43,2,True,0.9892500000000001,0.9852168305261451,0.987636732210458,4.664616896257726,387,9.036741702007964,516,4.664616896257726,162
30,36,escaped,41,2,True,0.9897500000000001,0.9917663607321024,0.9905565442928411,2.960403581673174,369,4.154696264046934,492,2.960403581673174,144
30,37,escaped,95,2,True,0.9762500000000001,0.9903941540599455,0.9819076616239781,4.806248143084662,855,15.49299788587825,1140,4.806248143084662,540
30,38,escaped,81,2,True,0.9797500000000001,0.9907896081821977,0.9841658432728793,5.574157634881168,729,10.472791513966055,972,5.574157634881168,333
30,39,caught,19,0,False,0.0,0.9847140682301413,0.39388562729205656,2.299624613072326,171,3.9042187362924823,228,2.299624613072326,27
30,40,escaped,45,2,True,0.98875,0.987571424491668,0.9882785697966672,1.4145778150807118,405,11.536757795557596,540,1.4145778150807118,90
30,41,escaped,48,2,True,0.9880000000000001,0.9890774776684023,0.988430991067361,3.6197745175208613,432,7.756379702639485,576,3.6197745175208613,135
30,42,escaped,21,2,True,0.99475,0.9939666746650135,0.9944366698660054,0.06794850891462154,189,2.9501979569469903,252,0.06794850891462154,63
30,43,escaped,39,2,True,0.9902500000000001,0.9850096681874633,0.9881538672749854,1.0100287539038006,351,12.684245571329324,468,1.0100287539038006,72
30,44,escaped,85,2,True,0.97875,0.9811650904622911,0.9797160361849164,12.951442089864214,765,21.15462600377392,1020,12.951442089864214,315
30,45,escaped,46,2,True,0.9885,0.9890772420959778,0.9887308968383911,0.9699829479024978,414,10.765414128837229,552,0.9699829479024978,36
30,46,escaped,73,2,True,0.9817500000000001,0.9902988311148442,0.9851695324459377,3.607827488499173,657,12.18601123546068,876,3.607827488499173,198
30,47,caught,40,2,False,0.2,0.9813509259037759,0.5125403703615103,6.653141914409066,360,9.032255246496325,480,6.653141914409066,54
30,48,escaped,49,2,True,0.9877500000000001,0.9909709635737336,0.9890383854294935,2.882078118036393,441,6.77537601324073,588,2.882078118036393,117
30,49,escaped,27,2,True,0.9932500000000001,0.9835691012481413,0.9893776404992565,2.1648626798085084,243,7.760738818126415,324,2.1648626798085084,45
30,50,escaped,49,2,True,0.9877500000000001,0.9909064031607179,0.9890125612642872,0.47466177141303595,441,10.061187521111782,588,0.47466177141303595,72
30,51,escaped,50,2,True,0.9875,0.9871387306766648,0.987355492270666,3.4504581427415486,450,10.83291233101346,600,3.4504581427415486,144
30,52,caught,21,1,False,0.1,0.9794459699968456,0.45177838799873826,3.333239671557882,189,5.914911559512653,252,3.333239671557882,99
30,53,escaped,49,2,True,0.9877500000000001,0.9878146760472678,0.9877758704189071,1.2817598703165622,441,12.62092780799096,588,1.2817598703165622,126
30,54,escaped,50,2,True,0.9875,0.9822975057209741,0.9854190022883897,5.562878808367218,450,13.825821390341453,600,5.562878808367218,180
30,55,escaped,46,2,True,0.9885,0.9883991857866964,0.9884596743146785,5.916502207511405,414,4.918629281471975,552,5.916502207511405,171
30,56,escaped,61,2,True,0.98475,0.986667237265975,0.98551689490639,3.0052526466055305,549,15.512161113805227,732,3.0052526466055305,144
30,57,escaped,46,2,True,0.9885,0.9869070068116703,0.9878628027246681,3.724645025204476,414,9.488471112976686,552,3.724645025204476,108
30,58,escaped,43,2,True,0.9892500000000001,0.9884140729656491,0.9889156291862597,3.7263196820354287,387,6.988250456736206,516,3.7263196820354287,63
30,59,escaped,59,2,True,0.9852500000000001,0.9916263169281477,0.9878005267712592,3.6664320764365605,531,6.968559127827415,708,3.6664320764365605,153
30,60,escaped,24,2,True,0.9940000000000001,0.9948032705809898,0.9943213082323961,0.008906250000000006,216,2.981441145349883,288,0.008906250000000006,9
30,61,escaped,46,2,True,0.9885,0.9886261815694194,0.9885504726277677,2.696652921621892,414,8.961158318531801,552,2.696652921621892,108
30,62,escaped,35,2,True,0.9912500000000001,0.9843871748443559,0.9885048699377423,3.3952363519827133,315,8.587791328097474,420,3.3952363519827133,117
30,63,escaped,75,2,True,0.9812500000000001,0.9875392591072736,0.9837657036429095,4.2888682153256,675,16.710842653140162,900,4.2888682153256,270
31,0,escaped,57,2,True,0.9857500000000001,0.9874794904038886,0.9864417961615555,5.32130899444926,513,10.032978468214786,684,5.32130899444926,171
31,1,escaped,131,2,True,0.96725,0.9881945103757039,0.9756278041502816,14.010284590408194,1179,18.436079924909155,1572,14.010284590408194,504
31,2,escaped,87,2,True,0.9782500000000001,0.9826729574344283,0.9800191829737713,14.035181033598686,783,17.465290165448938,1044,14.035181033598686,423
31,3,escaped,58,2,True,0.9855,0.9906079909310949,0.987543196372438,3.558303216113202,522,8.329272335765081,696,3.558303216113202,189
31,4,escaped,43,2,True,0.9892500000000001,0.9826279291142856,0.9866011716457144,3.452544682007581,387,13.324584244713755,516,3.452544682007581,72
31,5,escaped,53,2,True,0.98675,0.9879024516844405,0.9872109806737761,3.556691735787083,477,10.645825809675665,636,3.556691735787083,189
31,6,escaped,62,2,True,0.9845,0.9825857154059222,0.9837342861623689,9.593722926884434,558,13.12082490680858,744,9.593722926884434,369
31,7,escaped,14,2,True,0.9965,0.997052426622317,0.9967209706489268,0.0006250000000000011,126,0.9895513215681778,168,0.0006250000000000011,9
31,8,escaped,45,2,True,0.98875,0.9938862696739381,0.9908045078695752,2.6220067440191532,405,3.1068197601213554,540,2.6220067440191532,126
31,9,escaped,74,2,True,0.9815,0.9876765466431567,0.9839706186572628,6.303902806323089,666,13.481249419989439,888,6.303902806323089,243
31,10,escaped,62,2,True,0.9845,0.9888047027490374,0.9862218810996151,5.586807711823182,558,9.209525360334789,744,5.586807711823182,162
31,11,escaped,25,2,True,0.99375,0.9968330374399081,0.9949832149759632,0.028743179015093878,225,1.861853297368349,300,0.028743179015093878,54
31,12,escaped,13,2,True,0.99675,0.9936640688661418,0.9955156275464567,0.0,117,1.9768105137637801,156,0,0
31,13,escaped,51,2,True,0.9872500000000001,0.9830912888246218,0.9855865155298488,10.00029747942539,459,7.362532506095733,612,10.00029747942539,198
31,14,escaped,79,2,True,0.9802500000000001,0.9869264776900593,0.9829205910760238,7.873122196208978,711,14.289902038035764,948,7.873122196208978,387
31,15,escaped,79,2,True,0.9802500000000001,0.9823690279333787,0.9810976111733516,11.432825711094292,711,18.184555423521754,948,11.432825711094292,225
31,16,escaped,25,2,True,0.99375,0.9948604581843562,0.9941941832737424,0.0,225,3.083725089386258,300,0.0,9
31,17,escaped,60,2,True,0.9850000000000001,0.9882138487137501,0.9862855394855001,3.7327450817859233,540,11.99506440981873,720,3.7327450817859233,189
31,18,escaped,83,2,True,0.9792500000000001,0.9887865224700945,0.9830646089880378,4.9456695818401615,747,15.743021130451627,996,4.9456695818401615,324
31,19,escaped,38,2,True,0.9905,0.9868553632102727,0.9890421452841092,1.0513121505309793,342,10.586159218190012,456,1.0513121505309793,45
31,20,escaped,54,2,True,0.9865,0.990508926038054,0.9881035704152216,2.034084038157188,486,9.588319803805812,648,2.034084038157188,180
31,21,escaped,27,2,True,0.9932500000000001,0.9802076065114222,0.9880330426045689,3.426849246115058,243,8.256338652444978,324,3.426849246115058,72
31,22,escaped,36,2,True,0.9910000000000001,0.9939750723531531,0.9921900289412613,0.023122695543596635,324,5.174707226150935,432,0.023122695543596635,45
31,23,escaped,24,2,True,0.9940000000000001,0.9865162676575729,0.9910065070630292,4.699714419871807,216,1.5003439360755617,288,4.699714419871807,90
31,24,escaped,50,2,True,0.9875,0.988878519819704,0.9880514079278817,0.030544726080964806,450,13.305049914913925,600,0.030544726080964806,63
31,25,escaped,49,2,True,0.9877500000000001,0.98564351687815,0.98690740675126,8.119933676401518,441,6.056645916093597,588,8.119933676401518,171
31,26,escaped,69,2,True,0.98275,0.9866739836415218,0.9843195934566087,7.858256134519837,621,11.59020824361351,828,7.858256134519837,234
31,27,escaped,40,2,True,0.9900000000000001,0.9889210644085176,0.9895684257634072,1.4467256260182044,360,8.706810666465511,480,1.4467256260182044,108
31,28,escaped,31,2,True,0.9922500000000001,0.9836845176231844,0.9888238070492739,4.238019289096905,279,6.488026502888224,372,4.238019289096905,108
31,29,escaped,33,2,True,0.99175,0.9889738292374035,0.9906395316949614,0.2770181756794817,297,8.363369676403778,396,0.2770181756794817,63
31,30,escaped,15,2,True,0.9962500000000001,0.9972624337417311,0.9966549734966925,0.0,135,0.9855238529768071,180,0,0
31,31,escaped,39,2,True,0.9902500000000001,0.9866389235282033,0.9888055694112814,3.4093824462523123,351,7.960124315932011,468,3.4093824462523123,81
31,32,escaped,39,2,True,0.9902500000000001,0.9890555511123549,0.9897722204449421,2.519696823183983,351,6.884408394590511,468,2.519696823183983,63
31,33,caught,27,1,False,0.1,0.9824424209921062,0.4529769683968425,4.071023135888931,243,5.949280349263272,324,4.071023135888931,117
31,34,escaped,8,2,True,0.9980000000000001,0.9944388504918822,0.9965755401967529,0.017742821939062358,72,1.0440836096398698,96,0.017742821939062358,27
31,35,escaped,43,2,True,0.9892500000000001,0.9857158937178827,0.9878363574871531,4.378512522343608,387,8.903180986686928,516,4.378512522343608,162
31,36,escaped,41,2,True,0.9897500000000001,0.9924388854615616,0.9908255541846247,2.9358920894920666,369,3.5256139198340097,492,2.9358920894920666,162
31,37,escaped,94,2,True,0.9765,0.988791057414859,0.9814164229659436,7.304631780951692,846,15.547865430809328,1128,7.304631780951692,576
31,38,escaped,93,2,True,0.97675,0.9903402636051039,0.9821861054420415,7.729243879696301,837,11.254873127146398,1116,7.729243879696301,396
31,39,caught,19,0,False,0.0,0.9849581685794433,0.39398326743177736,2.2073285186353013,171,3.915970436260148,228,2.2073285186353013,27
31,40,escaped,46,2,True,0.9885,0.9869042328784506,0.9878616931513802,1.9853582751031733,414,11.810582535386212,552,1.9853582751031733,108
31,41,escaped,48,2,True,0.9880000000000001,0.9884953695370564,0.9881981478148225,3.695158864066629,432,8.326455807888843,576,3.695158864066629,135
31,42,escaped,22,2,True,0.9945,0.9939249573011003,0.9942699829204402,0.06573248201421077,198,3.119979235666762,264,0.06573248201421077,72
31,43,escaped,36,2,True,0.9910000000000001,0.9858227209197593,0.9889290883679038,0.3754968231211274,324,11.748506694499818,432,0.3754968231211274,45
31,44,escaped,66,2,True,0.9835,0.9786667800366539,0.9815667120146615,10.901731585795618,594,19.256178307546076,792,10.901731585795618,207
31,45,escaped,47,2,True,0.9882500000000001,0.9870829241064691,0.9877831696425876,2.7763884373118404,423,10.868610358153669,564,2.7763884373118404,54
31,46,escaped,59,2,True,0.9852500000000001,0.9908839727701751,0.9875035891080701,2.130611831805268,531,10.067478781691602,708,2.130611831805268,99
31,47,escaped,74,2,True,0.9815,0.9815687087893769,0.9815274835157508,9.31357057919109,666,20.315879084478553,888,9.31357057919109,198
31,48,escaped,44,2,True,0.9890000000000001,0.9923140055484446,0.9903256022193779,2.141307606653534,396,5.261333331971122,528,2.141307606653534,90
31,49,escaped,27,2,True,0.9932500000000001,0.9836635211630199,0.989415408465208,1.9237481869299242,243,8.021040703789874,324,1.9237481869299242,45
31,50,escaped,49,2,True,0.9877500000000001,0.9911604885120904,0.9891141954048361,0.35904986488325147,441,9.916532356604,588,0.35904986488325147,72
31,51,escaped,51,2,True,0.9872500000000001,0.9872443315636461,0.9872477326254585,3.4759348138632933,459,10.978358414279452,612,3.4759348138632933,153
31,52,escaped,84,2,True,0.9790000000000001,0.9888459116746529,0.9829383646698612,7.290858119062259,756,12.765497905150177,1008,7.290858119062259,360
31,53,escaped,47,2,True,0.9882500000000001,0.9875459490381019,0.9879683796152408,2.018111846222035,423,11.357353690058352,564,2.018111846222035,117
31,54,escaped,50,2,True,0.9875,0.98322686316983,0.985790745267932,4.965408287385899,450,13.507219813022747,600,4.965408287385899,180
31,55,caught,38,2,False,0.2,0.9851991337338382,0.5140796534935352,7.023542165206559,342,4.133667147797524,456,7.023542165206559,135
31,56,escaped,66,2,True,0.9835,0.987520393881189,0.9851081575524756,2.9570106049071803,594,15.825015285653754,792,2.9570106049071803,162
31,57,escaped,46,2,True,0.9885,0.9864268365552659,0.9876707346221063,3.7076525791639647,414,10.041235670767898,552,3.7076525791639647,108
31,58,escaped,45,2,True,0.98875,0.9855957697532141,0.9874883079012856,5.884152971913705,405,7.711031370643844,540,5.884152971913705,90
31,59,escaped,47,2,True,0.9882500000000001,0.9892984923399107,0.9886693969359643,3.5208438964542537,423,7.376842111975025,564,3.5208438964542537,126
31,60,escaped,24,2,True,0.9940000000000001,0.9948127033645849,0.994325081345834,0.008906250000000006,216,2.9760078619990877,288,0.008906250000000006,9
31,61,escaped,46,2,True,0.9885,0.9889572626190104,0.9886829050476041,2.700349955024644,414,8.590715461913021,552,2.700349955024644,108
31,62,escaped,35,2,True,0.9912500000000001,0.9843913394519103,0.9885065357807641,3.2316322822714856,315,8.802431817366704,420,3.2316322822714856,117
31,63,escaped,74,2,True,0.9815,0.9873691540861391,0.9838476616344556,4.397178412953278,666,16.56947779241264,888,4.397178412953278,306
32,0,escaped,55,2,True,0.9862500000000001,0.988776916026406,0.9872607664105624,3.044225272109066,495,10.755503815665305,660,3.044211748534954,81
32,1,escaped,131,2,True,0.96725,0.9848521591743921,0.9742908636697569,22.57090936772961,1179,17.530265732071985,1572,22.57064079701652,495
32,2,escaped,72,2,True,0.9820000000000001,0.9812363059978758,0.9816945223991504,15.12485241819581,648,12.257193344742902,864,15.124777190269802,459
32,3,escaped,57,2,True,0.9857500000000001,0.9907324397552233,0.9877429759020894,3.301570416879449,513,8.275928525681929,684,3.301520817026198,207
32,4,escaped,47,2,True,0.9882500000000001,0.9803075306060178,0.9850730122424072,3.6541303209172353,423,17.340931715188965,564,3.6536367891619754,72
32,5,escaped,72,2,True,0.9820000000000001,0.989735844441923,0.9850943377767692,3.7701496675075834,648,12.709594581013745,864,3.7701250487116083,189
32,6,escaped,62,2,True,0.9845,0.986710378376768,0.9853841513507072,5.56191072914444,558,12.359076003176549,744,5.561803859939362,207
32,7,escaped,14,2,True,0.9965,0.9969065215237751,0.9966626086095101,0.0006133760427447965,126,1.0385909332879146,168,0.0006043549823379722,9
32,8,escaped,79,2,True,0.9802500000000001,0.9892678822137724,0.983857152885509,8.993336152756239,711,8.35698045234588,948,8.992926468325392,207
32,9,escaped,96,2,True,0.9760000000000001,0.9828602106950408,0.9787440842780164,14.073412088587887,864,20.725525107175315,1152,14.073179987904455,396
32,10,caught,25,1,False,0.1,0.9870787573227823,0.45483150292911295,4.100334489622407,225,2.2856329535007576,300,4.100325444849912,90
32,11,escaped,25,2,True,0.99375,0.996764228020859,0.9949556912083435,0.050941452886960024,225,1.873541250302015,300,0.050932167148901135,54
32,12,escaped,13,2,True,0.99675,0.9936610541910573,0.9955144216764229,7.717125225181347e-06,117,1.9777408028897983,156,0,0
32,13,escaped,39,2,True,0.9902500000000001,0.9850293020418419,0.9881617208167368,5.491729800139079,351,6.690266888650518,468,5.4915900311996655,144
32,14,escaped,80,2,True,0.9800000000000001,0.9857861764216684,0.9823144705686675,9.403454952079116,720,14.752601334291146,960,9.403445765918711,396
32,15,escaped,68,2,True,0.9830000000000001,0.9825712194165744,0.9828284877666298,9.747743396737837,612,15.446778716500077,816,9.74711074103945,225
32,16,escaped,25,2,True,0.99375,0.9950029150608958,0.9942511660243583,0.0002158581814200521,225,2.9979631525539676,300,0.00020742283260156053,9
32,17,escaped,63,2,True,0.9842500000000001,0.9896557037175698,0.986412281487028,2.9462165241385394,567,11.712287280183093,756,2.946179748715833,252
32,18,escaped,73,2,True,0.9817500000000001,0.9855851838767682,0.9832840735507073,7.1507818207237355,657,15.720382086937061,876,7.1506381415241345,243
32,19,escaped,38,2,True,0.9905,0.9867038334748676,0.9889815333899471,1.0939302883292434,342,10.667530153148498,456,1.0939202306049476,45
32,20,escaped,45,2,True,0.98875,0.9875128598916393,0.9882551439566557,3.298213888591101,405,9.088492798908145,540,3.298196350619318,144
32,21,escaped,61,2,True,0.98475,0.9776888267662215,0.9819255307064886,11.177636613176293,549,17.76004213001674,732,11.177602008341559,279
32,22,escaped,53,2,True,0.98675,0.9906059888873556,0.9882923955549423,4.092401727277494,477,6.492646498913679,636,4.092361801301433,144
32,23,escaped,25,2,True,0.99375,0.990136852793651,0.9923047411174604,2.8678987274793273,225,2.094023353836943,300,2.867788554102254,72
32,24,escaped,56,2,True,0.9860000000000001,0.9873084137565427,0.9865233655026171,1.6900037170033078,504,14.804153621868984,672,1.6899930238281025,117
32,25,escaped,95,2,True,0.9762500000000001,0.9853997908278166,0.9799099163311267,13.290105782408526,855,15.568335869366798,1140,13.288595037042157,360
32,26,escaped,73,2,True,0.9817500000000001,0.9892491077322133,0.9847496430928855,3.758651339944508,657,13.824028133236258,876,3.7578154169576403,180
32,27,escaped,53,2,True,0.98675,0.9859322793444228,0.9864229117377692,4.646823486528048,477,11.698376025190111,636,4.646178517973093,162
32,28,escaped,31,2,True,0.9922500000000001,0.9857913856580363,0.9896665542632146,2.5381426348327447,279,7.187018890644001,372,2.5373940781372215,117
32,29,escaped,32,2,True,0.9920000000000001,0.9868446142957124,0.989937845718285,1.745987571945567,288,7.775352791632165,384,1.7459779505098032,54
32,30,escaped,15,2,True,0.9962500000000001,0.9971100047756857,0.9965940019102744,1.0063526731923352e-05,135,1.0403848627174943,180,0,0
32,31,escaped,18,2,True,0.9955,0.9921954065267687,0.9941781626107076,0.301315732586604,162,2.9698300703204406,216,0.3011124604131074,36
32,32,escaped,41,2,True,0.9897500000000001,0.9897586383744528,0.9897534553497812,2.348438889951805,369,6.946247986269454,492,2.347471357537413,63
32,33,caught,27,1,False,0.1,0.9800426999616011,0.45201707998464047,5.260589186366647,243,5.918211509726971,324,5.260578951649261,126
32,34,escaped,8,2,True,0.9980000000000001,0.9942100274399696,0.9964840109759878,0.02311393493825853,72,1.0808561516081578,96,0.023106545480578798,36
32,35,escaped,20,2,True,0.9950000000000001,0.9977013437310125,0.9960805374924051,0.0016202089668208221,180,1.101194730491571,240,0.001614544146348255,45
32,36,escaped,60,2,True,0.9850000000000001,0.9904442211796087,0.9871776884718436,4.3059226740484124,540,8.019091269298887,720,4.3059123371050205,144
32,37,escaped,72,2,True,0.9820000000000001,0.9871613604118591,0.9840645441647438,8.155180006024517,648,11.311595866941557,864,8.154931454167922,477
32,38,escaped,78,2,True,0.9805,0.9895771661333975,0.984130866453359,7.002416815134014,702,10.174989244767824,936,7.002381070517849,360
32,39,caught,19,0,False,0.0,0.9884113887987959,0.3953645555195184,1.008947933930846,171,3.939142795841302,228,1.0089401394636746,36
32,40,caught,36,2,False,0.2,0.9865249461419414,0.5146099784567766,1.2665256584096227,324,9.953745655483127,432,1.2662652793959799,81
32,41,caught,73,2,False,0.2,0.9847562516862667,0.5139025006745067,11.639386798827857,657,11.187864647223561,876,11.639334959594269,342
32,42,escaped,20,2,True,0.9950000000000001,0.9932437577731075,0.9942975031092431,0.1653564710922582,180,3.0225209741187586,240,0.1652885814100249,81
32,43,escaped,37,2,True,0.99075,0.9839321667011538,0.9880228666804616,2.576879039751733,333,10.832397249706403,444,2.5768124361069216,108
32,44,escaped,83,2,True,0.9792500000000001,0.9804986794890278,0.9797494717956112,12.234703913827085,747,22.533691906087242,996,12.23394988269399,252
32,45,escaped,46,2,True,0.9885,0.9888570515483049,0.988642820619322,0.9988882922226163,414,10.969964034374557,552,0.9988803093321724,45
32,46,escaped,35,2,True,0.9912500000000001,0.9899304544356318,0.9907221817742528,3.299640561736191,315,4.058897525087753,420,3.299631264494071,135
32,47,escaped,75,2,True,0.9812500000000001,0.9795621685248818,0.9805748674099527,12.586421855825149,675,20.006200847446046,900,12.586363069244465,288
32,48,escaped,44,2,True,0.9890000000000001,0.9911914609077163,0.9898765843630866,2.642906985461734,396,5.777941300836,528,2.642449305803494,108
32,49,escaped,56,2,True,0.9860000000000001,0.9867384840082546,0.9862953936033019,3.3375472428343045,504,13.373414502460083,672,3.3375390674023304,117
32,50,escaped,67,2,True,0.9832500000000001,0.9853832408776526,0.984103296351061,8.977059773839619,603,11.534335636948478,804,8.976702526779818,234
32,51,escaped,53,2,True,0.98675,0.9891267564210295,0.9877007025684118,2.333648119210792,477,10.719235006836087,636,2.333513628201003,126
32,52,caught,89,2,False,0.2,0.9827884183116683,0.5131153673246673,17.69282061992221,801,13.173510993046966,1068,17.692715068150342,459
32,53,escaped,61,2,True,0.98475,0.987357369784084,0.9857929479136336,2.5585404453606224,549,15.09742337562022,732,2.5584781317707694,117
32,54,escaped,62,2,True,0.9845,0.9840249223442378,0.9843099689376951,4.229017394292536,558,18.132225692717505,744,4.228861979598431,126
32,55,escaped,50,2,True,0.9875,0.9883135854514565,0.9878254341805827,5.735347557429628,450,6.376567381679376,600,5.735333929747626,180
32,56,escaped,80,2,True,0.9800000000000001,0.9826172862234105,0.9810469144893643,11.100800504433108,720,18.573743111807673,960,11.099271485107433,297
32,57,escaped,69,2,True,0.98275,0.9852209611240716,0.9837383844496287,7.874816290601668,621,13.97433332440181,828,7.874474880203093,171
32,58,escaped,58,2,True,0.9855,0.9868284007460997,0.98603136029844,4.69194926463817,522,12.078933808578409,696,4.691537435808155,126
32,59,escaped,50,2,True,0.9875,0.9853519916070907,0.9866407966428363,7.137226910850569,450,8.061307523690408,600,7.137218832913461,225
32,60,escaped,24,2,True,0.9940000000000001,0.9947613634057169,0.9943045453622867,0.013149490241805476,216,2.9999220246513376,288,0.013004321157172708,18
32,61,escaped,71,2,True,0.9822500000000001,0.990132685961456,0.9854030743845825,1.501806471224578,639,14.81149449337957,852,1.501716730290949,153
32,62,escaped,35,2,True,0.9912500000000001,0.9862042456120763,0.9892316982448306,2.0374808831846596,315,8.871792508276338,420,2.0369947002566815,81
32,63,escaped,41,2,True,0.9897500000000001,0.9891992918942395,0.989529716757696,1.551024920264227,369,8.559863549049332,492,1.551001603965441,90
33,0,escaped,55,2,True,0.9862500000000001,0.9887811779334522,0.9872624711733808,3.0471027412447316,495,10.746041472850102,660,3.047088986532633,81
33,1,escaped,131,2,True,0.96725,0.9848852168703564,0.9743040867481426,22.19777281594034,1179,17.923847738345795,1572,22.19750049183647,486
33,2,escaped,72,2,True,0.9820000000000001,0.980826018751131,0.9815304075004525,15.626916062951764,648,12.296751514110017,864,15.626821087634564,459
33,3,escaped,57,2,True,0.9857500000000001,0.9907709524714025,0.9877583809885611,3.303144637391439,513,8.22114416926622,684,3.3030949502439624,207
33,4,escaped,47,2,True,0.9882500000000001,0.9809580932158342,0.9853332372863337,3.68501205097698,423,16.56592145123645,564,3.684517500285168,72
33,5,escaped,72,2,True,0.9820000000000001,0.9896717034949567,0.9850686813979828,3.76895447476075,648,12.822023727700447,864,3.7689298673494176,189
33,6,escaped,73,2,True,0.9817500000000001,0.9879731041947744,0.9842392416779098,4.907363183669095,657,14.527970539196634,876,4.907193350378186,261
33,7,escaped,14,2,True,0.9965,0.9969395452544547,0.9966758181017819,0.000613376007450281,126,1.0274949598266088,168,0.000604354974478005,9
33,8,escaped,77,2,True,0.98075,0.9911744985014557,0.9849197994005823,5.986363665431574,693,8.32770854873457,924,5.9861111798302575,189
33,9,escaped,96,2,True,0.9760000000000001,0.9827729983781778,0.9787091993512711,14.138452642353723,864,20.839741546873498,1152,14.138219921914029,396
33,10,caught,25,1,False,0.1,0.9865091379878695,0.45460365519514784,4.335229378897865,225,2.314211368747787,300,4.335220334145268,90
33,11,escaped,25,2,True,0.99375,0.9967483706088789,0.9949493482435515,0.05080269712205397,225,1.8832407051766011,300,0.0507934114194687,54
33,12,escaped,13,2,True,0.99675,0.9936610541827656,0.9955144216731062,7.717043307513853e-06,117,1.9777408055860588,156,0,0
33,13,escaped,39,2,True,0.9902500000000001,0.9853341239047655,0.9882836495619063,5.505308945342705,351,6.386848098015886,468,5.50516882062869,144
33,14,escaped,79,2,True,0.9802500000000001,0.9869683051350416,0.9829373220540167,8.839509886709642,711,12.922080281681492,948,8.839500702268285,405
33,15,escaped,67,2,True,0.9832500000000001,0.9827361419648576,0.9830444567859431,9.470089845265418,603,15.133497260155044,804,9.469847007405212,225
33,16,escaped,25,2,True,0.99375,0.9948849189681451,0.994203967587258,0.0002158580827879412,225,3.0687608083358553,300,0.00020742282548476466,9
33,17,escaped,63,2,True,0.9842500000000001,0.9891106335692449,0.986194253427698,2.9753234899058763,567,12.497624056760506,756,2.9752866397842688,252
33,18,escaped,73,2,True,0.9817500000000001,0.98597260005701,0.9834390400228041,7.2102326687231155,657,14.962361141820837,876,7.210088929182375,243
33,19,escaped,38,2,True,0.9905,0.9868278275557556,0.9890311310223023,1.0905030619357046,342,10.55901718656999,456,1.090493005205374,45
33,20,escaped,45,2,True,0.98875,0.9876527808077977,0.9883111123231191,3.297750667796082,405,8.937995837183664,540,3.2977331272565387,144
33,21,escaped,61,2,True,0.98475,0.9780899889527387,0.9820859955810954,11.201933737024492,549,17.1403445238245,732,11.201899109368542,279
33,22,escaped,53,2,True,0.98675,0.9905760014246723,0.9882804005698689,4.115653663811663,477,6.499787969401288,636,4.115613704567109,144
33,23,escaped,25,2,True,0.99375,0.9899674056398604,0.9922369622559442,2.87105184503786,225,2.191487489366577,300,2.870941639705758,72
33,24,escaped,56,2,True,0.9860000000000001,0.9874635138922616,0.9865854055569047,1.690174682360265,504,14.595471085653376,672,1.6901639890640547,117
33,25,escaped,49,2,True,0.9877500000000001,0.9866787069188447,0.987321482767538,7.1601073994039925,441,6.119030797566597,588,7.159712313569532,171
33,26,escaped,87,2,True,0.9782500000000001,0.9852724019425576,0.981058960777023,11.62908284698916,783,15.245780947954215,1044,11.628226988062213,315
33,27,escaped,52,2,True,0.9870000000000001,0.985636724011842,0.9864546896047368,4.463602450175095,468,11.973898499654357,624,4.46294549804387,126
33,28,escaped,31,2,True,0.9922500000000001,0.9862224507371836,0.9898389802948735,2.5438994669698647,279,6.858630695575539,372,2.543150199570656,117
33,29,escaped,32,2,True,0.9920000000000001,0.9880424262464009,0.9904169704985605,1.7443336258815947,288,6.857638474921982,384,1.7443240045339112,54
33,30,escaped,15,2,True,0.9962500000000001,0.9971100047617546,0.9965940019047019,1.0063449499981985e-05,135,1.0403848678356642,180,0,0
33,31,escaped,18,2,True,0.9955,0.9918010786634341,0.9940204314653738,0.30143559178805757,162,3.140019895012366,216,0.3012320486305865,36
33,32,escaped,41,2,True,0.9897500000000001,0.9897553390624236,0.9897521356249696,2.3538726331151967,369,6.942249518421504,492,2.352904641829314,63
33,33,caught,27,1,False,0.1,0.979984987711781,0.45199399508471244,5.2515053739790405,243,5.9677207974605375,324,5.251495139304653,126
33,34,escaped,8,2,True,0.9980000000000001,0.9941554592704233,0.9964621837081693,0.023116814193668112,72,1.0913294011538457,96,0.02310942471961967,36
33,35,escaped,20,2,True,0.9950000000000001,0.9976972798853763,0.9960789119541507,0.0016164082274383294,180,1.1031504440494897,240,0.0016107434592905758,45
33,36,escaped,60,2,True,0.9850000000000001,0.9906096106934184,0.9872438442773674,4.322046580118689,540,7.759431827985906,720,4.322036240381022,144
33,37,escaped,73,2,True,0.9817500000000001,0.9880585734947085,0.9842734293978834,6.398192957336733,657,12.39045529415509,876,6.397945143024959,468
33,38,escaped,87,2,True,0.9782500000000001,0.9876991383897484,0.9820296553558994,12.206194205347073,783,9.409273435075793,1044,12.206161678941461,468
33,39,caught,19,0,False,0.0,0.9884175765043803,0.39536703060175216,1.0093539384395893,171,3.935779862749796,228,1.0093461440044538,36
33,40,caught,36,2,False,0.2,0.9876349735316851,0.515053989412674,1.2671265156607692,324,8.993880847743077,432,1.2668656396351459,81
33,41,escaped,41,2,True,0.9897500000000001,0.9921888811505902,0.9907255524602362,0.34087224837761215,369,7.231644616649105,492,0.34084600760897343,81
33,42,escaped,19,2,True,0.9952500000000001,0.9916040969935368,0.9937916387974148,0.4475306836898353,171,3.2318241926941034,228,0.4474731708754671,81
33,43,escaped,37,2,True,0.99075,0.9838415877612036,0.9879866351044815,2.5764664729662425,333,10.913381437429587,444,2.5763998217574677,108
33,44,escaped,83,2,True,0.9792500000000001,0.9803876344788662,0.9797050537915466,12.290466412051845,747,22.68054356869595,996,12.289710732486737,252
33,45,escaped,47,2,True,0.9882500000000001,0.9871225749769436,0.9877990299907774,2.7035225161170695,423,10.921038737851552,564,2.7035145338495132,54
33,46,escaped,35,2,True,0.9912500000000001,0.9898311976169394,0.9906824790467758,3.2978822056316153,315,4.144617727595433,420,3.2978729084161853,135
33,47,escaped,75,2,True,0.9812500000000001,0.979318305406814,0.9804773221627257,13.401340871864399,675,19.35859577191559,900,13.401281939407808,288
33,48,escaped,44,2,True,0.9890000000000001,0.9910847469801327,0.9898338987920532,2.651258363411946,396,5.879496037763904,528,2.6507996276968933,108
33,49,escaped,56,2,True,0.9860000000000001,0.9865641227071127,0.9862256490828452,3.348745870311332,504,13.592824587892164,672,3.348737702131179,126
33,50,escaped,67,2,True,0.9832500000000001,0.9853505199575673,0.9840902079830269,8.972420373372872,603,11.59313674373473,804,8.972062510566365,234
33,51,caught,46,2,False,0.2,0.9861820875825797,0.5144728350330319,4.575363413367847,414,9.15449075767486,552,4.575301376754812,126
33,52,escaped,85,2,True,0.97875,0.9869627105613957,0.9820350842245582,10.769980583978661,765,12.23609634278127,1020,10.769859472920016,351
33,53,escaped,61,2,True,0.98475,0.9877976570154076,0.985969062806163,2.5898987588356666,549,14.411031784329166,732,2.5898365136163917,117
33,54,escaped,68,2,True,0.9830000000000001,0.9850483286573444,0.9838193314629378,4.541136227721422,612,18.3462793275855,816,4.540857483126167,171
33,55,escaped,50,2,True,0.9875,0.9885235221917701,0.9879094088767081,5.730352637467442,450,6.131303186586012,600,5.730338904156386,180
33,56,escaped,65,2,True,0.9837500000000001,0.9820815437235392,0.9830826174894157,7.967044272277419,585,17.330066094909032,780,7.965698836618676,207
33,57,escaped,69,2,True,0.98275,0.9854040614036812,0.9838116245614725,7.887648320999512,621,13.654009887504497,828,7.887306014274108,171
33,58,escaped,58,2,True,0.9855,0.9878624389566314,0.9864449755826527,4.689769027674972,522,10.642459602135748,696,4.689356692615214,126
33,59,escaped,50,2,True,0.9875,0.9861809448793811,0.9869723779517525,7.140461739658106,450,7.062250491865194,600,7.140453661778945,225
33,60,escaped,24,2,True,0.9940000000000001,0.9947059704312214,0.9942823881724887,0.013149613735395188,216,3.0318282133026,288,0.013004317004210052,18
33,61,escaped,71,2,True,0.9822500000000001,0.9901935506140978,0.9854274202456392,1.5151203134741145,639,14.690029335611973,852,1.5150298098477852,153
33,62,escaped,35,2,True,0.9912500000000001,0.9861530690966267,0.9892112276386507,2.0368869299532304,315,8.915572718895971,420,2.0364002456829127,81
33,63,escaped,47,2,True,0.9882500000000001,0.990126193543399,0.9890004774173596,1.8546933733376452,423,8.664729185262377,564,1.8545420420382879,135
34,0,escaped,129,2,True,0.9677500000000001,0.9832892822638583,0.9739657129055433,15.84327847254142,1161,30.612010814372784,1548,15.84327847254142,360
34,1,escaped,131,2,True,0.96725,0.9892897638092782,0.9760659055237113,10.69042739183485,1179,19.419079394516046,1572,10.69042739183485,324
34,2,escaped,80,2,True,0.9800000000000001,0.9837732440335153,0.9815092976134062,11.422502800964459,720,15.925367721031439,960,11.422502800964459,324
34,3,escaped,141,2,True,0.9647500000000001,0.9887874872396564,0.9743649948958626,5.915239897998646,1269,30.05615665033815,1692,5.915239897998646,144
34,4,escaped,91,2,True,0.9772500000000001,0.9841226521885903,0.9799990608754362,6.610243762892209,819,25.862469269595746,1092,6.610243762892209,153
34,5,escaped,99,2,True,0.9752500000000001,0.9885941205912837,0.9805876482365136,6.754283336265044,891,18.094658360089895,1188,6.754283336265044,207
34,6,escaped,62,2,True,0.9845,0.9845899167097083,0.9845359666838833,8.208045843509005,558,11.986142811275322,744,8.208045843509005,216
34,7,escaped,78,2,True,0.9805,0.9916646765739647,0.984965870629586,3.086175763391803,702,11.488824435682291,936,3.086175763391803,99
34,8,escaped,111,2,True,0.9722500000000001,0.9873076957022627,0.9782730782809052,13.85054723627696,999,15.344902334136208,1332,13.85054723627696,252
34,9,timeout,200,2,False,0.2,0.9864639479523053,0.5145855791809222,14.357604820603592,1800,45.82957673479645,2400,14.357604820603592,612
34,10,escaped,65,2,True,0.9837500000000001,0.9839921261932824,0.983846850477313,10.32536366405681,585,11.205131586403793,780,10.32536366405681,234
34,11,escaped,107,2,True,0.9732500000000001,0.9902868059023098,0.9800647223609239,4.61149991854472,963,18.79481588480894,1284,4.61149991854472,144
34,12,escaped,16,2,True,0.9960000000000001,0.9947699472413694,0.9955079788965477,0.015804042012607995,144,1.987268203297351,192,0.015804042012607995,18
34,13,escaped,91,2,True,0.9772500000000001,0.9853703599277627,0.9804981439711051,10.369541186437173,819,18.125079002516646,1092,10.369541186437173,342
34,14,escaped,141,2,True,0.9647500000000001,0.9902505238249311,0.9749502095299725,3.5244944400293345,1269,28.292901456394315,1692,3.5244944400293345,243
34,15,escaped,116,2,True,0.9710000000000001,0.983538599034625,0.9760154396138501,13.252162878524125,1044,28.158989782904968,1392,13.252162878524125,351
34,16,escaped,101,2,True,0.9747500000000001,0.9922360194193003,0.9817444077677202,1.5093477660025245,909,16.807425239612844,1212,1.5093477660025245,36
34,17,escaped,119,2,True,0.9702500000000001,0.991088165673706,0.9785852662694825,3.0076893161862603,1071,21.441946414314057,1428,3.0076893161862603,342
34,18,escaped,81,2,True,0.9797500000000001,0.9880213484090125,0.9830585393636051,4.439930219858101,729,17.366591733069008,972,4.439930219858101,207
34,19,escaped,121,2,True,0.9697500000000001,0.9818424817128365,0.9745869926851347,23.722023575304018,1089,21.10006833885089,1452,23.722023575304018,576
34,20,escaped,77,2,True,0.98075,0.9851168913572701,0.9824967565429081,9.431592524129407,693,14.928528072925694,924,9.431592524129407,234
34,21,escaped,106,2,True,0.9735,0.984925028782968,0.9780700115131872,10.368020143186019,954,24.526699918548214,1272,10.368020143186019,342
34,22,caught,59,2,False,0.2,0.9924121379675196,0.5169648551870079,3.570887208298147,531,5.983229693594732,708,3.570887208298147,81
34,23,escaped,136,2,True,0.9660000000000001,0.9943225655754446,0.9773290262301779,0.0,1224,18.531145961748845,1632,0.0,54
34,24,escaped,120,2,True,0.9700000000000001,0.9874908014715378,0.9769963205886152,7.505644727683526,1080,26.01896545839326,1440,7.505644727683526,297
34,25,escaped,90,2,True,0.9775,0.985464591710502,0.9806858366842008,12.698391042056349,810,14.465293849240528,1080,12.698391042056349,324
34,26,escaped,115,2,True,0.9712500000000001,0.9902782629103143,0.9788613051641257,7.191397881169232,1035,17.243463859306935,1380,7.191397881169232,207
34,27,escaped,92,2,True,0.9770000000000001,0.9865935002608087,0.9808374001043236,2.6944051713714883,828,26.009011195639033,1104,2.6944051713714883,153
34,28,escaped,88,2,True,0.9780000000000001,0.9905632601243958,0.9830253040497583,3.766151541956301,792,14.908859228000994,1056,3.766151541956301,162
34,29,escaped,89,2,True,0.9777500000000001,0.9868349781576722,0.9813839912630689,6.256685109996794,801,19.77823984188306,1068,6.256685109996794,225
34,30,escaped,77,2,True,0.98075,0.9913134030332696,0.9849753612133079,2.5542518331511337,693,12.647162083649434,924,2.5542518331511337,135
34,31,caught,74,2,False,0.2,0.9852310653548775,0.514092426141951,11.294064827091857,666,11.170874826948388,888,11.294064827091857,360
34,32,escaped,122,2,True,0.9695,0.9901342007372185,0.9777536802948874,1.4955727659845268,1098,26.89296322011155,1464,1.4955727659845268,72
34,33,escaped,137,2,True,0.9657500000000001,0.9883632202415119,0.9747952880966049,5.8965273987961835,1233,30.39969531418061,1644,5.8965273987961835,468
34,34,escaped,13,2,True,0.99675,0.9715931363638327,0.9866872545455331,4.3670573925735825,117,3.0401982643860874,156,4.3670573925735825,90
34,35,escaped,101,2,True,0.9747500000000001,0.9920054071304464,0.9816521628521786,0.017758892600411053,909,19.355214592330835,1212,0.017758892600411053,90
34,36,caught,125,1,False,0.1,0.9876293324116994,0.45505173296467977,7.6541402027378105,1125,26.90648249458498,1500,7.6541402027378105,225
34,37,escaped,93,2,True,0.97675,0.98942027828372,0.9818181113134881,6.819868070490541,837,14.520781443416244,1116,6.819868070490541,603
34,38,escaped,117,2,True,0.9707500000000001,0.9860456245635022,0.9768682498254009,17.90707583706487,1053,15.30778510959925,1404,17.90707583706487,423
34,39,escaped,107,2,True,0.9732500000000001,0.9869668882216353,0.9787367552886541,7.718081518059629,963,23.17825568942771,1284,7.718081518059629,324
34,40,escaped,80,2,True,0.9800000000000001,0.9831747997616048,0.981269919904642,6.510215724852293,720,23.624096824582395,960,6.510215724852293,288
34,41,escaped,164,2,True,0.9590000000000001,0.9858696150487724,0.969747846019509,16.541528442250165,1476,33.56182391169827,1968,16.541528442250165,432
34,42,escaped,61,2,True,0.98475,0.9844017006084436,0.9846106802433774,10.420549833020553,549,8.94184386521123,732,10.420549833020553,342
34,43,escaped,81,2,True,0.9797500000000001,0.988271263442436,0.9831585053769745,3.122026058471061,729,18.637962456609753,972,3.122026058471061,189
34,44,escaped,157,2,True,0.9607500000000001,0.9850100911233941,0.9704540364493577,12.965765924972533,1413,39.19428874708777,1884,12.965765924972533,369
34,45,escaped,108,2,True,0.9730000000000001,0.985399144549297,0.9779596578197188,8.502239372151124,972,26.509098165354104,1296,8.502239372151124,351
34,46,escaped,92,2,True,0.9770000000000001,0.9903495589529989,0.9823398235811996,5.209935965576236,828,14.361592544343488,1104,5.209935965576236,144
34,47,caught,83,1,False,0.1,0.9823549593527348,0.4529419837410939,9.142719467153043,747,22.958628346481618,996,9.142719467153043,198
34,48,escaped,53,2,True,0.98675,0.9852727479556432,0.9861590991822573,8.286576916134106,477,7.684295378909645,636,8.286576916134106,207
34,49,escaped,152,2,True,0.9620000000000001,0.9885449788089955,0.9726179915235983,8.80158690855304,1368,30.052468093380227,1824,8.80158690855304,360
34,50,escaped,119,2,True,0.9702500000000001,0.989341697683261,0.9778866790733045,10.07755882126856,1071,17.00336632158191,1428,10.07755882126856,459
34,51,escaped,156,2,True,0.9610000000000001,0.9845170954877611,0.9704068381951045,19.68924691688151,1404,31.715665271313526,1872,19.68924691688151,684
34,52,escaped,105,2,True,0.9737500000000001,0.9890143895639228,0.9798557558255692,9.512193061524124,945,15.00081421688235,1260,9.512193061524124,216
34,53,escaped,148,2,True,0.9630000000000001,0.9884445976682427,0.973177839067297,14.172660928938113,1332,22.147907843817936,1776,14.172660928938113,477
34,54,escaped,184,2,True,0.9540000000000001,0.9847694625299036,0.9663077850119615,15.341606810652955,1656,46.80257772040854,2208,15.341606810652955,567
34,55,escaped,119,2,True,0.9702500000000001,0.9931404114612358,0.9794061645844944,2.205188823883141,1071,16.65073310153311,1428,2.205188823883141,198
34,56,escaped,129,2,True,0.9677500000000001,0.9856611090905857,0.9749144436362343,8.158815408120777,1161,33.514785711385834,1548,8.158815408120777,297
34,57,caught,9,0,False,0.0,0.9694590215882728,0.38778360863530914,4.186464406923441,81,1.0148987943684764,108,4.186464406923441,36
34,58,escaped,62,2,True,0.9845,0.9887682193942616,0.9862072877577046,3.7825656709596953,558,11.669468646725763,744,3.7825656709596953,63
34,59,escaped,149,2,True,0.9627500000000001,0.9908163355176942,0.9739765342070776,5.739402195940284,1341,25.188247927471984,1788,5.739402195940284,540
34,60,escaped,103,2,True,0.9742500000000001,0.9918349604658541,0.9812839841863417,1.8191287445201483,927,17.75847273571528,1236,1.8191287445201483,180
34,61,escaped,123,2,True,0.9692500000000001,0.9888165172686519,0.9770766069074608,4.735142410829689,1107,26.700117808499925,1476,4.735142410829689,216
34,62,caught,81,2,False,0.2,0.9824844679614739,0.5129937871845895,10.301562087245248,729,20.314778166567613,972,10.301562087245248,342
34,63,caught,129,1,False,0.1,0.9828654457023853,0.45314617828095416,13.190975010406758,1161,35.46061342487271,1548,13.190975010406758,423
35,0,escaped,62,2,True,0.9845,0.9851913884869602,0.984776555394784,6.69474336348552,558,13.108889446755862,744,6.69474336348552,225
35,1,escaped,167,2,True,0.95825,0.9875678013264593,0.9699771205305837,20.723885485528303,1503,22.19640496951351,2004,20.723885485528303,675
35,2,caught,84,2,False,0.2,0.9802050680035681,0.5120820272014273,17.79092960678516,756,16.18534342909319,1008,17.79092960678516,477
35,3,escaped,86,2,True,0.9785,0.986103930669404,0.9815415722677616,10.00997549724078,774,15.334853102029085,1032,10.00997549724078,306
35,4,escaped,116,2,True,0.9710000000000001,0.9784688331437249,0.97398753325749,24.131626128887028,1044,27.767267022687115,1392,24.131626128887028,513
35,5,escaped,56,2,True,0.9860000000000001,0.9924937918533586,0.9885975167413434,0.7200146459407822,504,9.128324221165007,672,0.7200146459407822,90
35,6,escaped,75,2,True,0.9812500000000001,0.9854624238945976,0.9829349695578391,7.460485951414112,675,16.220322387838873,900,7.460485951414112,360
35,7,escaped,14,2,True,0.9965,0.9969603950587791,0.9966841580235116,0.0006250000000000011,126,1.0204739269169032,168,0.0006250000000000011,9
35,8,escaped,33,2,True,0.99175,0.9905627500706867,0.9912751000282747,3.7155095445785253,297,2.5202892179114462,396,3.7155095445785253,126
35,9,escaped,82,2,True,0.9795,0.9888409336796855,0.9832363734718742,3.1114958158404975,738,17.812381430591667,984,3.1114958158404975,180
35,10,caught,25,1,False,0.1,0.9863840997395513,0.45455363989582054,4.332146594581166,225,2.393344696827622,300,4.332146594581166,90
35,11,escaped,25,2,True,0.99375,0.9968520134644552,0.9949908053857821,0.029309051991276792,225,1.8497131853385456,300,0.029309051991276792,54
35,12,escaped,36,2,True,0.9910000000000001,0.9895869541165623,0.990434781646625,3.676655483867649,324,4.094664331466701,432,3.676655483867649,99
35,13,escaped,90,2,True,0.9775,0.9871049902755947,0.9813419961102379,7.623262357107767,810,17.688871195238416,1080,7.623262357107767,306
35,14,escaped,80,2,True,0.9800000000000001,0.9880760854046384,0.9832304341618554,7.715794879681706,720,12.606189516851918,960,7.715794879681706,387
35,15,escaped,97,2,True,0.9757500000000001,0.98592230323824,0.9798189212952961,7.818270261188391,873,22.348517713126018,1164,7.818270261188391,288
35,16,escaped,25,2,True,0.99375,0.9950561511821162,0.9942724604728465,0.0,225,2.9663092907302757,300,0.0,9
35,17,escaped,63,2,True,0.9842500000000001,0.9866441726631457,0.9852076690652584,5.403231097826216,567,12.989702802888758,756,5.403231097826216,189
35,18,escaped,79,2,True,0.9802500000000001,0.9876464072846407,0.9832085629138564,5.479874104363568,711,16.115912982503144,948,5.479874104363568,252
35,19,escaped,38,2,True,0.9905,0.9867379130332145,0.9889951652132858,1.0201012708966066,342,10.734888285846282,456,1.0201012708966066,54
35,20,escaped,53,2,True,0.98675,0.990585852315302,0.9882843409261208,2.1029844406652085,477,9.170816600715508,636,2.1029844406652085,153
35,21,escaped,30,2,True,0.9925,0.9836936807688417,0.9889774723075367,2.6903703341117455,270,8.153389400951706,360,2.6903703341117455,81
35,22,escaped,35,2,True,0.9912500000000001,0.9948680724277849,0.992697228971114,0.024429539560384995,315,4.27824644124687,420,0.024429539560384995,45
35,23,escaped,27,2,True,0.9932500000000001,0.9846876646285058,0.9898250658514023,5.639464261225171,243,2.4031076390946806,324,5.639464261225171,90
35,24,escaped,47,2,True,0.9882500000000001,0.9887992389633693,0.9884696955853477,0.059918306105188446,423,12.554567374512546,564,0.059918306105188446,72
35,25,escaped,100,2,True,0.9750000000000001,0.9873480536787897,0.979939221471516,10.862210423357276,900,15.881723939761454,1200,10.862210423357276,387
35,26,escaped,59,2,True,0.9852500000000001,0.9898825004517322,0.987103000180693,2.9736669877767103,531,10.361490043311584,708,2.9736669877767103,135
35,27,escaped,32,2,True,0.9920000000000001,0.9813602051860647,0.987744082074426,4.165709855678819,288,8.761082609530577,384,4.165709855678819,99
35,28,escaped,33,2,True,0.99175,0.9817770694488454,0.9877608277795381,5.748047471713267,297,6.768497700896784,396,5.748047471713267,126
35,29,escaped,32,2,True,0.9920000000000001,0.9894570255287126,0.9909828102114852,0.9624130963343733,288,6.813786932169507,384,0.9624130963343733,45
35,30,escaped,15,2,True,0.9962500000000001,0.9972391154519603,0.9966456461807842,0.0,135,0.9939184372943034,180,0,0
35,31,escaped,24,2,True,0.9940000000000001,0.9859091053291688,0.9907636421316676,2.361011083845544,216,4.968340551938048,288,2.361011083845544,54
35,32,escaped,38,2,True,0.9905,0.9881313261970874,0.9895525304788351,2.7877956232729124,342,7.107169677225741,456,2.7877956232729124,54
35,33,escaped,45,2,True,0.98875,0.9874409809473563,0.9882263923789425,3.616087084346101,405,8.742291131060362,540,3.616087084346101,162
35,34,escaped,8,2,True,0.9980000000000001,0.994390463291615,0.996556185316646,0.01692148744845379,72,1.0544690647453203,96,0.01692148744845379,36
35,35,escaped,19,2,True,0.9952500000000001,0.9997829069761531,0.9970631627904614,0.0018700299509835914,171,0.09650104560621649,228,0.0018700299509835914,45
35,36,escaped,42,2,True,0.9895,0.9914193574128515,0.9902677429651406,3.8641496157131705,378,3.497088240228126,504,3.8641496157131705,135
35,37,escaped,95,2,True,0.9762500000000001,0.9877290730657143,0.9808416292262858,8.020755556177578,855,17.28337266860133,1140,8.020755556177578,297
35,38,escaped,96,2,True,0.9760000000000001,0.9904355537998231,0.9817742215199292,9.058343195825696,864,9.958693117440026,1152,9.058343195825696,396
35,39,caught,19,0,False,0.0,0.9847797367729432,0.3939118947091773,2.243107827067177,171,3.949629595448329,228,2.243107827067177,27
35,40,escaped,30,2,True,0.9925,0.9857887574493304,0.9898155029797322,0.8509443346900177,270,9.097502190228765,360,0.8509443346900177,108
35,41,escaped,48,2,True,0.9880000000000001,0.9886436501881936,0.9882574600752774,3.6580856696689614,432,8.205067423642385,576,3.6580856696689614,126
35,42,escaped,22,2,True,0.9945,0.9937118779737775,0.994184751189511,0.10811189270401272,198,3.1759792395734636,264,0.10811189270401272,72
35,43,escaped,61,2,True,0.98475,0.9834731177142815,0.9842392470857126,7.867209039152079,549,13.70574361408908,732,7.867209039152079,252
35,44,caught,39,0,False,0.0,0.978144682869889,0.3912578731479556,7.516055364851543,351,10.435169680648558,468,7.516055364851543,144
35,45,escaped,42,2,True,0.9895,0.9833397507060577,0.9870359002824232,5.108846763899962,378,9.981735603093812,504,5.108846763899962,90
35,46,escaped,51,2,True,0.9872500000000001,0.9893066474686855,0.9880726589874742,4.236360612072714,459,7.4401826822320904,612,4.236360612072714,135
35,47,escaped,80,2,True,0.9800000000000001,0.9802424902775336,0.9800969961110135,11.52790540699858,720,22.56387812447072,960,11.52790540699858,207
35,48,escaped,51,2,True,0.9872500000000001,0.9910336174550537,0.9887634469820216,2.8954972294133365,459,7.114189262463097,612,2.8954972294133365,99
35,49,escaped,43,2,True,0.9892500000000001,0.9809612901274279,0.9859345160509712,5.7735557026704,387,11.94987431826713,516,5.7735557026704,162
35,50,escaped,43,2,True,0.9892500000000001,0.9892631433937665,0.9892552573575066,2.424983727329974,387,7.847124381192936,516,2.424983727329974,117
35,51,escaped,49,2,True,0.9877500000000001,0.9831262615604318,0.9859005046241728,7.390658079974989,441,9.989305631632142,588,7.390658079974989,198
35,52,escaped,74,2,True,0.9815,0.9851341213847896,0.9829536485539159,10.619892434369367,666,12.241943841454429,888,10.619892434369367,288
35,53,escaped,44,2,True,0.9890000000000001,0.9900675240814044,0.9894270096325618,1.1152126014416002,396,9.001744434781521,528,1.1152126014416002,81
35,54,escaped,55,2,True,0.9862500000000001,0.9818264626676414,0.9844805850670566,6.212826316816942,495,15.705300856290728,660,6.212826316816942,189
35,55,escaped,52,2,True,0.9870000000000001,0.9900322643503044,0.9882129057401219,4.290612961926849,468,6.718916808250933,624,4.290612961926849,180
35,56,escaped,69,2,True,0.98275,0.9862154926039868,0.9841361970415947,3.8309350227863117,621,17.71923088408285,828,3.8309350227863117,171
35,57,escaped,45,2,True,0.98875,0.9866818254668082,0.9879227301867233,3.694501014665842,405,9.457627142959375,540,3.694501014665842,90
35,58,escaped,40,2,True,0.9900000000000001,0.9914816835594343,0.9905926734237738,1.5628405040543132,360,6.09379644420392,480,1.5628405040543132,54
35,59,escaped,50,2,True,0.9875,0.993385891724437,0.9898543566897748,0.07510879283510395,450,7.836784873562088,600,0.07510879283510395,90
35,60,escaped,24,2,True,0.9940000000000001,0.9948563783680817,0.9943425513472328,0.009518611912580069,216,2.950034577434806,288,0.009518611912580069,18
35,61,escaped,47,2,True,0.9882500000000001,0.9892832157903655,0.9886632863161462,2.702826651417985,423,8.484763719910426,564,2.702826651417985,108
35,62,escaped,36,2,True,0.9910000000000001,0.9843557047774684,0.9883422819109874,3.3353476283876775,324,9.069540901083728,432,3.3353476283876775,108
35,63,escaped,50,2,True,0.9875,0.9900633651563577,0.9885253460625432,1.7676260464730509,450,9.567127083739956,600,1.7676260464730509,198
36,0,escaped,59,2,True,0.9852500000000001,0.987088678671868,0.9859854714687473,4.73042608529922,531,11.975196220235997,708,4.73042608529922,135
36,1,timeout,200,2,False,0.2,0.9871095602580482,0.5148438241032193,23.832545079254267,1800,30.097383989029694,2400,23.832545079254267,675
36,2,escaped,73,2,True,0.9817500000000001,0.9865509764039673,0.983670390561587,7.816925277895407,657,13.140122303055385,876,7.816925277895407,414
36,3,escaped,60,2,True,0.9850000000000001,0.9907233399738307,0.9872893359895324,3.375650664459181,540,8.857522885071672,720,3.375650664459181,189
36,4,escaped,43,2,True,0.9892500000000001,0.9815063581450585,0.9861525432580234,3.7067510356729114,387,14.143103680069148,516,3.7067510356729114,63
36,5,escaped,55,2,True,0.9862500000000001,0.990187467168282,0.9878249868673128,1.9390632690408551,495,10.367125645813365,660,1.9390632690408551,153
36,6,escaped,40,2,True,0.9900000000000001,0.9867812504268406,0.9887125001707364,5.426335705466147,360,5.454885316278192,480,5.426335705466147,153
36,7,escaped,14,2,True,0.9965,0.9969550344605786,0.9966820137842315,0.0006250000000000011,126,1.0222750879122315,168,0.0006250000000000011,9
36,8,escaped,46,2,True,0.9885,0.9938468728277252,0.9906387491310901,2.7690983711503097,414,3.1009212366576224,552,2.7690983711503097,126
36,9,escaped,85,2,True,0.97875,0.9848536491624901,0.981191459664996,10.024218150450793,765,17.532931507919102,1020,10.024218150450793,351
36,10,escaped,59,2,True,0.9852500000000001,0.9864217584841601,0.9857187033936641,8.06367240039135,531,8.47522678590741,708,8.06367240039135,225
36,11,escaped,25,2,True,0.99375,0.9968675545847242,0.9949970218338897,0.029309051991276792,225,1.84038851317714,300,0.029309051991276792,54
36,12,escaped,13,2,True,0.99675,0.9936158770575635,0.9954963508230255,0.0,117,1.9918463580401886,156,0,0
36,13,escaped,51,2,True,0.9872500000000001,0.9787557283435824,0.983852291337433,14.06403119762615,459,7.250946910620272,612,14.06403119762615,225
36,14,escaped,80,2,True,0.9800000000000001,0.9879202324718114,0.9831680929887247,7.715794879681706,720,12.905427147879982,960,7.715794879681706,387
36,15,escaped,98,2,True,0.9755,0.9855836479342509,0.9795334591737004,8.718524936295161,882,22.282560143581613,1176,8.718524936295161,378
36,16,escaped,25,2,True,0.99375,0.995056266836962,0.9942725067347848,0.0,225,2.96623989782276,300,0.0,9
36,17,escaped,49,2,True,0.9877500000000001,0.9868296290144065,0.9873818516057626,5.118963547301119,441,8.663071549323107,588,5.118963547301119,162
36,18,escaped,83,2,True,0.9792500000000001,0.9900684435699947,0.9835773774279979,2.988554430222279,747,15.798921168274303,996,2.988554430222279,243
36,19,escaped,38,2,True,0.9905,0.9868037989065463,0.9890215195626186,1.0201012708966066,342,10.674800369367556,456,1.0201012708966066,54
36,20,escaped,53,2,True,0.98675,0.9909592770593695,0.9884337108237478,1.236927174939464,477,9.850563347229437,636,1.236927174939464,153
36,21,escaped,29,2,True,0.99275,0.9822251190889997,0.9885400476355999,3.0934563207129258,261,8.246708686438977,348,3.0934563207129258,72
36,22,escaped,35,2,True,0.9912500000000001,0.9948765488599624,0.9927006195439849,0.024429539560384995,315,4.271126238217782,420,0.024429539560384995,45
36,23,escaped,24,2,True,0.9940000000000001,0.9838526895144355,0.9899410758057743,5.300486706645884,216,2.2335352308239886,288,5.300486706645884,81
36,24,escaped,57,2,True,0.9857500000000001,0.9863613243133079,0.9859945297253232,2.387025913078868,513,15.475007121956235,684,2.387025913078868,90
36,25,escaped,77,2,True,0.98075,0.9829153466126672,0.9816161386450669,14.965956578395701,693,11.61783068859663,924,14.965956578395701,324
36,26,escaped,66,2,True,0.9835,0.986870902700002,0.9848483610800007,6.836980752420965,594,11.680515786635485,792,6.836980752420965,234
36,27,escaped,40,2,True,0.9900000000000001,0.9854546345516214,0.9881818538206486,4.198556181457184,360,8.365475921833854,480,4.198556181457184,126
36,28,escaped,32,2,True,0.9920000000000001,0.9853776353771007,0.9893510541508403,3.4039106634530594,288,6.691428479115965,384,3.4039106634530594,108
36,29,escaped,33,2,True,0.99175,0.9898333564253783,0.9909833425701513,0.034278189986338234,297,8.006277457785318,396,0.034278189986338234,63
36,30,escaped,15,2,True,0.9962500000000001,0.9972391162878856,0.9966456465151543,0.0,135,0.9939181363611884,180,0,0
36,31,escaped,24,2,True,0.9940000000000001,0.988406756537183,0.9917627026148732,1.3167771204949672,216,4.922005407255975,288,1.3167771204949672,45
36,32,escaped,39,2,True,0.9902500000000001,0.9889461385666176,0.9897284554266471,2.5150491023622656,351,6.993015498496212,468,2.5150491023622656,63
36,33,caught,27,1,False,0.1,0.9793864458431285,0.4517545783372514,5.605346670728086,243,5.883787532681984,324,5.605346670728086,135
36,34,escaped,8,2,True,0.9980000000000001,0.9944082957407729,0.9965633182963092,0.01692148744845379,72,1.051045234506996,96,0.01692148744845379,36
36,35,escaped,16,2,True,0.9960000000000001,0.9955437417462402,0.9958174966984961,0.9702683683088905,144,0.41751201169859414,192,0.9702683683088905,36
36,36,escaped,45,2,True,0.98875,0.9963339349241387,0.9917835739696554,0.5599215108589904,405,3.212788267451563,540,0.5599215108589904,135
36,37,escaped,94,2,True,0.9765,0.9907240083672556,0.9821896033469022,4.808665245023719,846,14.515083463439666,1128,4.808665245023719,432
36,38,escaped,77,2,True,0.98075,0.991229557009999,0.9849418228039997,5.229200125788367,693,9.235511811137306,924,5.229200125788367,288
36,39,caught,19,0,False,0.0,0.9847889908259158,0.3939155963303663,2.243107827067177,171,3.9454097472928416,228,2.243107827067177,27
36,40,escaped,45,2,True,0.98875,0.9859008803764334,0.9876103521505734,2.4140205625024977,405,12.008355110115286,540,2.4140205625024977,108
36,41,escaped,49,2,True,0.9877500000000001,0.9888539051947144,0.9881915620778858,3.6580856696689614,441,8.230359931457247,588,3.6580856696689614,126
36,42,escaped,21,2,True,0.99475,0.9935139423740676,0.9942555769496271,0.09831317905063289,189,3.137888804735727,252,0.09831317905063289,63
36,43,escaped,36,2,True,0.9910000000000001,0.988783034363326,0.9901132137453305,0.35409763169091946,324,9.219328134498404,432,0.35409763169091946,54
36,44,escaped,64,2,True,0.9840000000000001,0.980926396272464,0.9827705585089856,7.27420692650787,576,19.59811275681813,768,7.27420692650787,189
36,45,escaped,46,2,True,0.9885,0.9887436163230323,0.9885974465292129,0.9695749851910093,414,11.134280932450999,552,0.9695749851910093,45
36,46,escaped,40,2,True,0.9900000000000001,0.9922640504711638,0.9909056201884656,1.7841928871748642,360,5.047587698116178,480,1.7841928871748642,108
36,47,escaped,90,2,True,0.9775,0.9856664965109226,0.9807665986043691,4.438474159870394,810,25.04240198991333,1080,4.438474159870394,198
36,48,escaped,51,2,True,0.9872500000000001,0.9918354853720331,0.9890841941488133,1.9971577537285674,459,7.330488899660005,612,1.9971577537285674,126
36,49,escaped,45,2,True,0.98875,0.9813478619001164,0.9857891447600465,6.055934515853384,405,12.06972979340316,540,6.055934515853384,117
36,50,escaped,56,2,True,0.9860000000000001,0.9829482748776537,0.9847793099510616,9.029574176721589,504,10.878086328804617,672,9.029574176721589,171
36,51,escaped,68,2,True,0.9830000000000001,0.9853377351614111,0.9839350940645645,7.480294756853816,612,13.955089874105315,816,7.480294756853816,279
36,52,escaped,74,2,True,0.9815,0.9854752967270005,0.9830901186908002,10.424129247534177,666,11.897034016134942,888,10.424129247534177,261
36,53,escaped,44,2,True,0.9890000000000001,0.9898954386362131,0.9893581754544853,1.1152126014416002,396,9.183466664903515,528,1.1152126014416002,81
36,54,escaped,49,2,True,0.9877500000000001,0.9843154281606731,0.9863761712642692,3.598829136877136,441,13.646617633878897,588,3.598829136877136,153
36,55,escaped,48,2,True,0.9880000000000001,0.9864293362891217,0.9873717345156487,7.417021858333527,432,5.7440421171538585,576,7.417021858333527,180
36,56,escaped,62,2,True,0.9845,0.9861411874060888,0.9851564749624355,3.1167792755859973,558,16.46620743895848,744,3.1167792755859973,162
36,57,escaped,46,2,True,0.9885,0.9861793954335186,0.9875717581734074,3.6624157438129026,414,10.374726449644903,552,3.6624157438129026,108
36,58,escaped,42,2,True,0.9895,0.9891653337588648,0.989366133503546,2.692859815021695,378,7.330863817701998,504,2.692859815021695,54
36,59,escaped,47,2,True,0.9882500000000001,0.9889617553695008,0.9885347021478004,3.6528554297729103,423,7.5806660368391805,564,3.6528554297729103,117
36,60,escaped,24,2,True,0.9940000000000001,0.9948584444286341,0.9943433777714537,0.009518611912580069,216,2.948844526556612,288,0.009518611912580069,18
36,61,escaped,47,2,True,0.9882500000000001,0.9892147031729105,0.9886358812691642,2.702826651417985,423,8.562045952399595,564,2.702826651417985,108
36,62,escaped,37,2,True,0.99075,0.9838360535177032,0.9879844214070813,4.293413590968265,333,8.629033021655209,444,4.293413590968265,144
36,63,escaped,77,2,True,0.98075,0.9868538956232606,0.9831915582493043,4.367375211520191,693,18.47083393952079,924,4.367375211520191,288
37,0,escaped,57,2,True,0.9857500000000001,0.9874755723863817,0.9864402289545527,5.389088192659564,513,9.947966051883775,684,5.389088192659564,171
37,1,caught,196,2,False,0.2,0.9880876382234333,0.5152350552893733,19.898663883560715,1764,29.50419795222224,2352,19.898663883560715,909
37,2,escaped,79,2,True,0.9802500000000001,0.9828203141448922,0.981278125657957,12.784195952715647,711,15.527089777663361,948,12.784195952715647,342
37,3,escaped,58,2,True,0.9855,0.990454890835274,0.9874819563341097,3.8022885470938443,522,8.217073894506726,696,3.8022885470938443,189
37,4,escaped,61,2,True,0.98475,0.9817014295141736,0.9835305718056695,4.447313030105049,549,20.859356484443104,732,4.447313030105049,153
37,5,escaped,54,2,True,0.9865,0.9880434358156811,0.9871173743262724,3.649496712568078,486,10.629711566119807,648,3.649496712568078,180
37,6,escaped,73,2,True,0.9817500000000001,0.9840074561350749,0.98265298245403,10.045581963573182,657,14.62482756658447,876,10.045581963573182,432
37,7,escaped,14,2,True,0.9965,0.9970528399025042,0.9967211359610016,0.000625000000000001,126,0.9894124594252829,168,0.000625000000000001,9
37,8,escaped,45,2,True,0.98875,0.9937576782789862,0.9907530713115944,2.720954038972054,405,3.113768740065507,540,2.720954038972054,126
37,9,caught,60,2,False,0.2,0.9805556937226796,0.5122222774890719,12.18103209497985,540,11.758424912701512,720,12.18103209497985,279
37,10,caught,25,1,False,0.1,0.9891471447314826,0.455658857892593,3.2439842191672694,225,2.1864008688874175,300,3.2439842191672694,90
37,11,escaped,25,2,True,0.99375,0.9968644877577303,0.9949957951030921,0.021554042312578625,225,1.8525686222783675,300,0.021554042312578625,54
37,12,escaped,13,2,True,0.99675,0.9936640688661418,0.9955156275464567,0.0,117,1.9768105137637801,156,0,0
37,13,escaped,51,2,True,0.9872500000000001,0.9845852505240312,0.9861841002096126,8.776468477502242,459,7.165695388582727,612,8.776468477502242,189
37,14,escaped,80,2,True,0.9800000000000001,0.9879013162104152,0.9831605264841662,7.045271068863121,720,13.83577811751861,960,7.045271068863121,414
37,15,escaped,56,2,True,0.9860000000000001,0.9820481588864421,0.9844192635545769,8.106777504656606,504,13.318237783746316,672,8.106777504656606,225
37,16,escaped,25,2,True,0.99375,0.9948604581843562,0.9941941832737424,0.0,225,3.083725089386258,300,0.0,9
37,17,escaped,59,2,True,0.9852500000000001,0.9876996317965873,0.9862298527186351,3.7527296152356473,531,12.41368188905155,708,3.7527296152356473,162
37,18,escaped,79,2,True,0.9802500000000001,0.9876642550233301,0.9832157020093322,5.625757860655529,711,15.887561994892,948,5.625757860655529,252
37,19,escaped,38,2,True,0.9905,0.9869255287418663,0.9890702114967467,0.9793129047008698,342,10.61816724781674,456,0.9793129047008698,45
37,20,escaped,50,2,True,0.9875,0.9891492897305358,0.9881597158922144,2.564542970637453,450,9.601461695840449,600,2.564542970637453,153
37,21,escaped,27,2,True,0.9932500000000001,0.980543361662165,0.988167344664866,3.3349490187819817,243,8.161302951207773,324,3.3349490187819817,72
37,22,escaped,36,2,True,0.9910000000000001,0.9939255188903232,0.9921702075561294,0.023053525947174476,324,5.217613644164525,432,0.023053525947174476,45
37,23,escaped,26,2,True,0.9935,0.9827691837831011,0.9892076735132405,6.825797206302889,234,1.6509663776077355,312,6.825797206302889,99
37,24,escaped,50,2,True,0.9875,0.9888844753590927,0.9880537901436371,0.03507128406492147,450,13.291867857002105,600,0.03507128406492147,63
37,25,escaped,75,2,True,0.9812500000000001,0.9832644762742028,0.9820557905096812,15.12426974534723,675,9.958249712638628,900,15.12426974534723,288
37,26,escaped,69,2,True,0.98275,0.9859164628710615,0.9840165851484246,8.892752503588818,621,11.465334147403675,828,8.892752503588818,234
37,27,escaped,40,2,True,0.9900000000000001,0.9888569227840273,0.9895427691136109,1.4911582169453383,360,8.709143171406728,480,1.4911582169453383,108
37,28,escaped,31,2,True,0.9922500000000001,0.9835807665944327,0.9887823066377732,4.32183118182862,279,6.45346807797057,372,4.32183118182862,108
37,29,escaped,33,2,True,0.99175,0.9890949043873496,0.9906879617549398,0.23942408839592091,297,8.317603607357857,396,0.23942408839592091,63
37,30,escaped,15,2,True,0.9962500000000001,0.9972624337417311,0.9966549734966925,0.0,135,0.9855238529768072,180,0,0
37,31,escaped,21,2,True,0.99475,0.9884631111472847,0.9922352444589139,1.2085152187057884,189,4.203238356827441,252,1.2085152187057884,36
37,32,escaped,39,2,True,0.9902500000000001,0.9891178854912768,0.9897971541965108,2.491936233500647,351,6.8630775354973945,468,2.491936233500647,63
37,33,caught,27,1,False,0.1,0.9823835535520334,0.4529534214208134,4.104940821277352,243,5.9422028699125535,324,4.104940821277352,117
37,34,escaped,8,2,True,0.9980000000000001,0.9945063319909934,0.9966025327963974,0.015909212882556287,72,1.0335719738858626,96,0.015909212882556287,27
37,35,escaped,43,2,True,0.9892500000000001,0.9852279273901934,0.9876411709560774,4.6688014107608895,387,9.0197103856392,516,4.6688014107608895,162
37,36,escaped,40,2,True,0.9900000000000001,0.9914829991667037,0.9905931996666816,3.428046019054898,360,3.6055927745579783,480,3.428046019054898,144
37,37,escaped,97,2,True,0.9757500000000001,0.9894499957415718,0.9812299982966288,6.811831734229516,873,15.477967601314928,1164,6.811831734229516,585
37,38,escaped,93,2,True,0.97675,0.9892801330503026,0.981762053220121,9.042705125528217,837,11.869802864353554,1116,9.042705125528217,432
37,39,caught,19,0,False,0.0,0.9846976245470529,0.39387904981882116,2.2960897742564494,171,3.9164301742019285,228,2.2960897742564494,27
37,40,escaped,46,2,True,0.9885,0.9869100411455257,0.9878640164582102,1.9658732804790242,414,11.830150201367594,552,1.9658732804790242,108
37,41,escaped,48,2,True,0.9880000000000001,0.9885649455796681,0.9882259782318672,3.6264963734358497,432,8.337854194307893,576,3.6264963734358497,135
37,42,escaped,22,2,True,0.9945,0.9939320005634945,0.9942728002253978,0.06598597398464327,198,3.1159224038287157,264,0.06598597398464327,72
37,43,escaped,36,2,True,0.9910000000000001,0.985895033354161,0.9889580133416644,0.33289592133908513,324,11.742829953552821,432,0.33289592133908513,45
37,44,escaped,64,2,True,0.9840000000000001,0.9803857836468326,0.9825543134587331,7.90140269187565,576,19.59223272929767,768,7.90140269187565,171
37,45,escaped,45,2,True,0.98875,0.9888676991853624,0.988797079674145,0.9794765033369319,405,10.716916208692625,540,0.9794765033369319,54
37,46,escaped,59,2,True,0.9852500000000001,0.9907915307134548,0.987466612285382,2.2503837004173493,531,10.03868090919148,708,2.2503837004173493,99
37,47,escaped,78,2,True,0.9805,0.9798396616452043,0.9802358646580818,12.037983996158852,702,21.689508071965758,936,12.037983996158852,216
37,48,escaped,48,2,True,0.9880000000000001,0.9915134735886547,0.989405389435462,2.5724644542141255,432,6.346525820250952,576,2.5724644542141255,117
37,49,escaped,27,2,True,0.9932500000000001,0.9834499967839874,0.989329998713595,2.167504572903402,243,7.834395986771636,324,2.167504572903402,45
37,50,escaped,49,2,True,0.9877500000000001,0.9909880386061697,0.9890452154424679,0.48822339904205037,441,9.947102067088348,588,0.48822339904205037,72
37,51,escaped,50,2,True,0.9875,0.9871930821005823,0.987377232840233,3.3707867872533184,450,10.873919096296822,600,3.3707867872533184,144
37,52,escaped,84,2,True,0.9790000000000001,0.98749450088987,0.982397800355948,9.290745539895397,756,12.823425486161508,1008,9.290745539895397,360
37,53,escaped,47,2,True,0.9882500000000001,0.9875756648367043,0.9879802659346817,2.015651309924807,423,11.327114984297781,564,2.015651309924807,117
37,54,escaped,50,2,True,0.9875,0.982623631229125,0.98554945249165,5.301559497423189,450,13.78289652848576,600,5.301559497423189,171
37,55,escaped,50,2,True,0.9875,0.9864318199196888,0.9870727279678755,7.5966975057620205,450,6.152886088690811,600,7.5966975057620205,180
37,56,escaped,63,2,True,0.9842500000000001,0.9866727646314973,0.985219105852599,3.0373517381156248,567,16.100977559688587,756,3.0373517381156248,162
37,57,escaped,46,2,True,0.9885,0.9864747631515642,0.9876899052606256,3.7383674278603314,414,9.947371576859368,552,3.7383674278603314,108
37,58,escaped,44,2,True,0.9890000000000001,0.985571757537307,0.9876287030149229,5.5071017958286514,396,7.893421646165606,528,5.5071017958286514,90
37,59,escaped,52,2,True,0.9870000000000001,0.992921137170033,0.9893684548680133,1.0175488559591033,468,7.477689003853251,624,1.0175488559591033,108
37,60,escaped,24,2,True,0.9940000000000001,0.9948124035047957,0.9943249614019183,0.008906250000000006,216,2.976180581237674,288,0.008906250000000006,9
37,61,escaped,46,2,True,0.9885,0.9889483284232831,0.9886793313693132,2.7091603275346787,414,8.588831650649274,552,2.7091603275346787,108
37,62,escaped,35,2,True,0.9912500000000001,0.984168435714952,0.9884173742859809,3.3763742841024538,315,8.796681620637044,420,3.3763742841024538,117
37,63,escaped,74,2,True,0.9815,0.9868397545476395,0.9836359018190558,4.85981382344403,666,16.892844158800113,888,4.85981382344403,279
38,0,escaped,64,2,True,0.9840000000000001,0.9864201422867833,0.9849680569147135,5.671732528040748,576,13.296351410113203,768,5.671732528040748,162
38,1,escaped,174,2,True,0.9565,0.990897135476523,0.9702588541906092,11.289270421293189,1566,22.961201688315473,2088,11.289270421293189,369
38,2,escaped,111,2,True,0.9722500000000001,0.9846690699125007,0.9772176279650003,15.394565946092111,999,20.315509824975333,1332,15.394565946092111,441
38,3,escaped,54,2,True,0.9865,0.9950929266383564,0.9899371706553426,0.14863569811314156,486,6.16138614587267,648,0.14863569811314156,135
38,4,escaped,52,2,True,0.9870000000000001,0.978122536780894,0.9834490147123577,6.465218908700682,468,18.682782219176648,624,6.465218908700682,108
38,5,escaped,95,2,True,0.9762500000000001,0.9915774424155177,0.9823809769662071,1.4535148748032327,855,17.26541145954859,1140,1.4535148748032327,180
38,6,timeout,200,2,False,0.2,0.9867952915476482,0.5147181166190593,18.585306059403752,1800,38.602192492083475,2400,18.585306059403752,774
38,7,escaped,21,2,True,0.99475,0.9921784106744088,0.9937213642697635,0.8408484547271218,189,2.820949747128466,252,0.8408484547271218,54
38,8,escaped,74,2,True,0.9815,0.9931732745937771,0.9861693098375108,3.037572962013316,666,8.074167038767346,888,3.037572962013316,153
38,9,timeout,200,2,False,0.2,0.9873850407087132,0.5149540162834854,11.222752668350397,1800,45.58813437370932,2400,11.222752668350397,495
38,10,escaped,132,2,True,0.9670000000000001,0.9885908510354132,0.9756363404141654,10.684244777685528,1188,21.898524216230374,1584,10.684244777685528,531
38,11,escaped,148,2,True,0.9630000000000001,0.989362942817516,0.9735451771270064,6.162657312560435,1332,29.56595069543568,1776,6.162657312560435,216
38,12,escaped,59,2,True,0.9852500000000001,0.9913483673550024,0.9876893469420011,0.013192589090417395,531,12.233121706529316,708,0.013192589090417395,18
38,13,escaped,91,2,True,0.9772500000000001,0.9874299842344829,0.9813219936937932,6.063835973032323,819,19.36779980117966,1092,6.063835973032323,243
38,14,caught,39,1,False,0.1,0.9813177953687667,0.45252711814750674,8.82292980715472,351,5.722637125294706,468,8.82292980715472,171
38,15,escaped,97,2,True,0.9757500000000001,0.9886503519103973,0.9809101407641589,3.769730092456162,873,21.39567396265351,1164,3.769730092456162,216
38,16,escaped,41,2,True,0.9897500000000001,0.9883908858951629,0.9892063543580653,0.0,369,11.423368279159677,492,0,0
38,17,escaped,138,2,True,0.9655,0.9878786551946499,0.97445146207786,13.537224414545804,1242,22.096261442591892,1656,13.537224414545804,324
38,18,timeout,200,2,True,0.30000000000000004,0.9870768496443852,0.5748307398577541,18.865828010514925,1800,36.876684359597604,2400,18.865828010514925,756
38,19,escaped,144,2,True,0.9640000000000001,0.987745802044414,0.9734983208177657,13.952663464456492,1296,23.746956848563162,1728,13.952663464456492,360
38,20,escaped,66,2,True,0.9835,0.9873672544157742,0.9850469017663097,5.010748660431899,594,13.329270791504417,792,5.010748660431899,171
38,21,escaped,33,2,True,0.99175,0.9871280811986763,0.9899012324794705,2.1143914484573556,297,7.37537109270519,396,2.1143914484573556,153
38,22,escaped,49,2,True,0.9877500000000001,0.9941517558498418,0.9903107023399368,0.32688954254232083,441,6.4416823971962245,588,0.32688954254232083,45
38,23,escaped,34,2,True,0.9915,0.9826949781950968,0.9879779912780386,7.397797901494518,306,4.257167257475019,408,7.397797901494518,117
38,24,escaped,141,2,True,0.9647500000000001,0.9888965251178451,0.9744086100471381,7.276967608737545,1269,27.87153552289536,1692,7.276967608737545,243
38,25,escaped,26,2,True,0.9935,0.9902237329033015,0.9921894931613205,1.492332318055191,234,4.110614244266305,312,1.492332318055191,45
38,26,escaped,77,2,True,0.98075,0.9850441521138843,0.9824676608455538,9.30755517242314,693,15.228333330310887,924,9.30755517242314,270
38,27,escaped,58,2,True,0.9855,0.9848155173315566,0.9852262069326228,3.769227810758888,522,16.11116279346144,696,3.769227810758888,135
38,28,escaped,104,2,True,0.9740000000000001,0.9884034949756442,0.9797613979902577,8.122684144187946,936,18.114631015208296,1248,8.122684144187946,324
38,29,escaped,102,2,True,0.9745,0.9867481549672239,0.9793992619868896,7.384775337994613,918,22.594149522909877,1224,7.384775337994613,297
38,30,escaped,118,2,True,0.9705,0.9889266631987679,0.9778706652795073,7.014068208347598,1062,22.00759887662587,1416,7.014068208347598,387
38,31,escaped,43,2,True,0.9892500000000001,0.9816087265435572,0.986193490617423,8.663886268487541,387,7.427945849065567,516,8.663886268487541,198
38,32,escaped,66,2,True,0.9835,0.9914801568298905,0.9866920627319562,2.482549759668519,594,10.185365235228643,792,2.482549759668519,90
38,33,escaped,70,2,True,0.9825,0.9889093476512909,0.9850637390605164,3.2860014677497666,630,14.25096065549821,840,3.2860014677497666,189
38,34,escaped,9,2,True,0.99775,0.9940621767497786,0.9962748706999115,0.027030878969304353,81,1.2465286500887418,108,0.027030878969304353,45
38,35,escaped,25,2,True,0.99375,0.9939510302592619,0.9938304121037047,0.4234087582644374,225,3.064836833423599,300,0.4234087582644374,18
38,36,escaped,50,2,True,0.9875,0.9939992961380826,0.9900997184552331,2.7763279640563496,450,3.4990740155590423,600,2.7763279640563496,135
38,37,escaped,131,2,True,0.96725,0.9898212534101116,0.9762785013640447,7.562037322255463,1179,21.91926284893526,1572,7.562037322255463,405
38,38,escaped,92,2,True,0.9770000000000001,0.9935915027616229,0.9836366011046492,0.37702965137317457,828,13.647255700505879,1104,0.37702965137317457,144
38,39,escaped,100,2,True,0.9750000000000001,0.9872191094588227,0.9798876437835292,6.540448099960079,900,21.953539832212105,1200,6.540448099960079,216
38,40,escaped,105,2,True,0.9737500000000001,0.9874833392932563,0.9792433357173026,4.682521735252341,945,25.298622667324402,1260,4.682521735252341,315
38,41,escaped,56,2,True,0.9860000000000001,0.9895549227162154,0.9874219690864862,2.808143339499099,504,10.29399275007441,672,2.808143339499099,108
38,42,escaped,82,2,True,0.9795,0.9856972248784356,0.9819788899513743,9.631264766474237,738,15.30617508393984,984,9.631264766474237,351
38,43,escaped,78,2,True,0.9805,0.9873689856856571,0.9832475942742629,2.398308685234876,702,20.44751388280347,936,2.398308685234876,162
38,44,escaped,43,2,True,0.9892500000000001,0.9857489219381601,0.9878495687752641,0.05398559491102859,387,14.635131766604022,516,0.05398559491102859,45
38,45,escaped,93,2,True,0.97675,0.98500380657245,0.98005152262898,8.086594321818774,837,22.689377967866516,1116,8.086594321818774,306
38,46,escaped,88,2,True,0.9780000000000001,0.9927931436106573,0.983917257444263,0.03973973717171675,792,15.167894378062948,1056,0.03973973717171675,45
38,47,escaped,101,2,True,0.9747500000000001,0.98454142573162,0.978666570292648,6.388938576556812,909,28.95299925781081,1212,6.388938576556812,243
38,48,escaped,88,2,True,0.9780000000000001,0.9887577261732696,0.9823030904693079,3.216285187442085,792,19.45530207213175,1056,3.216285187442085,171
38,49,escaped,62,2,True,0.9845,0.9891254981257691,0.9863501992503076,0.17487485229724056,558,15.948092319125989,744,0.17487485229724056,72
38,50,escaped,150,2,True,0.9625,0.9904872666967548,0.973694906678702,9.022961349937113,1350,22.21522475843322,1800,9.022961349937113,423
38,51,escaped,138,2,True,0.9655,0.9869967809093437,0.9740987123637376,10.221438222801618,1242,29.438077331184584,1656,10.221438222801618,513
38,52,escaped,129,2,True,0.9677500000000001,0.9906070859340462,0.9768928343736185,8.943372792146052,1161,17.155964891998305,1548,8.943372792146052,414
38,53,timeout,200,2,False,0.2,0.9912759827702874,0.516510393108115,8.758119171432002,1800,30.197790474044684,2400,8.758119171432002,558
38,54,escaped,71,2,True,0.9822500000000001,0.9849062651112981,0.9833125060445194,4.842849765739602,639,19.262591229361842,852,4.842849765739602,243
38,55,caught,48,2,False,0.2,0.9918160776989643,0.5167264310795857,2.375300349182605,432,6.260811358549676,576,2.375300349182605,117
38,56,escaped,74,2,True,0.9815,0.9872951615038155,0.9838180646015262,2.6491174463817067,666,19.031636574048097,888,2.6491174463817067,135
38,57,escaped,75,2,True,0.9812500000000001,0.9765517148064328,0.9793706859225731,18.0854432105384,675,18.09298906770315,900,18.0854432105384,351
38,58,escaped,87,2,True,0.9782500000000001,0.9899196341985137,0.9829178536794054,3.0643173949377003,783,16.962047266919914,1044,3.0643173949377003,162
38,59,escaped,86,2,True,0.9785,0.991646778275762,0.9837587113103048,1.5445247598936562,774,15.181683292302365,1032,1.5445247598936562,225
38,60,escaped,67,2,True,0.9832500000000001,0.9946446379073745,0.9878078551629498,0.14287444509791086,603,8.420922984811352,804,0.14287444509791086,90
38,61,escaped,117,2,True,0.9707500000000001,0.9879763006026818,0.9776405202410727,6.241553277744188,1053,25.440476870677053,1404,6.241553277744188,234
38,62,escaped,125,2,True,0.9687500000000001,0.9871262041830197,0.976100481673208,10.387897738875509,1125,24.7708571324404,1500,10.387897738875509,324
38,63,escaped,89,2,True,0.9777500000000001,0.9868021749238133,0.9813708699695254,2.426518319488508,801,24.955196603416876,1068,2.426518319488508,99
39,0,escaped,55,2,True,0.9862500000000001,0.9887795521868674,0.987261820874747,3.0517302132033453,495,10.742017495730495,660,3.05172293908664,81
39,1,escaped,131,2,True,0.96725,0.984868059879061,0.9742972239516244,22.53564346678629,1179,17.52729511785033,1572,22.53563055512555,495
39,2,escaped,72,2,True,0.9820000000000001,0.9812192695773023,0.981687707830921,15.171466508985484,648,12.224480158440985,864,15.171460493379,459
39,3,escaped,57,2,True,0.9857500000000001,0.9907149025017419,0.9877359610006968,3.315372733118436,513,8.281516400125852,684,3.315359714676842,207
39,4,escaped,47,2,True,0.9882500000000001,0.9802116177688326,0.9850346471075331,3.7288230999459033,423,17.349531023495636,564,3.7288113908620346,72
39,5,escaped,85,2,True,0.97875,0.9899190947169668,0.9832176378867867,4.4048298640324495,765,14.691940292011017,1020,4.404820991987322,342
39,6,escaped,62,2,True,0.9845,0.986687107425808,0.9853748429703233,5.567521792212142,558,12.38622176078144,744,5.567508930563443,207
39,7,escaped,14,2,True,0.9965,0.99690650393131,0.996662601572524,0.0006162531461782747,126,1.0385930082182857,168,0.0006045820612989393,9
39,8,escaped,38,2,True,0.9905,0.9916788689590718,0.9909715475836287,4.078995645071894,342,2.1502106492307407,456,4.078987894685452,162
39,9,escaped,96,2,True,0.9760000000000001,0.9827908054845204,0.9787163221938082,14.184582826030361,864,20.737207062291397,1152,14.184570251275714,396
39,10,caught,25,1,False,0.1,0.9871292576751656,0.4548517030700662,4.08208364995989,225,2.27966719495417,300,4.08207156519045,90
39,11,escaped,25,2,True,0.99375,0.9967888969935337,0.9949655587974134,0.0448409289330552,225,1.866873898635692,300,0.04482858859890882,54
39,12,escaped,13,2,True,0.99675,0.9936610120360684,0.9955144048144273,1.1850692817835955e-05,117,1.9777484438229165,156,0,0
39,13,escaped,39,2,True,0.9902500000000001,0.9850196695533256,0.9881578678213303,5.5004185238445675,351,6.6876979329610995,468,5.500406595472006,144
39,14,escaped,79,2,True,0.9802500000000001,0.9851849043332983,0.9822239617333194,8.63912951456465,711,16.57058203131359,948,8.639116840872878,396
39,15,escaped,68,2,True,0.9830000000000001,0.9825641200523534,0.9828256480209414,9.777462263600908,612,15.418739723091454,816,9.777449925587026,225
39,16,escaped,25,2,True,0.99375,0.9950028907805669,0.9942511563122267,0.00021995642040504166,225,2.9979722564326297,300,0.0002075418846068168,9
39,17,escaped,77,2,True,0.98075,0.9853156527933455,0.9825762611173383,8.639743011227242,693,15.617016289594464,924,8.639731881725895,306
39,18,escaped,86,2,True,0.9785,0.9882934710775193,0.9824173884310077,5.539929994220431,774,16.775702370372844,1032,5.539918038337776,207
39,19,escaped,38,2,True,0.9905,0.9867167850749311,0.9889867140299725,1.0850436061896542,342,10.667567203410005,456,1.0850305740370112,45
39,20,escaped,53,2,True,0.98675,0.9882856830722103,0.9873642732288841,3.634690184160114,477,10.05435755326827,636,3.6346785068940277,153
39,21,escaped,61,2,True,0.98475,0.9781643580700732,0.9821157432280293,10.42527842558177,549,18.06700855130384,732,10.42526927725871,270
39,22,escaped,53,2,True,0.98675,0.9905337666707409,0.9882635066682963,4.132717666465318,477,6.530758572863849,636,4.132705962235302,144
39,23,escaped,25,2,True,0.99375,0.9901173304274229,0.9922969321709691,2.8745069461025623,225,2.096925815409491,300,2.8744949779153566,72
39,24,escaped,56,2,True,0.9860000000000001,0.9873132005990924,0.986525280239637,1.6851847439232694,504,14.804145402922089,672,1.6851735637249845,117
39,25,escaped,95,2,True,0.9762500000000001,0.9853999233146873,0.9799099693258749,13.297788566860724,855,15.557790086698597,1140,13.297775717625935,360
39,26,escaped,73,2,True,0.9817500000000001,0.9892321886155051,0.9847428754462022,3.7829019414917697,657,13.821336290312658,876,3.782890436861685,180
39,27,escaped,53,2,True,0.98675,0.9859508810759244,0.9864303524303697,4.636073540620901,477,11.68904788392954,636,4.636063931576282,162
39,28,escaped,31,2,True,0.9922500000000001,0.985744203715431,0.9896476814861725,2.5498904237269726,279,7.206458537416685,372,2.5498799144464503,117
39,29,escaped,32,2,True,0.9920000000000001,0.9868059596646249,0.9899223838658501,1.7581854049734835,288,7.788775770936711,384,1.7581725396952332,54
39,30,escaped,15,2,True,0.9962500000000001,0.9971099748272139,0.9965939899308855,1.3038117342429008e-05,135,1.0403916780465479,180,0,0
39,31,escaped,18,2,True,0.9955,0.9921929777160462,0.9941771910864186,0.3021969085630691,162,2.9697044152506202,216,0.3021848571182755,36
39,32,escaped,41,2,True,0.9897500000000001,0.9908263909750952,0.9901805563900382,1.5601736711402794,369,6.946599718986002,492,1.560162211394856,63
39,33,escaped,50,2,True,0.9875,0.9857675770059168,0.9868070308023668,4.839262127146358,450,10.626558090038047,600,4.8392492202401,216
39,34,escaped,8,2,True,0.9980000000000001,0.994205865217957,0.9964823460871828,0.02372257113298453,72,1.0808437833082951,96,0.0237133091158081,36
39,35,escaped,20,2,True,0.9950000000000001,0.9977008437349864,0.9960803374939946,0.001810872017887848,180,1.101180511182717,240,0.0018039298574859229,45
39,36,escaped,60,2,True,0.9850000000000001,0.9903939311190084,0.9871575724476035,4.36125141592978,540,8.017737300721539,720,4.361239707684293,144
39,37,escaped,73,2,True,0.9817500000000001,0.9871155691107368,0.9838962276442949,8.399065019063231,657,11.37476955923818,876,8.399054256503957,486
39,38,escaped,78,2,True,0.9805,0.9892200377978677,0.9839880151191471,7.198638987890795,702,10.58190392520401,936,7.198626269504435,360
39,39,caught,19,0,False,0.0,0.9884188540338155,0.3953675416135262,1.0063717602800633,171,3.939173546873399,228,1.0063597958230261,36
39,40,caught,36,2,False,0.2,0.98652107388936,0.514608429555744,1.2659093231865246,324,9.957913062010983,432,1.2658971477567642,81
39,41,caught,73,2,False,0.2,0.9849990822144237,0.5139996328857694,11.304726321332195,657,11.20863953188685,876,11.304713204238022,342
39,42,escaped,21,2,True,0.99475,0.9935205123402093,0.9942582049360837,0.16972782631450772,189,3.039358012115136,252,0.16971789719063987,72
39,43,escaped,37,2,True,0.99075,0.9839148778714578,0.9880159511485832,2.595815349879083,333,10.822501316973357,444,2.5958020532044674,108
39,44,escaped,83,2,True,0.9792500000000001,0.9804560546658304,0.9797324218663321,12.300663457223209,747,22.530654496034916,996,12.300651392972577,252
39,45,escaped,46,2,True,0.9885,0.988847941788157,0.9886391767152628,0.9985834919585206,414,10.98042760992993,552,0.9985721000225406,45
39,46,escaped,35,2,True,0.9912500000000001,0.9899215191695069,0.9907186076678027,3.303586855327368,315,4.061141423844368,420,3.3035757285883887,135
39,47,escaped,75,2,True,0.9812500000000001,0.9794980933837067,0.9805492373534828,12.679683064710739,675,19.997187823046897,900,12.679669995815019,288
39,48,escaped,44,2,True,0.9890000000000001,0.9911816057937094,0.9898726423174838,2.654457614758684,396,5.772947462164656,528,2.654447245322699,108
39,49,escaped,56,2,True,0.9860000000000001,0.9867162288550939,0.9862864915420376,3.363269561145913,504,13.369029003892567,672,3.363257391864436,117
39,50,escaped,67,2,True,0.9832500000000001,0.9853763616510198,0.9841005446604079,8.98713399715148,603,11.53196513562472,804,8.987122849089479,234
39,51,caught,46,2,False,0.2,0.9863392242793735,0.5145356897117495,4.60428189995991,414,8.942453862291744,552,4.604269352747335,126
39,52,escaped,90,2,True,0.9775,0.9836954891058441,0.9799781956423377,16.578359723781112,810,13.113263899668388,1080,16.578347520685153,441
39,53,escaped,62,2,True,0.9845,0.9863691035537193,0.9852476414214877,3.6547640289151384,558,15.409755206845448,744,3.6547511047023042,135
39,54,escaped,62,2,True,0.9845,0.9840433978037366,0.9843173591214947,4.205320905915974,558,18.136329526818532,744,4.205307466309005,126
39,55,escaped,50,2,True,0.9875,0.9882779229746905,0.9878111691898763,5.747611288144945,450,6.403010712844816,600,5.747598235218039,180
39,56,escaped,83,2,True,0.9792500000000001,0.9826043855117516,0.9805917542047007,11.25425596890308,747,19.646389435386876,996,11.25425015300027,324
39,57,escaped,69,2,True,0.98275,0.9851889611851017,0.9837255844740407,7.914436594415408,621,13.974498151584475,828,7.914424219063947,171
39,58,escaped,58,2,True,0.9855,0.9868290805462302,0.9860316322184921,4.689771194228443,522,12.08089162067635,696,4.68975974269623,126
39,59,escaped,60,2,True,0.9850000000000001,0.9893625036319262,0.9867450014527706,5.196075540715342,540,8.389894049072428,720,5.1960634062923114,270
39,60,escaped,24,2,True,0.9940000000000001,0.9947618797376433,0.9943047518950574,0.012986621477141011,216,2.9998417758145988,288,0.012974909787648908,18
39,61,escaped,71,2,True,0.9822500000000001,0.990120640377389,0.9853982561509557,1.5141881239698378,639,14.815511298302775,852,1.514174490494319,153
39,62,escaped,35,2,True,0.9912500000000001,0.9862209479092514,0.9892383791637006,2.0271459336163837,315,8.871542511406926,420,2.0271352688390314,81
39,63,escaped,41,2,True,0.9897500000000001,0.9891726433498641,0.9895190573399457,1.5697676028034027,369,8.561095473329239,492,1.5697548236514485,90
40,0,escaped,74,2,True,0.9815,0.9850979351916558,0.9829391740766623,4.835848249445906,666,20.018269433691547,888,4.835848249445906,252
40,1,escaped,166,2,True,0.9585,0.9872175433979832,0.9699870173591932,22.349873230659608,1494,21.125476128222015,1992,22.349873230659608,657
40,2,escaped,72,2,True,0.9820000000000001,0.9815872111079655,0.9818348844431863,13.541797010868864,648,13.76156985761031,864,13.541797010868864,360
40,3,escaped,83,2,True,0.9792500000000001,0.9859308099645546,0.9819223239858219,9.668114111572143,747,15.135007735177739,996,9.668114111572143,252
40,4,caught,65,2,False,0.2,0.9784628876403869,0.5113851550561548,8.366150394483398,585,22.443028088351937,780,8.366150394483398,225
40,5,escaped,56,2,True,0.9860000000000001,0.9924407453424101,0.9885762981369641,0.7372487999104063,504,9.176639859920192,672,0.7372487999104063,90
40,6,caught,46,2,False,0.2,0.984693448242348,0.5138773792969392,7.677152230630709,414,6.662230166273639,552,7.677152230630709,297
40,7,escaped,14,2,True,0.9965,0.9969603972847639,0.9966841589139056,0.0006250000000000011,126,1.020473178985971,168,0.0006250000000000011,9
40,8,escaped,33,2,True,0.99175,0.9906465967448339,0.9913086386979335,3.695667875404372,297,2.4803382108856846,396,3.695667875404372,126
40,9,escaped,75,2,True,0.9812500000000001,0.9869911597965206,0.9835464639186082,6.5170320871471,675,14.726536250066804,900,6.5170320871471,270
40,10,caught,25,1,False,0.1,0.9853726484635639,0.45414905938542555,4.9123565192463134,225,2.226602229533284,300,4.9123565192463134,90
40,11,escaped,25,2,True,0.99375,0.9968466730714817,0.9949886692285926,0.030844617314208896,225,1.8508700006920258,300,0.030844617314208896,54
40,12,escaped,36,2,True,0.9910000000000001,0.9889793411630996,0.99019173646524,4.0506079193197895,324,4.121038675988898,432,4.0506079193197895,99
40,13,escaped,89,2,True,0.9777500000000001,0.9876680038826166,0.9817172015530466,6.770699839453563,801,17.313543920793023,1068,6.770699839453563,324
40,14,escaped,83,2,True,0.9792500000000001,0.98861798870002,0.9829971954800081,7.875449061191211,747,12.172367761305157,996,7.875449061191211,387
40,15,escaped,78,2,True,0.9805,0.9826280035106962,0.9813512014042786,10.81442160020283,702,18.101148627706202,936,10.81442160020283,234
40,16,escaped,25,2,True,0.99375,0.9950561511821162,0.9942724604728465,0.0,225,2.9663092907302757,300,0.0,9
40,17,escaped,63,2,True,0.9842500000000001,0.9864158050116744,0.9851163220046698,5.5658869850745045,567,13.118120175582417,756,5.5658869850745045,189
40,18,escaped,82,2,True,0.9795,0.9885524937516218,0.9831209975006487,4.278183275806344,738,16.824447929066515,984,4.278183275806344,297
40,19,escaped,38,2,True,0.9905,0.9880461563581652,0.9895184625432661,0.17517381061625223,342,10.668340320531652,456,0.17517381061625223,45
40,20,escaped,53,2,True,0.98675,0.9916020789433133,0.9886908315773253,1.202825230869576,477,9.078388609612718,636,1.202825230869576,126
40,21,escaped,30,2,True,0.9925,0.9834308318725131,0.9888723327490053,2.7285849333217564,270,8.291687807361507,360,2.7285849333217564,81
40,22,escaped,36,2,True,0.9910000000000001,0.9938801859396141,0.9921520743758456,0.02517023005648186,324,5.25395904143141,432,0.02517023005648186,45
40,23,escaped,24,2,True,0.9940000000000001,0.9854000498749076,0.9905600199499631,4.64522606776985,216,2.215936515026764,288,4.64522606776985,81
40,24,escaped,45,2,True,0.98875,0.9875503363607371,0.9882701345442948,0.6488010126511954,405,12.580568713535643,540,0.6488010126511954,81
40,25,caught,66,0,False,0.0,0.9812844977289903,0.3925137990915961,14.49402801576413,594,10.31998490959396,792,14.49402801576413,342
40,26,escaped,46,2,True,0.9885,0.9900635743395404,0.9891254297358161,2.2717181160976674,414,7.940856441017165,552,2.2717181160976674,99
40,27,escaped,32,2,True,0.9920000000000001,0.9814808089580694,0.9877923235832279,4.107855908169724,288,8.745597509309727,384,4.107855908169724,99
40,28,escaped,33,2,True,0.99175,0.9813996977101866,0.9876098790840746,5.979383007971047,297,6.7589287362374035,396,5.979383007971047,126
40,29,escaped,32,2,True,0.9920000000000001,0.9894558352322398,0.990982334092896,0.9619586102294397,288,6.815307061333941,384,0.9619586102294397,45
40,30,escaped,15,2,True,0.9962500000000001,0.9972391154519603,0.9966456461807842,0.0,135,0.9939184372943034,180,0,0
40,31,escaped,24,2,True,0.9940000000000001,0.9857529404227487,0.9907011761690996,2.4345689147781298,216,4.960214430125901,288,2.4345689147781298,54
40,32,escaped,38,2,True,0.9905,0.9878502249940723,0.989440089997629,2.9747635873491025,342,7.114243355607326,456,2.9747635873491025,54
40,33,escaped,45,2,True,0.98875,0.9874430605918978,0.9882272242367591,3.6068082237900247,405,8.752416929030332,540,3.6068082237900247,162
40,34,escaped,8,2,True,0.9980000000000001,0.9943870897852266,0.9965548359140907,0.01729962535829809,72,1.0546125940921007,96,0.01729962535829809,36
40,35,escaped,27,2,True,0.9932500000000001,0.9950951648198897,0.9939880659279559,0.06445286218453719,243,3.0923960471320875,324,0.06445286218453719,81
40,36,escaped,41,2,True,0.9897500000000001,0.9918347328274106,0.9905838931309644,2.817527804892454,369,4.277919157971298,492,2.817527804892454,126
40,37,escaped,93,2,True,0.97675,0.9906448027597643,0.9823079211039056,4.3658010106930885,837,15.059732225948668,1116,4.3658010106930885,378
40,38,escaped,79,2,True,0.9802500000000001,0.988943049784187,0.9837272199136748,7.868642213193542,711,10.472454658256803,948,7.868642213193542,297
40,39,caught,19,0,False,0.0,0.9847697272637455,0.3939078909054982,2.2463175534523137,171,3.949914296462332,228,2.2463175534523137,27
40,40,escaped,30,2,True,0.9925,0.9850971198258064,0.9895388479303227,0.8275367996736042,270,9.626691325854598,360,0.8275367996736042,117
40,41,escaped,48,2,True,0.9880000000000001,0.9886312245594283,0.9882524898237713,3.6562879856751276,432,8.221778659971775,576,3.6562879856751276,126
40,42,escaped,22,2,True,0.9945,0.9937295479096944,0.9941918191638778,0.11736070930497008,198,3.154317757941426,264,0.11736070930497008,72
40,43,escaped,72,2,True,0.9820000000000001,0.9808412741197392,0.9815365096478957,11.51994355175227,648,17.74635358542093,864,11.51994355175227,261
40,44,caught,39,0,False,0.0,0.9779399475672405,0.3911759790268962,7.648658301285439,351,10.44999800868236,468,7.648658301285439,144
40,45,escaped,42,2,True,0.9895,0.9828915157205338,0.9868566062882136,5.397689138187229,378,10.04843330278567,504,5.397689138187229,90
40,46,escaped,51,2,True,0.9872500000000001,0.988855148001434,0.9878920592005737,5.242961164411934,459,6.650683960362181,612,5.242961164411934,135
40,47,escaped,74,2,True,0.9815,0.9809500015340751,0.98128000061363,10.513078309059642,666,19.81535953006987,888,10.513078309059642,180
40,48,escaped,45,2,True,0.98875,0.9918253578634139,0.9899801431453655,2.208308771846206,405,5.8842018117180475,540,2.208308771846206,108
40,49,escaped,34,2,True,0.9915,0.9811099654471452,0.9873439861788581,4.79855506465799,306,9.016194775585536,408,4.79855506465799,144
40,50,escaped,51,2,True,0.9872500000000001,0.9865074391388728,0.9869529756555492,5.377770582349523,459,9.344533717553558,612,5.377770582349523,180
40,51,escaped,52,2,True,0.9870000000000001,0.9866451860312558,0.9868580744125024,3.8625743058238595,468,11.516708758560846,624,3.8625743058238595,153
40,52,escaped,67,2,True,0.9832500000000001,0.9875780293684735,0.9849812117473894,5.9777222492160735,603,12.004232443206444,804,5.9777222492160735,243
40,53,escaped,44,2,True,0.9890000000000001,0.9901294194755262,0.9894517677902106,1.1132353191244255,396,8.939019275011715,528,1.1132353191244255,81
40,54,escaped,55,2,True,0.9862500000000001,0.9818662583019833,0.9844965033207933,6.150732876148591,495,15.735561873183995,660,6.150732876148591,189
40,55,escaped,54,2,True,0.9865,0.9861120314256782,0.9863448125702713,8.227005132701475,486,7.029467095385803,648,8.227005132701475,216
40,56,escaped,69,2,True,0.98275,0.9862830446788473,0.9841632178715389,3.7238592856267876,621,17.750132297659786,828,3.7238592856267876,180
40,57,escaped,45,2,True,0.98875,0.9868017923752075,0.987970716950083,3.614477974120896,405,9.434760269281364,540,3.614477974120896,90
40,58,escaped,40,2,True,0.9900000000000001,0.9913730778411005,0.9905492311364403,1.6075467719501104,360,6.138449576609984,480,1.6075467719501104,54
40,59,escaped,52,2,True,0.9870000000000001,0.9934816838635171,0.9895926735454069,0.21624631695201132,468,7.846530115727948,624,0.21624631695201132,108
40,60,escaped,24,2,True,0.9940000000000001,0.994855989097389,0.9943423956389557,0.009530578546186984,216,2.950242841842312,288,0.009530578546186984,18
40,61,escaped,46,2,True,0.9885,0.9890856312425359,0.9887342524970144,2.6891086657289143,414,8.463984887268449,552,2.6891086657289143,108
40,62,escaped,36,2,True,0.9910000000000001,0.9842795797294542,0.9883118318917817,3.390627239406606,324,9.061606794542747,432,3.390627239406606,108
40,63,escaped,50,2,True,0.9875,0.9893658926797976,0.9882463570719191,2.343107692520291,450,9.636785194215802,600,2.343107692520291,198
41,0,escaped,55,2,True,0.9862500000000001,0.9865092799788331,0.9863537119915333,5.238281249999996,495,10.823375427940277,660,5.238281249999996,171
41,1,invalid,116,2,False,0.2,0.9877796222496298,0.0,10.9461626317089,1044,19.426648148085427,1392,10.9461626317089,531
41,2,caught,87,2,False,0.2,0.9820138934997733,0.5128055573999093,15.17728242767723,783,17.318613802237014,1044,15.17728242767723,531
41,3,escaped,45,2,True,0.98875,0.9930073639729562,0.9904529455891824,2.326462730478306,405,4.450096601902961,540,2.326462730478306,180
41,4,escaped,24,2,True,0.9940000000000001,0.9805080360789092,0.9886032144315637,2.4864204828640046,216,7.912143908062949,288,2.4864204828640046,99
41,5,escaped,57,2,True,0.9857500000000001,0.9903318215383999,0.98758272861536,2.7890624999999996,513,9.50731813546884,684,2.7890624999999996,99
41,6,escaped,28,2,True,0.9930000000000001,0.994417396544988,0.9935669586179952,0.92518016259847,252,2.517935971636767,336,0.92518016259847,63
41,7,escaped,23,2,True,0.9942500000000001,0.994940134158961,0.9945260536635845,0.010312499999999994,207,2.7792959442535397,276,0.010312499999999994,36
41,8,escaped,48,2,True,0.9880000000000001,0.9937672630052782,0.9903069052021113,1.1930705982149916,432,5.589352220299562,576,1.1930705982149916,153
41,9,escaped,88,2,True,0.9780000000000001,0.9877217931529766,0.9818887172611906,7.691159270719798,792,15.676693833287098,1056,7.691159270719798,270
41,10,caught,25,1,False,0.1,0.9892427039872066,0.45569708159488265,3.2153124999999996,225,2.1672942743426846,300,3.2153124999999996,81
41,11,escaped,73,2,True,0.9817500000000001,0.9905104257218568,0.9852541702887427,3.690230242156716,657,11.705427145764697,876,3.690230242156716,153
41,12,escaped,13,2,True,0.99675,0.9936497781057397,0.9955099112422958,0.0,117,1.981269231009217,156,0,0
41,13,escaped,89,2,True,0.9777500000000001,0.9845783350312239,0.9804813340124896,10.056024472698239,801,19.532643743041273,1068,10.056024472698239,360
41,14,escaped,56,2,True,0.9860000000000001,0.9895616393659062,0.9874246557463625,1.8701435252346361,504,11.5356319919091,672,1.8701435252346361,126
41,15,escaped,97,2,True,0.9757500000000001,0.9832330560550752,0.97874322242203,13.443005232125007,873,21.109438527618316,1164,13.443005232125007,315
41,16,escaped,94,2,True,0.9765,0.9867495316963071,0.9805998126785228,11.269790375247332,846,14.866669326134877,1128,11.269790375247332,414
41,17,escaped,60,2,True,0.9850000000000001,0.9873366190321137,0.9859346476128455,5.910085861187737,540,10.355154112172649,720,5.910085861187737,252
41,18,escaped,77,2,True,0.98075,0.9858317457078922,0.9827826982831569,6.659056490281556,693,17.30419194477303,924,6.659056490281556,324
41,19,escaped,79,2,True,0.9802500000000001,0.9851404442408539,0.9822061776963417,8.211651332548357,711,17.224849275943193,948,8.211651332548357,180
41,20,escaped,53,2,True,0.98675,0.9914568292918535,0.9886327317167414,1.3384375000000002,477,9.082329807428978,636,1.3384375000000002,63
41,21,escaped,32,2,True,0.9920000000000001,0.9876214712902349,0.9902485885160941,1.8053268762696475,288,7.099607547406693,384,1.8053268762696475,117
41,22,escaped,40,2,True,0.9900000000000001,0.9942395632685685,0.9916958253074275,0.030624999999999986,360,5.489185928840857,480,0.030624999999999986,54
41,23,caught,15,1,False,0.1,0.9732334994583842,0.4492933997833537,6.381325538870511,135,1.1275061431543358,180,6.381325538870511,81
41,24,escaped,58,2,True,0.9855,0.9863240304320517,0.9858296121728207,2.016875,522,16.34778297191736,696,2.016875,90
41,25,escaped,25,2,True,0.99375,0.9903598725463466,0.9923939490185386,1.3518750000000002,225,3.9815764721920575,300,1.3518750000000002,54
41,26,escaped,66,2,True,0.9835,0.9822337723977255,0.9829935089590902,11.589079678131402,594,12.68959828449425,792,11.589079678131402,234
41,27,escaped,48,2,True,0.9880000000000001,0.987928777384458,0.9879715109537832,3.6424770780463893,432,9.049412349042598,576,3.6424770780463893,126
41,28,escaped,32,2,True,0.9920000000000001,0.9860395563942764,0.9896158225577106,3.0618831134141935,288,6.639109871310136,384,3.0618831134141935,108
41,29,escaped,43,2,True,0.9892500000000001,0.9885375987470162,0.9889650394988065,0.68719375,387,10.912939759745917,516,0.68719375,72
41,30,escaped,18,2,True,0.9955,0.9977050019281042,0.9963820007712417,0.0,162,0.9914391670589868,216,0,0
41,31,escaped,24,2,True,0.9940000000000001,0.989805177408891,0.9923220709635565,0.48872902680343017,216,5.22057911007421,288,0.48872902680343017,72
41,32,escaped,47,2,True,0.9882500000000001,0.9883304434411919,0.9882821773764767,2.8424999999999994,423,9.373259798335472,564,2.8424999999999994,72
41,33,escaped,59,2,True,0.9852500000000001,0.9859218646899134,0.9855187458759654,5.202556857660594,531,12.997897122201863,708,5.202556857660594,216
41,34,escaped,11,2,True,0.9972500000000001,0.9895737205189916,0.9941794882075967,0.35343750000000007,99,2.2812877829862015,132,0.35343750000000007,63
41,35,escaped,29,2,True,0.99275,0.995053931795494,0.9936715727181976,0.07682386507244317,261,3.3400316502396556,348,0.07682386507244317,117
41,36,escaped,62,2,True,0.9845,0.9911734403672158,0.9871693761468863,3.645435527985045,558,8.273340029602828,744,3.645435527985045,207
41,37,escaped,93,2,True,0.97675,0.9877995594014893,0.9811698237605957,8.949644051930404,837,15.29852467996863,1116,8.949644051930404,405
41,38,escaped,77,2,True,0.98075,0.9913497505181025,0.9849899002072411,6.228153728000435,693,7.681456071879274,924,6.228153728000435,351
41,39,escaped,75,2,True,0.9812500000000001,0.9806514380646434,0.9810105752258573,15.255396146843621,675,14.486883287850455,900,15.255396146843621,279
41,40,escaped,31,2,True,0.9922500000000001,0.9875032122940297,0.9903512849176119,0.06154665893279422,279,9.215547841331475,372,0.06154665893279422,81
41,41,escaped,68,2,True,0.9830000000000001,0.9892214653011019,0.9854885861204408,5.1665596510261445,612,10.701822427233456,816,5.1665596510261445,270
41,42,caught,33,2,False,0.2,0.9868831171541442,0.5147532468616577,4.759350051234813,297,4.042771145604685,396,4.759350051234813,153
41,43,escaped,42,2,True,0.9895,0.9793205908817157,0.9854282363526863,6.204531392611529,378,12.572135867748498,504,6.204531392611529,144
41,44,escaped,50,2,True,0.9875,0.9862875066828962,0.9870150026731586,1.8224682069037013,450,14.025034371319574,600,1.8224682069037013,126
41,45,escaped,45,2,True,0.98875,0.9839694500540958,0.9868377800216382,5.088547899861296,405,10.528263408428174,540,5.088547899861296,117
41,46,escaped,54,2,True,0.9865,0.9891983402347272,0.9875793360938909,4.288228594888052,486,8.281312929276202,648,4.288228594888052,117
41,47,escaped,74,2,True,0.9815,0.982846868136942,0.9820387472547768,7.7255217040567965,666,20.163266583381887,888,7.7255217040567965,270
41,48,escaped,65,2,True,0.9837500000000001,0.9885996550474074,0.985689862018963,4.605779222565952,585,11.643499162623108,780,4.605779222565952,153
41,49,escaped,59,2,True,0.9852500000000001,0.9842753790208398,0.984860151608336,5.561878560937255,531,14.850225225241127,708,5.561878560937255,252
41,50,escaped,58,2,True,0.9855,0.9861195490462786,0.9857478196185115,6.697289112815381,522,10.391868910493027,696,6.697289112815381,180
41,51,escaped,38,2,True,0.9905,0.9856900840166862,0.9885760336066746,3.686082499613312,342,8.13586671063103,456,3.686082499613312,90
41,52,escaped,44,2,True,0.9890000000000001,0.9840776447644046,0.987031057905762,4.308281249999998,396,11.069632128788777,528,4.308281249999998,153
41,53,escaped,61,2,True,0.98475,0.983861406521354,0.9843945626085416,6.4793553873786855,549,14.98776033623283,732,6.4793553873786855,207
41,54,escaped,49,2,True,0.9877500000000001,0.9844024242655736,0.9864109697062294,4.056904132055612,441,12.933543554277945,588,4.056904132055612,108
41,55,escaped,53,2,True,0.98675,0.9912615693531913,0.9885546277412764,3.7481105144574203,477,6.1178030967974335,636,3.7481105144574203,144
41,56,escaped,63,2,True,0.9842500000000001,0.9846330914564221,0.9844032365825689,4.383556022516078,567,17.39002435453509,756,4.383556022516078,189
41,57,escaped,45,2,True,0.98875,0.9862949110395314,0.9877679644158125,3.9378492592993926,405,9.55103039824021,540,3.9378492592993926,90
41,58,escaped,49,2,True,0.9877500000000001,0.989305921143192,0.9883723684572768,2.9073953125000003,441,8.699709652272874,588,2.9073953125000003,45
41,59,escaped,56,2,True,0.9860000000000001,0.9904559046740641,0.9877823618696256,3.0053916105874348,504,8.820075303941325,672,3.0053916105874348,153
41,60,escaped,44,2,True,0.9890000000000001,0.9939684560702623,0.990987382428105,1.501602625162958,396,4.367173556252372,528,1.501602625162958,117
41,61,escaped,74,2,True,0.9815,0.9858308747295036,0.9832323498918014,7.145530588963067,666,15.636992361784108,888,7.145530588963067,135
41,62,escaped,57,2,True,0.9857500000000001,0.984461158846066,0.9852344635384265,5.538595007295694,513,13.872341355520767,684,5.538595007295694,216
41,63,escaped,79,2,True,0.9802500000000001,0.9852289693243489,0.9822415877297397,8.530701575952053,711,16.631605393098493,948,8.530701575952053,369
43,0,escaped,55,2,True,0.9862500000000001,0.9887519344509721,0.9872507737803888,3.0475436142784456,495,10.7840550390122,660,3.0475300921092883,81
43,1,escaped,131,2,True,0.96725,0.9854985696624706,0.9745494278649883,21.31509136334168,1179,17.172375163403334,1572,21.314819067689758,495
43,2,escaped,72,2,True,0.9820000000000001,0.9813318941741128,0.9817327576696452,15.107439034631874,648,12.115234820957257,864,15.107365357132084,459
43,3,escaped,57,2,True,0.9857500000000001,0.9906651893506933,0.9877160757402774,3.3044375189425446,513,8.364104276328163,684,3.304387831795068,207
43,4,escaped,47,2,True,0.9882500000000001,0.980942313585172,0.9853269254340689,3.6768667346223927,423,16.594581296429393,564,3.6763721839305807,72
43,5,escaped,72,2,True,0.9820000000000001,0.9896570758702924,0.985062830348117,3.772805245803166,648,12.842165901730564,864,3.772780638391833,189
43,6,escaped,62,2,True,0.9845,0.9867668067690576,0.9854067227076231,5.56160255856737,558,12.275521449552437,744,5.561495670263596,207
43,7,escaped,14,2,True,0.9965,0.9969376521563945,0.9966750608625579,0.000613376007450281,126,1.0281310407748432,168,0.000604354974478005,9
43,8,escaped,77,2,True,0.98075,0.9911626706445443,0.9849150682578178,5.9955773757582085,693,8.337281481204515,924,5.995328984665258,198
43,9,escaped,88,2,True,0.9780000000000001,0.9825699709576111,0.9798279883830445,13.493741196818034,792,18.820566408434576,1056,13.493486337951257,342
43,10,caught,25,1,False,0.1,0.9864919843821272,0.4545967937528509,4.335101604617516,225,2.324673897900367,300,4.335092559864919,90
43,11,escaped,25,2,True,0.99375,0.9967083463821638,0.9949333385528655,0.050806487082669195,225,1.9072501879248152,300,0.05079720138008392,54
43,12,escaped,13,2,True,0.99675,0.9936610541827656,0.9955144216731062,7.717043307513853e-06,117,1.9777408055860588,156,0,0
43,13,escaped,39,2,True,0.9902500000000001,0.9855678649469762,0.9883771459787906,5.50482702068933,351,6.168709048711177,468,5.504686895975317,144
43,14,escaped,79,2,True,0.9802500000000001,0.9866852791438894,0.9828241116575558,8.839366313847465,711,13.458888991389163,948,8.839357129406109,405
43,15,escaped,67,2,True,0.9832500000000001,0.9821467752338504,0.9828087100935401,9.627796289025387,603,15.87092370526804,804,9.627394054080932,234
43,16,escaped,25,2,True,0.99375,0.9948580273785219,0.9941932109514087,0.0002158580827879412,225,3.0848957621098054,300,0.00020742282548476466,9
43,17,escaped,63,2,True,0.9842500000000001,0.9892235541745776,0.9862394216698311,2.98485475509542,567,12.314179747911423,756,2.984817904973813,252
43,18,escaped,73,2,True,0.9817500000000001,0.9860919596601577,0.9834867838640632,7.187703877260243,657,14.783281505723252,876,7.187560137719502,243
43,19,escaped,38,2,True,0.9905,0.9866519416944876,0.988960776677795,1.0905053842322114,342,10.719421995651034,456,1.0904953281152308,45
43,20,escaped,47,2,True,0.9882500000000001,0.9846364606047421,0.9868045842418969,6.248076290701188,423,8.999304050249293,564,6.248060364310106,171
43,21,escaped,61,2,True,0.98475,0.9783851319608312,0.9822040527843325,11.199073124469052,549,16.71206931005099,732,11.199038496813102,279
43,22,escaped,53,2,True,0.98675,0.9905419159509359,0.9882667663803744,4.086214199221253,477,6.582397311447935,636,4.086174239976699,144
43,23,escaped,25,2,True,0.99375,0.9894040432047048,0.9920116172818818,3.027633563968569,225,2.320729325219038,300,3.027516840187549,72
43,24,escaped,56,2,True,0.9860000000000001,0.9875992731535035,0.9866397092614014,1.6918415311904118,504,14.410788173437382,672,1.6918308378942017,117
43,25,escaped,95,2,True,0.9762500000000001,0.9852011536785413,0.9798304614714166,13.370692659644346,855,15.91377940006674,1140,13.369146352125718,333
43,26,escaped,73,2,True,0.9817500000000001,0.9894838721099768,0.9848435488439908,3.762975071960896,657,13.406955967372719,876,3.7621396925932498,180
43,27,escaped,53,2,True,0.98675,0.9858649010785859,0.9863959604314343,4.644595479523487,477,11.787051855340723,636,4.643948236859052,162
43,28,escaped,31,2,True,0.9922500000000001,0.986332877353056,0.9898831509412225,2.5315035994158976,279,6.79300111677182,372,2.5307273829487436,108
43,29,escaped,32,2,True,0.9920000000000001,0.9874142864719636,0.9901657145887856,1.7443352576189999,288,7.340047646039938,384,1.7443256362713164,54
43,30,escaped,15,2,True,0.9962500000000001,0.9971100047617546,0.9965940019047019,1.0063449499981985e-05,135,1.0403848678356642,180,0,0
43,31,escaped,18,2,True,0.9955,0.9916718209879588,0.9939687283951836,0.30143535478578853,162,3.1958595268207306,216,0.30123181162831747,36
43,32,escaped,41,2,True,0.9897500000000001,0.9898455673279227,0.9897882269311692,2.3538692208231553,369,6.853469454893161,492,2.3529012295372724,63
43,33,caught,27,1,False,0.1,0.9800353785044305,0.4520141514017722,5.266656150197969,243,5.914866528865109,324,5.266645915523582,126
43,34,escaped,8,2,True,0.9980000000000001,0.9942478487842151,0.9964991395136861,0.023116810610324116,72,1.0735906192836056,96,0.023109421136275673,36
43,35,escaped,20,2,True,0.9950000000000001,0.9976386520577781,0.9960554608231114,0.001616407737284671,180,1.1312918019501061,240,0.0016107429691369175,45
43,36,escaped,60,2,True,0.9850000000000001,0.9907298206325099,0.987291928253004,4.3245125076933535,540,7.5830416122613045,720,4.3245021679556865,144
43,37,escaped,73,2,True,0.9817500000000001,0.9880564685804191,0.9842725874321677,6.399531833845133,657,12.39235793531221,876,6.399284019533358,468
43,38,escaped,77,2,True,0.98075,0.9902145763324492,0.9845358305329798,7.516284887773534,693,8.061749753935732,924,7.516250411398708,360
43,39,caught,19,0,False,0.0,0.9884175765043803,0.39536703060175216,1.0093539384395893,171,3.935779862749796,228,1.0093461440044538,36
43,40,caught,36,2,False,0.2,0.9877178673348671,0.5150871469339469,1.2671237855208621,324,8.922264241980361,432,1.2668629094952388,81
43,41,escaped,41,2,True,0.9897500000000001,0.9920708672741543,0.9906783469096618,0.3408736131837116,369,7.347768451320531,492,0.34084737241507296,81
43,42,escaped,19,2,True,0.9952500000000001,0.9914480736096966,0.9937292294438786,0.4475309812239471,171,3.3029704590131312,228,0.44747346840957897,81
43,43,escaped,38,2,True,0.9905,0.9835218361962527,0.9877087344785012,3.248736360805946,342,10.696436907942944,456,3.24867490499351,117
43,44,escaped,83,2,True,0.9792500000000001,0.9803852261155139,0.9797040904462055,12.28405084863772,747,22.693895113046068,996,12.28329469954553,252
43,45,escaped,47,2,True,0.9882500000000001,0.9869724224462135,0.9877389689784855,2.7009328432083417,423,11.093863689726652,564,2.700924860940785,54
43,46,escaped,35,2,True,0.9912500000000001,0.9902544127349461,0.9908517650939784,3.2956284850547,315,3.7921219892390554,420,3.29561918783927,135
43,47,escaped,74,2,True,0.9815,0.9807050037573394,0.9811820015029358,10.887385408724676,666,19.75139944866567,888,10.887312805172877,243
43,48,escaped,44,2,True,0.9890000000000001,0.9910089141587163,0.9898035656634866,2.651475683993952,396,5.959285736403724,528,2.6510169482788997,108
43,49,escaped,56,2,True,0.9860000000000001,0.9866769023638573,0.986270760945543,3.3493050729300826,504,13.440503125735642,672,3.34929690474993,126
43,50,escaped,67,2,True,0.9832500000000001,0.9853297555695809,0.9840819022278324,8.97090844778072,603,11.628541780406183,804,8.970550584974214,234
43,51,caught,46,2,False,0.2,0.9862234538709593,0.5144893815483838,4.57632849417224,414,9.107535600897968,552,4.576266457559205,126
43,52,escaped,85,2,True,0.97875,0.9863035043418682,0.9817714017367473,11.736701729167507,765,12.29191550369882,1020,11.73656746662527,360
43,53,escaped,61,2,True,0.98475,0.9873164123446014,0.9857765649378406,2.961543711584671,549,14.620047378723994,732,2.961482817973111,135
43,54,escaped,68,2,True,0.9830000000000001,0.985023441366247,0.9838093765464988,4.536561470974769,612,18.39299506231863,816,4.536282726379516,171
43,55,escaped,50,2,True,0.9875,0.988431795797336,0.9878727183189344,5.738424439408443,450,6.230612457318913,600,5.738410806347771,180
43,56,escaped,83,2,True,0.9792500000000001,0.9823463736981548,0.9804885494792619,11.214575605005221,747,20.213256119935423,996,11.213051051696322,324
43,57,escaped,69,2,True,0.98275,0.9855889218873655,0.9838855687549461,7.927476798874535,621,13.294776289356747,828,7.92713449214913,171
43,58,escaped,58,2,True,0.9855,0.9875667914600716,0.9863267165840287,4.675076164159002,522,11.073591402034936,696,4.674663829099243,126
43,59,escaped,50,2,True,0.9875,0.9862767487306555,0.9870106994922623,7.1314738315261,450,6.959269747845299,600,7.131465753646938,225
43,60,escaped,24,2,True,0.9940000000000001,0.9947140065801041,0.9942856026320417,0.013149613735395188,216,3.027199391546165,288,0.013004317004210052,18
43,61,escaped,71,2,True,0.9822500000000001,0.9895955570867341,0.9851882228346938,2.4821793369431755,639,14.419598274947525,852,2.48213030386258,162
43,62,escaped,35,2,True,0.9912500000000001,0.9862908866556834,0.9892663546622734,2.0390159357661037,315,8.796967294871138,420,2.0385292514957865,81
43,63,escaped,41,2,True,0.9897500000000001,0.9894373868870642,0.9896249547548258,1.5609528855083135,369,8.312340789117805,492,1.5609295650047037,90
44,0,escaped,55,2,True,0.9862500000000001,0.988769447734354,0.9872577790937416,3.0508022275214515,495,10.756592687290663,660,3.0507887053522937,81
44,1,escaped,131,2,True,0.96725,0.9857629596227869,0.9746551838491149,20.48736142971854,1179,17.444773039666526,1572,20.486967759531105,513
44,2,escaped,72,2,True,0.9820000000000001,0.981622070076191,0.9818488280304765,14.76404170496841,648,12.071673968384093,864,14.7639483890182,441
44,3,escaped,57,2,True,0.9857500000000001,0.9904185222667394,0.9876174089066958,3.6225488487065673,513,8.277396407491727,684,3.6224996627224897,207
44,4,escaped,47,2,True,0.9882500000000001,0.9802453858182802,0.9850481543273121,3.7005911826314444,423,17.349083220138,564,3.6998875877980604,63
44,5,escaped,98,2,True,0.9755,0.9874803212506815,0.9802921285002727,7.941538165063829,882,18.8575668649786,1176,7.941328945433519,378
44,6,escaped,62,2,True,0.9845,0.9867247767399072,0.9853899106959629,5.54263461139684,558,12.363352729155638,744,5.542527082259126,207
44,7,escaped,14,2,True,0.9965,0.9969065215179957,0.9966626086071984,0.000613376007450281,126,1.0385909352768308,168,0.000604354974478005,9
44,8,escaped,79,2,True,0.9802500000000001,0.9892588253472888,0.9838535301389156,9.003280845949673,711,8.360892680274125,948,9.002870571847701,207
44,9,escaped,96,2,True,0.9760000000000001,0.9828087082232527,0.9787234832893011,14.158551243612393,864,20.73066792880913,1152,14.1583185231727,396
44,10,caught,25,1,False,0.1,0.987102773508556,0.45484110940342243,4.091813556851624,225,2.2825844857308826,300,4.091804512099027,90
44,11,escaped,25,2,True,0.99375,0.9967650247887954,0.9949560099155181,0.05085836660794637,225,1.8731739712455309,300,0.05084908090536109,54
44,12,escaped,13,2,True,0.99675,0.9936610541827656,0.9955144216731062,7.717043307513853e-06,117,1.9777408055860588,156,0,0
44,13,escaped,39,2,True,0.9902500000000001,0.9848369739235704,0.9880847895694282,5.6136468525194125,351,6.707729937512198,468,5.6135152372902795,153
44,14,escaped,80,2,True,0.9800000000000001,0.9854492893479324,0.9821797157391731,8.494662441791023,720,16.611147862915136,960,8.494650132798519,396
44,15,escaped,67,2,True,0.9832500000000001,0.9823501892820479,0.9828900757128192,9.595129392495387,603,15.587389777806541,804,9.594725740472628,234
44,16,escaped,25,2,True,0.99375,0.9950029150467773,0.9942511660187109,0.0002158580827879412,225,2.9979631611565623,300,0.00020742282548476466,9
44,17,escaped,77,2,True,0.98075,0.9854802564169807,0.9826421025667923,8.48064817969977,693,15.524955235153366,924,8.480583190466694,297
44,18,caught,34,1,False,0.1,0.9831711155022402,0.4532684462008961,5.841483177832545,306,5.943725513061866,408,5.841474071199524,225
44,19,escaped,38,2,True,0.9905,0.9867213099455099,0.988988523978204,1.0821071479601405,342,10.667355799081482,456,1.0820970906404281,45
44,20,escaped,47,2,True,0.9882500000000001,0.9854631737104721,0.9871352694841888,5.46887167097034,423,9.105711159960405,564,5.468854096465952,162
44,21,escaped,61,2,True,0.98475,0.9798968777485351,0.982808751099414,8.794681285654026,549,17.70472926193928,732,8.794604332059745,252
44,22,escaped,53,2,True,0.98675,0.9905664113516155,0.9882765645406462,4.116613896154677,477,6.51070623253891,636,4.116573936910122,144
44,23,escaped,25,2,True,0.99375,0.9897687187988461,0.9921574875195385,3.0285706740845217,225,2.100674488579633,300,3.028453950303502,72
44,24,escaped,58,2,True,0.9855,0.9857143325051632,0.9855857330020653,2.480417810383596,522,16.578425405634697,696,2.480408613560785,108
44,25,escaped,95,2,True,0.9762500000000001,0.9853728072770017,0.9798991229108007,13.338833413777357,855,15.564888190066215,1140,13.33733396489149,360
44,26,escaped,73,2,True,0.9817500000000001,0.9892432080833262,0.9847472832333306,3.7672556420364276,657,13.822891915297133,876,3.7664202626687815,180
44,27,escaped,53,2,True,0.98675,0.9859345863935925,0.986423834557437,4.644384206832808,477,11.698693831573136,636,4.643736964168374,162
44,28,escaped,31,2,True,0.9922500000000001,0.9854446258599233,0.9895278503439694,2.7321808689374003,279,7.186290534967182,372,2.7314906584521803,126
44,29,escaped,32,2,True,0.9920000000000001,0.986847729085034,0.9899390916340137,1.7442821330445955,288,7.775234551967705,384,1.744272511696912,54
44,30,escaped,15,2,True,0.9962500000000001,0.9971100047617546,0.9965940019047019,1.0063449499981985e-05,135,1.0403848678356642,180,0,0
44,31,escaped,18,2,True,0.9955,0.9921103453314651,0.9941441381325862,0.31891806817382856,162,2.983106725908608,216,0.31874773819914126,45
44,32,escaped,41,2,True,0.9897500000000001,0.9897500990731104,0.9897500396292442,2.3547972431077544,369,6.946172854582357,492,2.3538292518218715,63
44,33,escaped,97,2,True,0.9757500000000001,0.9835223931892519,0.9788589572757008,10.337027839621912,873,24.577164869258826,1164,10.336897984476737,405
44,34,escaped,8,2,True,0.9980000000000001,0.9941381413307253,0.9964552565322902,0.022780089893426468,72,1.0951034113095135,96,0.022772532598039984,27
44,35,escaped,20,2,True,0.9950000000000001,0.9977013964574105,0.9960805585829643,0.00161589778149098,180,1.1011751700676335,240,0.0016102330133432267,45
44,36,escaped,60,2,True,0.9850000000000001,0.9904265630543793,0.9871706252217518,4.324888686795741,540,8.019230952632844,720,4.324878347058074,144
44,37,escaped,73,2,True,0.9817500000000001,0.9896380963469189,0.9849052385387677,5.116847789682069,657,11.331591480621992,876,5.116598389630137,486
44,38,escaped,78,2,True,0.9805,0.9897460762733618,0.9841984305093447,7.2291752304190195,702,9.556444909041511,936,7.229141905223529,369
44,39,escaped,75,2,True,0.9812500000000001,0.9857684176833728,0.9830573670733491,7.994974053573816,675,14.956882765163922,900,7.994907913213148,288
44,40,escaped,45,2,True,0.98875,0.9848560079882753,0.9871924031953101,2.682085662636732,405,12.779397155813612,540,2.68181251631782,117
44,41,caught,73,2,False,0.2,0.9851158634320587,0.5140463453728235,11.150517486170767,657,11.209650618805517,876,11.150465672274043,351
44,42,escaped,20,2,True,0.9950000000000001,0.9932418527199806,0.9942967410879924,0.16599128343858008,180,3.022588983157905,240,0.16592331697184198,81
44,43,escaped,37,2,True,0.99075,0.9812534516031788,0.9869513806412715,4.331522813742068,333,10.871571224721126,444,4.331454646466771,108
44,44,escaped,83,2,True,0.9792500000000001,0.9804444053761645,0.9797277621504659,12.303959535749819,747,22.54946510968061,996,12.303203856184712,252
44,45,escaped,46,2,True,0.9885,0.9888553838461477,0.9886421535384591,0.9990273793673814,414,10.971619728029822,552,0.999019396584504,45
44,46,escaped,35,2,True,0.9912500000000001,0.9899339370425245,0.9907235748170098,3.2977017908893376,315,4.058557163093602,420,3.2976924936739076,135
44,47,escaped,74,2,True,0.9815,0.9793940514493609,0.9806576205797444,12.35510481883433,666,20.122691534155965,888,12.355027254143732,270
44,48,escaped,44,2,True,0.9890000000000001,0.9911817695241188,0.9898727078096476,2.65051592979435,396,5.778030142804736,528,2.6500571940792974,108
44,49,escaped,56,2,True,0.9860000000000001,0.9867435478826169,0.9862974191530468,3.335355608486125,504,13.369530834448048,672,3.3353474331795248,117
44,50,escaped,67,2,True,0.9832500000000001,0.9853939938578717,0.9841075975431487,8.96871485966737,603,11.528171396985742,804,8.968356996860864,234
44,51,escaped,53,2,True,0.98675,0.989121406863768,0.9876985627455073,2.3392344423399734,477,10.718591212833699,636,2.339099961407584,126
44,52,caught,21,1,False,0.1,0.9771329191355019,0.4508531676542008,4.306120900321374,189,5.783514221945197,252,4.306104331482417,99
44,53,escaped,61,2,True,0.98475,0.9873541379753369,0.9857916551901348,2.5768347317202536,549,15.077762361813203,732,2.5767723938811686,117
44,54,escaped,62,2,True,0.9845,0.9840465993565285,0.9843186397426114,4.223937919630565,558,18.106742931311548,744,4.22378937298325,135
44,55,escaped,50,2,True,0.9875,0.9880672059585437,0.9877268823834175,5.942970013297889,450,6.395392832017046,600,5.942954847160476,171
44,56,escaped,63,2,True,0.9842500000000001,0.9848624513964512,0.9844949805585805,4.7627485280550355,567,16.537642117825655,756,4.761221970881011,198
44,57,escaped,69,2,True,0.98275,0.9852068142953307,0.9837327257181323,7.891467568126271,621,13.975558769430554,828,7.891125261400865,171
44,58,escaped,58,2,True,0.9855,0.9868333816544416,0.9860333526617767,4.687027734330435,522,12.078562424576752,696,4.686615399270678,126
44,59,escaped,67,2,True,0.9832500000000001,0.9880739841962392,0.9851795936784957,6.686862290493589,603,10.26121702512262,804,6.6868541930530085,288
44,60,escaped,24,2,True,0.9940000000000001,0.9947613630017189,0.9943045452006876,0.013149657234426383,216,2.999922034697321,288,0.013004360503241247,18
44,61,escaped,71,2,True,0.9822500000000001,0.9904930204586045,0.9855472081834419,1.0926750285972202,639,14.742993100408171,852,1.0925252164758361,144
44,62,escaped,35,2,True,0.9912500000000001,0.9862065049330464,0.9892326019732186,2.0359606099599463,315,8.871921709627715,420,2.035473925689629,81
44,63,escaped,41,2,True,0.9897500000000001,0.9891822502644592,0.9895229001057838,1.561382852715573,369,8.562821936151474,492,1.56135731690563,81
45,0,escaped,59,2,True,0.9852500000000001,0.9868219991696869,0.9858787996678748,5.410420917784548,531,11.446154618677241,708,5.410420917784548,153
45,1,escaped,169,2,True,0.9577500000000001,0.9866551610439758,0.9693120644175903,23.4155005828085,1521,22.905999361889716,2028,23.4155005828085,675
45,2,escaped,74,2,True,0.9815,0.9836255279317634,0.9823502111727054,11.868589644197105,666,13.25627620092536,888,11.868589644197105,396
45,3,escaped,59,2,True,0.9852500000000001,0.9903854073726336,0.9873041629490535,3.3255917655829075,531,9.180140806240262,708,3.3255917655829075,171
45,4,escaped,43,2,True,0.9892500000000001,0.9817726287380535,0.9862590514952214,3.518513682131621,387,14.119295566153253,516,3.518513682131621,63
45,5,escaped,55,2,True,0.9862500000000001,0.9901393027732562,0.9878057211093025,1.9886739466395635,495,10.364555077115686,660,1.9886739466395635,153
45,6,escaped,39,2,True,0.9902500000000001,0.9869166394138259,0.9889166557655305,5.090801157167259,351,5.458290632435993,468,5.090801157167259,153
45,7,escaped,14,2,True,0.9965,0.9969549950016243,0.9966819980006497,0.0006250000000000011,126,1.022288346120886,168,0.0006250000000000011,9
45,8,escaped,44,2,True,0.9890000000000001,0.9967953954705642,0.9921181581882257,0.18870331398553095,396,3.132457964436866,528,0.18870331398553095,135
45,9,escaped,76,2,True,0.9810000000000001,0.9839713638126447,0.9821885455250579,10.787826529131324,684,14.85246370022759,912,10.787826529131324,297
45,10,escaped,55,2,True,0.9862500000000001,0.9899551847668363,0.9877320739067346,3.9285119944130016,495,8.021140115225343,660,3.9285119944130016,171
45,11,escaped,25,2,True,0.99375,0.9968487463366652,0.9949894985346661,0.0335371471531407,225,1.8460360017967092,300,0.0335371471531407,54
45,12,escaped,13,2,True,0.99675,0.9936158770575635,0.9954963508230255,0.0,117,1.9918463580401886,156,0,0
45,13,caught,56,1,False,0.1,0.9830977931828632,0.4532391172731453,7.294555123309323,504,12.990492464486183,672,7.294555123309323,180
45,14,escaped,83,2,True,0.9792500000000001,0.9883183384205018,0.9828773353682008,8.185904852469289,747,12.355330063068152,996,8.185904852469289,387
45,15,escaped,90,2,True,0.9775,0.9827583839607777,0.9796033535843112,13.040148269500069,810,19.855026285386657,1080,13.040148269500069,378
45,16,escaped,25,2,True,0.99375,0.995056266836962,0.9942725067347848,0.0,225,2.96623989782276,300,0.0,9
45,17,escaped,50,2,True,0.9875,0.9857184008579832,0.9867873603431934,6.30442051069363,450,8.732024956161924,600,6.30442051069363,180
45,18,escaped,99,2,True,0.9752500000000001,0.9886702514803244,0.9806181005921298,6.691940079010013,891,17.9968957107359,1188,6.691940079010013,342
45,19,escaped,38,2,True,0.9905,0.9880187515308687,0.9895075006123475,0.18404353391155737,342,10.68150722529902,456,0.18404353391155737,45
45,20,escaped,50,2,True,0.9875,0.9876277793813608,0.9875511117525444,3.595660196963105,450,10.05245114641625,600,3.595660196963105,126
45,21,escaped,29,2,True,0.99275,0.9819100940593474,0.9884140376237389,3.196995819613431,261,8.327913441876357,348,3.196995819613431,72
45,22,escaped,49,2,True,0.9877500000000001,0.9916625955333566,0.9893150382133427,2.378152486015366,441,6.633917671418911,588,2.378152486015366,117
45,23,escaped,26,2,True,0.9935,0.9888777230166501,0.99165108920666,3.554178604675347,234,2.2013960313765515,312,3.554178604675347,81
45,24,escaped,62,2,True,0.9845,0.9846591960357308,0.9845636784142924,4.016148639395909,558,17.472251446304647,744,4.016148639395909,162
45,25,caught,66,1,False,0.1,0.9852533239172936,0.45410132956691746,10.925479670014093,594,8.791428688321522,792,10.925479670014093,288
45,26,escaped,74,2,True,0.9815,0.9872518806544704,0.9838007522617882,6.886956801591362,666,13.458050888871925,888,6.886956801591362,261
45,27,escaped,53,2,True,0.98675,0.9890394355334552,0.9876657742133821,1.5670125052429589,477,11.852487994454405,636,1.5670125052429589,99
45,28,escaped,34,2,True,0.9915,0.9807774473238896,0.9872109789295558,6.418191945176922,306,7.128013723470163,408,6.418191945176922,135
45,29,escaped,33,2,True,0.99175,0.9898288355798888,0.9909815342319555,0.035177723444768494,297,8.00865858946845,396,0.035177723444768494,63
45,30,escaped,15,2,True,0.9962500000000001,0.9972391162878856,0.9966456465151543,0.0,135,0.9939181363611884,180,0,0
45,31,escaped,24,2,True,0.9940000000000001,0.9884106634320119,0.9917642653728048,1.3189893552846255,216,4.916805389448341,288,1.3189893552846255,45
45,32,escaped,40,2,True,0.9900000000000001,0.9884553475808929,0.9893821390323573,3.0277559553771813,360,7.045858381839831,480,3.0277559553771813,81
45,33,caught,27,1,False,0.1,0.9795793328768982,0.4518317331507593,5.506619764941828,243,5.890432609180834,324,5.506619764941828,135
45,34,escaped,8,2,True,0.9980000000000001,0.9944053873495263,0.9965621549398105,0.017621439028496853,72,1.0506703768529548,96,0.017621439028496853,36
45,35,escaped,16,2,True,0.9960000000000001,0.9955394277036932,0.9958157710814773,0.9712461129992449,144,0.41786494444949535,192,0.9712461129992449,36
45,36,escaped,45,2,True,0.98875,0.9962993478443284,0.9917697391377314,0.5784151558454017,405,3.2254841203314473,540,0.5784151558454017,135
45,37,escaped,102,2,True,0.9745,0.9907357350144215,0.9809942940057685,4.257079142940267,918,17.002815160775793,1224,4.257079142940267,378
45,38,escaped,91,2,True,0.9772500000000001,0.9903307314514125,0.9824822925805651,7.10109369781952,819,11.649557579689215,1092,7.10109369781952,333
45,39,caught,19,0,False,0.0,0.9848760744402754,0.39395042977611017,2.2129594197820355,171,3.945897495525048,228,2.2129594197820355,27
45,40,escaped,45,2,True,0.98875,0.9872626553692349,0.9881550621476939,1.1854422825956819,405,12.175742491098815,540,1.1854422825956819,108
45,41,escaped,49,2,True,0.9877500000000001,0.988849826694132,0.9881899306776528,3.668079552650614,441,8.221831070833248,588,3.668079552650614,126
45,42,escaped,22,2,True,0.9945,0.9937926930232299,0.994217077209292,0.10516326526230657,198,3.1372403967182043,264,0.10516326526230657,72
45,43,escaped,39,2,True,0.9902500000000001,0.9837192389422997,0.9876376955769199,2.283139031282183,351,12.194606974964497,468,2.283139031282183,81
45,44,escaped,86,2,True,0.9785,0.983964320868748,0.9806857283474992,7.611726898563727,774,22.948672528819298,1032,7.611726898563727,261
45,45,escaped,46,2,True,0.9885,0.9884074782347835,0.9884629912939134,0.9693125917849126,414,11.505727239752439,552,0.9693125917849126,54
45,46,escaped,40,2,True,0.9900000000000001,0.9923250341506209,0.9909300136602485,1.7405675127970188,360,5.04721053167459,480,1.7405675127970188,108
45,47,escaped,92,2,True,0.9770000000000001,0.9852420087523871,0.9802968035009549,5.580958276380679,828,25.144366972888477,1104,5.580958276380679,225
45,48,escaped,51,2,True,0.9872500000000001,0.9917886835480271,0.9890654734192109,2.062680666153599,459,7.300410449010067,612,2.062680666153599,117
45,49,escaped,64,2,True,0.9840000000000001,0.9864270339049029,0.9849708135619613,3.082478035948625,576,16.738105207470856,768,3.082478035948625,180
45,50,escaped,59,2,True,0.9852500000000001,0.9851760964905643,0.9852204385962258,8.474346378927146,531,9.691518864124786,708,8.474346378927146,207
45,51,escaped,63,2,True,0.9842500000000001,0.9847627242204161,0.9844550896881665,8.157984336410117,567,12.161448530183977,756,8.157984336410117,243
45,52,escaped,74,2,True,0.9815,0.9854903450422406,0.9830961380168963,10.432325175151293,666,11.8593803047788,888,10.432325175151293,270
45,53,escaped,44,2,True,0.9890000000000001,0.989861059053571,0.9893444236214285,1.104649194457292,396,9.233856046819254,528,1.104649194457292,81
45,54,escaped,49,2,True,0.9877500000000001,0.9843991318019495,0.9864096527207799,3.5655497716236675,441,13.592554638742477,588,3.5655497716236675,153
45,55,escaped,47,2,True,0.9882500000000001,0.9850090484429227,0.9869536193771691,7.996741583266119,423,6.247471245361678,564,7.996741583266119,189
45,56,escaped,64,2,True,0.9840000000000001,0.9863373992381688,0.9849349596952676,3.4663945504593454,576,16.363895369560296,768,3.4663945504593454,171
45,57,caught,9,0,False,0.0,0.975743267971197,0.3902973071884788,3.119871103072657,81,1.0796259807912305,108,3.119871103072657,45
45,58,escaped,41,2,True,0.9897500000000001,0.9893818926184222,0.989602757047369,2.343772527539117,369,7.323187626753693,492,2.343772527539117,54
45,59,escaped,47,2,True,0.9882500000000001,0.9891087149414639,0.9885934859765856,3.5651136087044026,423,7.53188473442288,564,3.5651136087044026,117
45,60,escaped,24,2,True,0.9940000000000001,0.9948585817744019,0.9943434327097609,0.009518611484059077,216,2.948765415965771,288,0.009518611484059077,18
45,61,escaped,84,2,True,0.9790000000000001,0.9865465422494638,0.9820186168997855,9.311764473645086,756,14.706484860220833,1008,9.311764473645086,297
45,62,escaped,37,2,True,0.99075,0.9840058844496656,0.9880523537798663,4.186484644487055,333,8.620795082714139,444,4.186484644487055,144
45,63,escaped,77,2,True,0.98075,0.9868964897738678,0.9832085959095471,4.361952627845516,693,18.399350060764917,924,4.361952627845516,288
46,0,escaped,55,2,True,0.9862500000000001,0.9887702651284255,0.9872581060513702,3.0517945745166375,495,10.754190597789522,660,3.0517805138735867,81
46,1,escaped,131,2,True,0.96725,0.98809384594912,0.9755875383796481,14.543011076447819,1179,18.04226690070314,1572,14.542986109840525,504
46,2,escaped,72,2,True,0.9820000000000001,0.9814554350449343,0.9817821740179737,14.22531619360904,648,13.077919984208224,864,14.225305273415062,486
46,3,escaped,91,2,True,0.9772500000000001,0.9868257284827786,0.9810802913931115,8.49558145625178,819,17.445167051942583,1092,8.495555958379466,324
46,4,escaped,47,2,True,0.9882500000000001,0.9803807226318102,0.9851022890527241,3.6104268432795967,423,17.316642413611905,564,3.6104041472737913,63
46,5,escaped,85,2,True,0.97875,0.9898802806404375,0.9832021122561749,4.453711712117299,765,14.705945210684314,1020,4.453694552953432,342
46,6,escaped,98,2,True,0.9755,0.9839677046608567,0.9788870818643427,13.178803151415073,882,20.136221102445045,1176,13.178778299358484,477
46,7,escaped,14,2,True,0.9965,0.996912915798388,0.9966651663193552,0.0008824163899547892,126,1.0360837365550253,168,0.0008599014992095551,9
46,8,escaped,40,2,True,0.9900000000000001,0.9920230706575087,0.9908092282630037,4.122771702317238,360,2.1608232323686347,480,4.122757055455093,207
46,9,escaped,70,2,True,0.9825,0.9795804902339971,0.9813321960935989,14.672662487344363,630,14.741226423759048,840,14.67263890115072,342
46,10,caught,25,1,False,0.1,0.9878125654330171,0.4551250261732069,3.764806849381003,225,2.2927182743483803,300,3.764783538304916,90
46,11,escaped,21,2,True,0.99475,0.9962961316588536,0.9953684526635415,0.015044916559452465,189,1.846689755191888,252,0.015021318792045362,45
46,12,escaped,13,2,True,0.99675,0.9936523024777033,0.9955109209910813,2.2861602748088796e-05,117,1.9804511448195636,156,0,0
46,13,escaped,78,2,True,0.9805,0.9843682338424982,0.9820472935369993,11.268269939248768,702,14.238306327845121,936,11.2682462656427,279
46,14,escaped,55,2,True,0.9862500000000001,0.9881933746387254,0.9870273498554902,3.735560704845097,495,10.60399787042233,660,3.7355363380188766,225
46,15,escaped,67,2,True,0.9832500000000001,0.9775027783970257,0.9809511113588103,15.214141368414314,603,15.89001051303025,804,15.214118161090076,279
46,16,escaped,25,2,True,0.99375,0.9949800812224798,0.9942420324889919,0.000424316163485289,225,3.0113855116274464,300,0.0004003508346265634,9
46,17,escaped,77,2,True,0.98075,0.9854191546899588,0.9826176618759835,9.084048291023128,693,14.833337744925416,924,9.084029611367699,450
46,18,escaped,82,2,True,0.9795,0.98415054912787,0.9813602196511481,10.449887081392129,738,17.258536541162343,984,10.449864714338915,369
46,19,escaped,38,2,True,0.9905,0.9866833738752736,0.9889733495501095,1.0999306323921025,342,10.67818884922771,456,1.0999054791469258,45
46,20,escaped,53,2,True,0.98675,0.9863931152328205,0.9866072460931281,5.478414811364915,477,10.00340434203242,636,5.478392368740212,198
46,21,escaped,96,2,True,0.9760000000000001,0.9814535402866287,0.9781814161146515,15.027411190244338,864,22.69449492594835,1152,15.02739354747098,495
46,22,escaped,41,2,True,0.9897500000000001,0.9949128468811044,0.9918151387524419,0.013904762428428509,369,4.987218985755337,492,0.01388171752620591,18
46,23,escaped,25,2,True,0.99375,0.9901421193472524,0.992306847738901,2.858330915770838,225,2.1036205039540956,300,2.858307829090753,72
46,24,escaped,53,2,True,0.98675,0.9874200644284203,0.9870180257713681,1.0227430601412237,477,14.638020633527741,636,1.0227214828318307,81
46,25,escaped,101,2,True,0.9747500000000001,0.9816891538020258,0.9775256615208104,21.30251568127703,909,15.982136942186733,1212,21.302490889241387,432
46,26,caught,68,2,False,0.2,0.9874252931329645,0.5149701172531858,6.4712770303085065,612,11.893552233257402,816,6.471254857642746,180
46,27,escaped,54,2,True,0.9865,0.9844818879281387,0.9856927551712555,4.661437936421073,486,13.896222663237415,648,4.661419359049409,162
46,28,escaped,32,2,True,0.9920000000000001,0.9833203429133048,0.9885281371653221,4.459079760627515,288,6.864536961745172,384,4.459059680801423,144
46,29,escaped,34,2,True,0.9915,0.9879906048632935,0.9900962419453174,0.6586660712534185,306,8.921445003214648,408,0.6586412231075603,72
46,30,escaped,15,2,True,0.9962500000000001,0.9970959410237046,0.9965883764094818,2.5115187123388666e-05,135,1.0454277445501694,180,0,0
46,31,escaped,18,2,True,0.9955,0.992216434212129,0.9941865736848516,0.2909571277458436,162,2.9745575833658155,216,0.29093388022446515,36
46,32,escaped,41,2,True,0.9897500000000001,0.9908661682379942,0.9901964672951978,1.5350676180862801,369,6.94093362969861,492,1.5350454577972659,63
46,33,escaped,50,2,True,0.9875,0.9857664755302811,0.9868065902121125,4.831449838138317,450,10.63829624614497,600,4.831424905218305,216
46,34,escaped,8,2,True,0.9980000000000001,0.994197465021305,0.996478986008522,0.023200690973542364,72,1.0831524612780385,96,0.023182824713231544,36
46,35,escaped,37,2,True,0.99075,0.9832905894286528,0.9877662357714612,7.691534656484291,333,4.5825770453772945,444,7.691524338150377,225
46,36,escaped,60,2,True,0.9850000000000001,0.989134137850018,0.9866536551400074,5.537219662385548,540,8.263881946126707,720,5.537197056060533,135
46,37,escaped,74,2,True,0.9815,0.9897443762541143,0.9847977505016456,5.151065289346079,666,11.345900720231628,888,5.151049893887414,522
46,38,caught,59,2,False,0.2,0.989965017853661,0.5159860071414644,7.201116835285551,531,4.6080456055019905,708,7.201092354079505,252
46,39,caught,19,0,False,0.0,0.9884168976916514,0.3953667590766606,1.0032414928628572,171,3.944239328789784,228,1.003218414027623,36
46,40,escaped,45,2,True,0.98875,0.9850566392973428,0.9872726557189371,2.459907320221556,405,12.858953131907754,540,2.4598837115023096,108
46,41,escaped,93,2,True,0.97675,0.9829850652774136,0.9792440261109654,13.608192796053649,837,19.83307723940796,1116,13.608167710986047,504
46,42,escaped,21,2,True,0.99475,0.9864178691855481,0.9914171476742193,2.884302781489483,189,2.9996568884977903,252,2.884284250771117,72
46,43,escaped,37,2,True,0.99075,0.9838613382285517,0.9879945352914208,2.6147062207582485,333,10.844856692035135,444,2.614680543005299,108
46,44,caught,26,0,False,0.0,0.9835804577013878,0.39343218308055516,2.531905409772425,234,6.86992051463743,312,2.531882902947156,45
46,45,escaped,46,2,True,0.9885,0.9888509654071826,0.988640386162873,0.9922466330093496,414,10.985538679791198,552,0.9922246354848595,45
46,46,escaped,62,2,True,0.9845,0.9895866601467639,0.9865346640587056,2.7893463273144854,558,11.775921265196041,744,2.789321890608048,54
46,47,escaped,48,2,True,0.9880000000000001,0.9847693519905067,0.9867077407962027,4.946902312587266,432,10.949836756819865,576,4.946877607951271,126
46,48,escaped,44,2,True,0.9890000000000001,0.9912315649351691,0.9898926259740677,2.599502434989583,396,5.793464181808651,528,2.599482422154537,108
46,49,escaped,99,2,True,0.9752500000000001,0.9888365181789391,0.9806846072715758,4.612232570568204,891,20.37478937941636,1188,4.612208959825258,279
46,50,escaped,57,2,True,0.9857500000000001,0.9850109203069453,0.9854543681227781,6.858354988432237,513,11.360587702189228,684,6.8583333232893855,162
46,51,caught,46,2,False,0.2,0.9867063771971681,0.5146825508788673,4.1509719544496715,414,9.141530301726807,552,4.150947703764131,117
46,52,escaped,90,2,True,0.9775,0.9834851568960131,0.9798940627584053,16.95973902231614,810,13.059075741523511,1080,16.95971541538518,450
46,53,escaped,61,2,True,0.98475,0.986894806184445,0.985607922473778,2.818426822067609,549,15.428101316548945,732,2.818401848740224,108
46,54,escaped,61,2,True,0.98475,0.9851310740579907,0.9849024296231963,4.176102001719943,549,16.19997157680837,732,4.176076103339231,153
46,55,escaped,50,2,True,0.9875,0.9861600683382126,0.9869640273352851,7.7633483768921385,450,6.256786824955467,600,7.763323235055932,189
46,56,escaped,65,2,True,0.9837500000000001,0.9825880126565425,0.9832852050626171,7.942793502999926,585,16.572308918460468,780,7.94278224606462,207
46,57,escaped,69,2,True,0.98275,0.9853067961938001,0.98377271847752,7.787145216374862,621,13.949085214567155,828,7.787121406801726,180
46,58,escaped,61,2,True,0.98475,0.9859905217234404,0.9852462086893762,7.497148221122461,549,10.513678568720035,732,7.497125923367862,171
46,59,caught,59,2,False,0.2,0.9913840455340774,0.516553618213631,2.0309364962183976,531,9.492276195455169,708,2.030912517459537,180
46,60,escaped,24,2,True,0.9940000000000001,0.9947534108142532,0.9943013643257013,0.013205961449269147,216,3.004427422391155,288,0.013183369740205406,18
46,61,escaped,108,2,True,0.9730000000000001,0.9852242436897074,0.977889697475883,11.833437274806467,972,22.520843989869768,1296,11.833410890875657,360
46,62,escaped,35,2,True,0.9912500000000001,0.9862307561937141,0.9892423024774857,2.014858495208579,315,8.879686803668713,420,2.014837891836135,81
46,63,escaped,41,2,True,0.9897500000000001,0.9895063486538107,0.9896525394615244,1.3135464195769058,369,8.574357698547677,492,1.3135217633773884,90
47,0,escaped,129,2,True,0.9677500000000001,0.9859956131722925,0.975048245268917,9.692628609048786,1161,30.434076806517496,1548,9.692628609048786,378
47,1,caught,126,2,False,0.2,0.9908054905292413,0.5163221962116965,7.97493642337928,1134,17.170948075068825,1512,7.97493642337928,144
47,2,escaped,81,2,True,0.9797500000000001,0.9853038921080501,0.9819715568432201,9.696498698106163,729,15.640568811142261,972,9.696498698106163,243
47,3,escaped,180,2,True,0.9550000000000001,0.988868938886872,0.9685475755547489,9.941649976923447,1620,34.83065070614833,2160,9.941649976923447,225
47,4,escaped,48,2,True,0.9880000000000001,0.9803639482007787,0.9849455792803115,4.410260931757965,432,16.74038376369235,576,4.410260931757965,144
47,5,escaped,100,2,True,0.9750000000000001,0.9902117687904398,0.981084707516176,3.4693942351471723,900,18.865895922748084,1200,3.4693942351471723,234
47,6,escaped,62,2,True,0.9845,0.9863134797964991,0.9852253919185996,6.789098837372881,558,11.313410279645462,744,6.789098837372881,234
47,7,escaped,86,2,True,0.9785,0.990590900468051,0.9833363601872204,3.455449113155515,774,14.813115949735444,1032,3.455449113155515,171
47,8,caught,30,0,False,0.0,0.9828990881762569,0.3931596352705028,7.682216265446979,270,2.0697014924990165,360,7.682216265446979,189
47,9,escaped,167,2,True,0.95825,0.9897037305564124,0.9708314922225649,6.219586132078405,1503,32.974666420461155,2004,6.219586132078405,369
47,10,escaped,96,2,True,0.9760000000000001,0.9847533261823049,0.979501330472922,16.234866874764517,864,13.481847309616652,1152,16.234866874764517,423
47,11,escaped,74,2,True,0.9815,0.99369604228568,0.986378416914272,0.012564286253535667,666,11.179076518961029,888,0.012564286253535667,36
47,12,escaped,19,2,True,0.9952500000000001,0.9855950365292363,0.9913880146116947,3.312564047325933,171,2.151911279567013,228,3.312564047325933,63
47,13,caught,64,1,False,0.1,0.9790744294396548,0.45162977177586194,14.315946004985141,576,13.053748374043305,768,14.315946004985141,225
47,14,escaped,152,2,True,0.9620000000000001,0.988835377902848,0.9727341511611393,7.4270673793785935,1368,30.82578490457205,1824,7.4270673793785935,297
47,15,escaped,96,2,True,0.9760000000000001,0.9877555240304035,0.9807022096121614,5.490475606619526,864,20.890638491790977,1152,5.490475606619526,270
47,16,escaped,114,2,True,0.9715,0.9938639434597099,0.9804455773838839,0.0,1026,16.788250694233735,1368,0.0,9
47,17,escaped,118,2,True,0.9705,0.9914151135773768,0.9788660454309508,2.5310233326795433,1062,20.93770057196298,1416,2.5310233326795433,261
47,18,escaped,63,2,True,0.9842500000000001,0.9877839076058339,0.9856635630423336,3.3780961978536266,567,13.966603436174346,756,3.3780961978536266,135
47,19,caught,161,2,False,0.2,0.98424648826069,0.513698595304276,26.80360955914036,1449,25.1334232818401,1932,26.80360955914036,900
47,20,escaped,77,2,True,0.98075,0.9878204027160944,0.9835781610864378,6.369785387062714,693,14.01484859790737,924,6.369785387062714,189
47,21,escaped,168,2,True,0.9580000000000001,0.984518290158478,0.9686073160633912,18.257554080162173,1512,38.07884864080023,2016,18.257554080162173,702
47,22,caught,59,2,False,0.2,0.9928813141873969,0.5171525256749587,3.032500779053074,531,6.036724738575203,708,3.032500779053074,54
47,23,escaped,68,2,True,0.9830000000000001,0.9920781561165039,0.9866312624466016,2.919387826128688,612,9.035932116360842,816,2.919387826128688,171
47,24,escaped,131,2,True,0.96725,0.9873540567527088,0.9752916227010836,8.086822475824498,1179,28.976415601717363,1572,8.086822475824498,396
47,25,escaped,77,2,True,0.98075,0.9821700608468259,0.9813180243387304,16.85957397853182,693,10.470295583689927,924,16.85957397853182,279
47,26,escaped,152,2,True,0.9620000000000001,0.991035416081519,0.9736141664326077,8.017329042605404,1368,22.0130300778113,1824,8.017329042605404,378
47,27,escaped,93,2,True,0.97675,0.9863257126435879,0.9805802850574352,3.9919332556907055,837,25.19843170525753,1116,3.9919332556907055,216
47,28,escaped,83,2,True,0.9792500000000001,0.9896404877120354,0.9834061950848142,4.178242869858734,747,15.0651579844806,996,4.178242869858734,180
47,29,escaped,101,2,True,0.9747500000000001,0.9876080939225472,0.979893237569019,6.677724355823177,909,21.13434785731471,1212,6.677724355823177,261
47,30,escaped,61,2,True,0.98475,0.9906959118522913,0.9871283647409166,4.296253391506403,549,7.892847192903693,732,4.296253391506403,117
47,31,escaped,152,2,True,0.9620000000000001,0.9911521797267232,0.9736608718906894,8.471480707876205,1368,20.981540746412275,1824,8.471480707876205,486
47,32,escaped,151,2,True,0.96225,0.9883620768393191,0.9726948307357277,5.491163756586807,1359,34.85428185885852,1812,5.491163756586807,171
47,33,escaped,109,2,True,0.9727500000000001,0.9879069585005971,0.9788127834002389,3.492723113936887,981,26.978432410522192,1308,3.492723113936887,198
47,34,escaped,13,2,True,0.99675,0.9733653372952102,0.9873961349180841,4.020640380740055,117,2.949160922907653,156,4.020640380740055,90
47,35,escaped,118,2,True,0.9705,0.9890505167651887,0.9779202067060755,5.617148851024083,1062,23.519404719620052,1416,5.617148851024083,180
47,36,escaped,92,2,True,0.9770000000000001,0.9913445058015071,0.9827378023206029,1.266732342552316,828,17.42235473353582,1104,1.266732342552316,126
47,37,escaped,183,2,True,0.95425,0.9882371038800045,0.9678448415520018,13.24938348651225,1647,33.99679511033729,2196,13.24938348651225,855
47,38,escaped,156,2,True,0.9610000000000001,0.9918917726457924,0.9733567090583171,5.0396545216750495,1404,23.637663851919577,1872,5.0396545216750495,279
47,39,caught,35,0,False,0.0,0.9879750824152678,0.3951900329661071,2.55951448215215,315,6.6882447949722135,420,2.55951448215215,99
47,40,escaped,139,2,True,0.96525,0.9860838761192388,0.9735835504476955,10.33642718310749,1251,32.64228635540964,1668,10.33642718310749,477
47,41,escaped,92,2,True,0.9770000000000001,0.9888749557721691,0.9817499823088678,2.4215191219896703,828,21.33540549239778,1104,2.4215191219896703,180
47,42,escaped,100,2,True,0.9750000000000001,0.9888105528197103,0.9805242211278842,6.118227801268137,900,18.6970361643378,1200,6.118227801268137,279
47,43,escaped,128,2,True,0.9680000000000001,0.9890078312433516,0.9764031324973406,5.197187499499815,1152,26.838359087757443,1536,5.197187499499815,243
47,44,escaped,129,2,True,0.9677500000000001,0.981733999131892,0.9733435996527569,15.315923200628776,1161,36.130307753490804,1548,15.315923200628776,288
47,45,escaped,103,2,True,0.9742500000000001,0.9866236734562958,0.9791994693825183,6.853413706208909,927,23.928394274425134,1236,6.853413706208909,324
47,46,escaped,88,2,True,0.9780000000000001,0.9897144988682435,0.9826857995472974,7.181021744145451,792,12.148282731409234,1056,7.181021744145451,279
47,47,escaped,84,2,True,0.9790000000000001,0.9807244921490575,0.9796897968596231,10.906080047174994,756,24.317983764600047,1008,10.906080047174994,270
47,48,escaped,75,2,True,0.9812500000000001,0.9830213002812378,0.9819585201124952,12.576257102812885,675,13.793316690021477,900,12.576257102812885,297
47,49,escaped,84,2,True,0.9790000000000001,0.9852193378381107,0.9814877351352443,6.833526356855977,756,20.686446442560932,1008,6.833526356855977,243
47,50,escaped,189,2,True,0.9527500000000001,0.9886942673175796,0.9671277069270319,17.391164939204028,1701,28.094583528520467,2268,17.391164939204028,603
47,51,escaped,85,2,True,0.97875,0.986294339912697,0.9817677359650787,7.385555577169247,765,18.11213914187239,1020,7.385555577169247,306
47,52,caught,21,1,False,0.1,0.9786998613800465,0.4514799445520186,3.634220162418085,189,5.889642981232474,252,3.634220162418085,54
47,53,escaped,178,2,True,0.9555,0.9834380743549795,0.9666752297419918,31.952017907558474,1602,28.14985581211617,2136,31.952017907558474,909
47,54,escaped,184,2,True,0.9540000000000001,0.9862648438895482,0.9669059375558193,11.363842618603032,1656,45.502659225617926,2208,11.363842618603032,477
47,55,escaped,130,2,True,0.9675,0.9923792014310852,0.977451680572434,3.682787654322105,1170,18.86650799591828,1560,3.682787654322105,315
47,56,escaped,135,2,True,0.96625,0.9855840972355963,0.9739836388942384,8.3531750231322,1215,35.56995825915869,1620,8.3531750231322,342
47,57,escaped,149,2,True,0.9627500000000001,0.9880010509453853,0.9728504203781541,10.453021478733067,1341,28.970879847658143,1788,10.453021478733067,396
47,58,escaped,53,2,True,0.98675,0.9925105918873813,0.9890542367549525,1.0671522607053694,477,8.103657438310487,636,1.0671522607053694,36
47,59,escaped,131,2,True,0.96725,0.9921059213789462,0.9771923685515785,2.7433712340345813,1179,21.161154872547353,1572,2.7433712340345813,288
47,60,escaped,120,2,True,0.9700000000000001,0.9921156575041012,0.9788462630016406,3.310817180848794,1080,18.292483480390022,1440,3.310817180848794,126
47,61,escaped,133,2,True,0.9667500000000001,0.9874667685170574,0.975036707406823,8.655343352608265,1197,28.465617090075,1596,8.655343352608265,333
47,62,escaped,139,2,True,0.96525,0.9814113187042532,0.9717145274817014,25.208244555615998,1251,28.40084806178996,1668,25.208244555615998,558
47,63,escaped,81,2,True,0.9797500000000001,0.9833948732781724,0.9812079493112691,10.12791647026553,729,18.776477720212085,972,10.12791647026553,279
48,0,escaped,52,2,True,0.9870000000000001,0.9870281582473123,0.987011263298925,3.9276318365156655,468,10.952016058666677,624,3.9276318365156655,144
48,1,caught,195,2,False,0.2,0.9857218590852346,0.5142887436340938,30.449499671808542,1755,26.22236658535758,2340,30.449499671808542,1197
48,2,escaped,65,2,True,0.9837500000000001,0.9847767720815034,0.9841607088326014,9.20375870060936,585,11.47655728537553,780,9.20375870060936,270
48,3,escaped,45,2,True,0.98875,0.9941520571659376,0.990910822866375,0.09091308651566521,405,6.19456081209991,540,0.09091308651566521,90
48,4,caught,14,2,False,0.2,0.9719322393866359,0.5087728957546543,2.32765625,126,6.3272258994237,168,2.32765625,54
48,5,escaped,53,2,True,0.98675,0.9895855537394513,0.9878842214957806,2.15859375,477,10.369050643417935,636,2.15859375,72
48,6,escaped,26,2,True,0.9935,0.9964197617061058,0.9946679046824423,0.07123996426238273,234,2.1390820763734713,312,0.07123996426238273,63
48,7,escaped,14,2,True,0.9965,0.997019795150905,0.996707918060362,0.0001562499999999989,126,1.0011404959625736,168,0.0001562499999999989,9
48,8,caught,16,0,False,0.0,0.9764404870447471,0.39057619481789885,5.624355521944062,144,1.547712278891697,192,5.624355521944062,99
48,9,escaped,61,2,True,0.98475,0.9804183084656534,0.9830173233862614,11.784234886176154,549,12.955283224715274,732,11.784234886176154,279
48,10,escaped,55,2,True,0.9862500000000001,0.9836032701449979,0.9851913080579993,10.03800151885631,495,8.259681383460952,660,10.03800151885631,234
48,11,escaped,24,2,True,0.9940000000000001,0.9939334104803678,0.9939733641921471,1.1231250000000002,216,1.9968555633081402,288,1.1231250000000002,72
48,12,escaped,26,2,True,0.9935,0.9942744307504165,0.9938097723001666,1.1468750000000003,234,2.0435885450734155,312,1.1468750000000003,36
48,13,escaped,66,2,True,0.9835,0.9820344226718043,0.9829137690687217,12.20985411503609,594,12.177669001147185,792,12.20985411503609,342
48,14,escaped,55,2,True,0.9862500000000001,0.9882289955607844,0.9870415982243137,2.7582125678928366,495,11.860109102574187,660,2.7582125678928366,153
48,15,escaped,97,2,True,0.9757500000000001,0.9819327188487372,0.9782230875394949,13.383814550188513,873,24.215544453221618,1164,13.383814550188513,351
48,16,escaped,25,2,True,0.99375,0.9948556723093068,0.9941922689237227,0.0,225,3.086596614415891,300,0.0,9
48,17,escaped,57,2,True,0.9857500000000001,0.9885639947434736,0.9868755978973895,3.514842698446014,513,10.957998259666804,684,3.514842698446014,207
48,18,escaped,72,2,True,0.9820000000000001,0.9855898699687711,0.9834359479875086,7.780061239878566,648,14.527289707458781,864,7.780061239878566,270
48,19,escaped,38,2,True,0.9905,0.9864566815419642,0.9888826726167858,0.9662500000000003,342,11.063173100395298,456,0.9662500000000003,54
48,20,escaped,47,2,True,0.9882500000000001,0.9887739376324612,0.9884595750529845,3.4572888786522746,423,8.053279845713972,564,3.4572888786522746,135
48,21,escaped,20,2,True,0.9950000000000001,0.9908568103350058,0.9933427241340025,0.009999999999999995,180,4.375397705863884,240,0.009999999999999995,18
48,22,escaped,38,2,True,0.9905,0.9940010978629901,0.9919004391451961,0.030624999999999993,342,5.430165415619757,456,0.030624999999999993,54
48,23,escaped,25,2,True,0.99375,0.9808464046777836,0.9885885618711134,6.9617051334411295,225,2.2098836820749774,300,6.9617051334411295,90
48,24,escaped,42,2,True,0.9895,0.9878001397700189,0.9888200559080076,0.9028549646176739,378,11.093652492330731,504,0.9028549646176739,144
48,25,escaped,51,2,True,0.9872500000000001,0.9895257175813154,0.9881602870325262,5.116509281861384,459,5.998509304654833,612,5.116509281861384,126
48,26,escaped,41,2,True,0.9897500000000001,0.9845682120069054,0.9876772848027623,4.521875620733499,369,9.155711890893741,492,4.521875620733499,135
48,27,escaped,40,2,True,0.9900000000000001,0.9886706966834112,0.9894682786733646,1.4260937500000015,360,8.974672850591922,480,1.4260937500000015,108
48,28,escaped,31,2,True,0.9922500000000001,0.9850290813868174,0.989361632554727,3.5494472671252826,279,6.405767092040781,372,3.5494472671252826,117
48,29,escaped,33,2,True,0.99175,0.9880883999421068,0.9902853599768427,0.7256249999999997,297,8.466487245851356,396,0.7256249999999997,63
48,30,escaped,15,2,True,0.9962500000000001,0.9971849952206043,0.9966239980882418,0.0,135,1.0134017205824257,180,0,0
48,31,escaped,19,2,True,0.9952500000000001,0.9917602124920223,0.9938540849968089,0.37863599153161037,171,3.2524951149290033,228,0.37863599153161037,45
48,32,escaped,38,2,True,0.9905,0.9888558071884003,0.9898423228753601,2.640257951183432,342,6.643159909267748,456,2.640257951183432,63
48,33,escaped,35,2,True,0.9912500000000001,0.986422806330581,0.9893191225322324,3.1273848992961963,315,7.234996149917026,420,3.1273848992961963,135
48,34,escaped,8,2,True,0.9980000000000001,0.9943166514342782,0.9965266605737113,0.02046874999999997,72,1.0639112579519276,96,0.02046874999999997,36
48,35,escaped,40,2,True,0.9900000000000001,0.9889117752558594,0.9895647101023439,2.195476355973054,360,7.717393946410948,480,2.195476355973054,126
48,36,escaped,60,2,True,0.9850000000000001,0.9912770257040805,0.9875108102816323,3.7039603658735727,540,7.622469164959303,720,3.7039603658735727,216
48,37,escaped,93,2,True,0.97675,0.987997171422663,0.9812488685690652,8.084072622691078,837,16.01154988769475,1116,8.084072622691078,477
48,38,escaped,77,2,True,0.98075,0.9886088489196995,0.9838935395678798,9.229429196005018,693,8.744941601722108,924,9.229429196005018,342
48,39,escaped,75,2,True,0.9812500000000001,0.9876427171776107,0.9838070868710442,6.051472753018141,675,14.174478742943334,900,6.051472753018141,243
48,40,escaped,37,2,True,0.99075,0.9822858961238876,0.9873643584495551,3.360048547768638,333,11.250059511629619,444,3.360048547768638,117
48,41,escaped,49,2,True,0.9877500000000001,0.988701860154413,0.9881307440617653,3.915624999999999,441,8.065779125076968,588,3.915624999999999,171
48,42,escaped,61,2,True,0.98475,0.9841737140747986,0.9845194856299194,9.817354231343188,549,10.079876952704023,732,9.817354231343188,288
48,43,escaped,42,2,True,0.9895,0.9775885006207589,0.9847354002483035,7.443225791359469,378,12.66649031912911,504,7.443225791359469,144
48,44,escaped,82,2,True,0.9795,0.982679017472335,0.9807716069889341,9.562141555240755,738,21.338171540790412,984,9.562141555240755,378
48,45,escaped,42,2,True,0.9895,0.9834071135773115,0.9870628454309246,5.550872931693729,378,9.324465605145024,504,5.550872931693729,90
48,46,escaped,45,2,True,0.98875,0.9893963556871995,0.9890085422748798,4.708626617874655,405,5.173767033991649,540,4.708626617874655,207
48,47,escaped,53,2,True,0.98675,0.975138993342318,0.9821055973369273,14.214922060275994,477,12.669971054870219,636,14.214922060275994,225
48,48,escaped,48,2,True,0.9880000000000001,0.9903846197070916,0.9889538478828366,3.7540256280389275,432,6.071550593378661,576,3.7540256280389275,126
48,49,escaped,52,2,True,0.9870000000000001,0.9866379993496738,0.9868551997398696,3.2375758878741645,468,12.359008961108287,624,3.2375758878741645,207
48,50,escaped,48,2,True,0.9880000000000001,0.9910483404408964,0.9892193361763586,0.9367187499999998,432,9.063353478754031,576,0.9367187499999998,63
48,51,escaped,36,2,True,0.9910000000000001,0.9889998845458404,0.9901999538183361,2.0377610406762194,324,6.787085031492269,432,2.0377610406762194,99
48,52,escaped,43,2,True,0.9892500000000001,0.9816950530084096,0.9862280212033638,5.906249999999997,387,11.01570529532126,516,5.906249999999997,153
48,53,escaped,43,2,True,0.9892500000000001,0.9899792499699543,0.9895416999879818,0.3110837366534072,387,9.926635715469274,516,0.3110837366534072,117
48,54,escaped,49,2,True,0.9877500000000001,0.9843627095694107,0.9863950838277643,3.4996874999999976,441,13.723203546372954,588,3.4996874999999976,153
48,55,escaped,39,2,True,0.9902500000000001,0.987134759324141,0.9890039037296565,5.748437499999996,351,4.377281939270694,468,5.748437499999996,117
48,56,escaped,60,2,True,0.9850000000000001,0.9868546063657639,0.9857418425463057,3.522915064054725,540,14.2321467478937,720,3.522915064054725,189
48,57,escaped,34,2,True,0.9915,0.981768728783553,0.9876074915134212,4.707515571566923,306,8.600029883864819,408,4.707515571566923,117
48,58,escaped,41,2,True,0.9897500000000001,0.9892449815046226,0.9895479926018491,2.930312499999999,369,6.675854866117992,492,2.930312499999999,63
48,59,escaped,30,2,True,0.9925,0.9943622066481588,0.9932448826592636,0.04068519901848314,270,4.004964281301016,360,0.04068519901848314,99
48,60,escaped,33,2,True,0.99175,0.992253463197829,0.9919513852791316,0.010156249999999993,297,6.121715480652729,396,0.010156249999999993,9
48,61,escaped,48,2,True,0.9880000000000001,0.9874211487118482,0.9877684594847393,3.4503224281027967,432,9.890406779813853,576,3.4503224281027967,108
48,62,escaped,35,2,True,0.9912500000000001,0.9905804525269613,0.9909821810107845,0.07171874999999989,315,7.816794877352556,420,0.07171874999999989,117
48,63,escaped,74,2,True,0.9815,0.9862439318954688,0.9833975727581875,5.927143716549319,666,16.527918664915127,888,5.927143716549319,315
49,0,escaped,55,2,True,0.9862500000000001,0.988769447734354,0.9872577790937416,3.0508022275214515,495,10.756592687290663,660,3.0507887053522937,81
49,1,escaped,131,2,True,0.96725,0.9857761883946594,0.9746604753578638,20.409102756797388,1179,17.507526678127476,1572,20.408709086609953,513
49,2,escaped,72,2,True,0.9820000000000001,0.9812820104432012,0.9817128041772806,14.780383143499753,648,12.637508429481992,864,14.78028958587006,441
49,3,escaped,57,2,True,0.9857500000000001,0.9904269354293114,0.9876207741717247,3.608578601588457,513,8.284514197250752,684,3.6085294156043792,207
49,4,escaped,47,2,True,0.9882500000000001,0.9802453858182802,0.9850481543273121,3.7005911826314444,423,17.349083220138,564,3.6998875877980604,63
49,5,escaped,98,2,True,0.9755,0.987494460114456,0.9802977840457825,7.914229738815442,882,18.86072349237909,1176,7.914020519185133,378
49,6,escaped,62,2,True,0.9845,0.9866488925683524,0.985359557027341,5.626693968228957,558,12.364189233986322,744,5.626587079925182,207
49,7,escaped,14,2,True,0.9965,0.9969065215179957,0.9966626086071984,0.000613376007450281,126,1.0385909352768308,168,0.000604354974478005,9
49,8,escaped,79,2,True,0.9802500000000001,0.989294823427475,0.9838679293709901,8.966984712704734,711,8.341035164567842,948,8.966574438602764,207
49,9,escaped,96,2,True,0.9760000000000001,0.9828648579114915,0.9787459431645966,14.051429721625047,864,20.74412774309019,1152,14.051197001185352,396
49,10,caught,25,1,False,0.1,0.987102773508556,0.45484110940342243,4.091813556851624,225,2.2825844857308826,300,4.091804512099027,90
49,11,escaped,25,2,True,0.99375,0.9967650247887954,0.9949560099155181,0.05085836660794637,225,1.8731739712455309,300,0.05084908090536109,54
49,12,escaped,13,2,True,0.99675,0.9936610541827656,0.9955144216731062,7.717043307513853e-06,117,1.9777408055860588,156,0,0
49,13,escaped,39,2,True,0.9902500000000001,0.9848369739235704,0.9880847895694282,5.6136468525194125,351,6.707729937512198,468,5.6135152372902795,153
49,14,escaped,80,2,True,0.9800000000000001,0.9854492893479324,0.9821797157391731,8.494662441791023,720,16.611147862915136,960,8.494650132798517,396
49,15,escaped,67,2,True,0.9832500000000001,0.9822856237139552,0.9828642494855822,9.672995467615113,603,15.587389777806541,804,9.672591815592353,234
49,16,escaped,25,2,True,0.99375,0.9950029150467773,0.9942511660187109,0.0002158580827879412,225,2.9979631611565623,300,0.00020742282548476466,9
49,17,escaped,77,2,True,0.98075,0.9854728539089681,0.9826391415635873,8.487623899195274,693,15.529334110633227,924,8.487558909962198,297
49,18,caught,34,1,False,0.1,0.9831711155022402,0.4532684462008961,5.841483177832545,306,5.943725513061866,408,5.841474071199524,225
49,19,escaped,38,2,True,0.9905,0.9867213099455099,0.988988523978204,1.0821071479601405,342,10.667355799081482,456,1.0820970906404281,45
49,20,escaped,47,2,True,0.9882500000000001,0.9854631737104721,0.9871352694841888,5.46887167097034,423,9.105711159960405,564,5.468854096465952,162
49,21,escaped,61,2,True,0.98475,0.9797519133619309,0.9827507653447723,8.89829082533203,549,17.778811071023846,732,8.898213871737749,252
49,22,escaped,53,2,True,0.98675,0.9905664113516155,0.9882765645406462,4.116613896154677,477,6.51070623253891,636,4.116573936910122,144
49,23,escaped,25,2,True,0.99375,0.9897687187988461,0.9921574875195385,3.0285706740845217,225,2.100674488579633,300,3.028453950303502,72
49,24,escaped,58,2,True,0.9855,0.9857143325051632,0.9855857330020653,2.480417810383596,522,16.578425405634697,696,2.4804086135607846,108
49,25,escaped,101,2,True,0.9747500000000001,0.9824402929653538,0.9778261171861417,19.91628207417365,909,16.009687086417436,1212,19.9151002277255,432
49,26,escaped,73,2,True,0.9817500000000001,0.989252587843767,0.9847510351375068,3.7546983982928857,657,13.8232015666631,876,3.7538630189252395,180
49,27,escaped,53,2,True,0.98675,0.9859345863935925,0.986423834557437,4.644384206832808,477,11.698693831573136,636,4.643736964168374,162
49,28,escaped,31,2,True,0.9922500000000001,0.9854467936739316,0.9895287174695727,2.7305207945436614,279,7.1868911138700255,372,2.7298305840584414,126
49,29,escaped,32,2,True,0.9920000000000001,0.986847729085034,0.9899390916340137,1.7442821330445955,288,7.775234551967705,384,1.744272511696912,54
49,30,escaped,15,2,True,0.9962500000000001,0.9971100047617546,0.9965940019047019,1.0063449499981985e-05,135,1.0403848678356642,180,0,0
49,31,escaped,18,2,True,0.9955,0.9921103453314651,0.9941441381325862,0.31891806817382856,162,2.983106725908608,216,0.31874773819914126,45
49,32,escaped,41,2,True,0.9897500000000001,0.9897500990731104,0.9897500396292442,2.3547972431077544,369,6.946172854582357,492,2.3538292518218715,63
49,33,escaped,97,2,True,0.9757500000000001,0.9835223931892519,0.9788589572757008,10.33702783962191,873,24.577164869258826,1164,10.336897984476735,405
49,34,escaped,8,2,True,0.9980000000000001,0.9941381413307253,0.9964552565322902,0.022780089893426468,72,1.0951034113095135,96,0.022772532598039984,27
49,35,escaped,20,2,True,0.9950000000000001,0.9977013964574105,0.9960805585829643,0.00161589778149098,180,1.1011751700676335,240,0.0016102330133432267,45
49,36,escaped,60,2,True,0.9850000000000001,0.9904265630543793,0.9871706252217518,4.324888686795741,540,8.019230952632844,720,4.324878347058074,144
49,37,escaped,79,2,True,0.9802500000000001,0.9881626761133296,0.9834150704453319,8.30372396766294,711,11.371934132242993,948,8.303474567611007,540
49,38,escaped,78,2,True,0.9805,0.9897460762733618,0.9841984305093447,7.22917523041902,702,9.556444909041511,936,7.22914190522353,369
49,39,escaped,75,2,True,0.9812500000000001,0.9857025127442219,0.9830310050976888,8.02378402907743,675,15.037098354963964,900,8.023717888716767,288
49,40,escaped,45,2,True,0.98875,0.9848560079882753,0.9871924031953101,2.682085662636732,405,12.779397155813612,540,2.68181251631782,117
49,41,caught,73,2,False,0.2,0.9851158634320587,0.5140463453728235,11.150517486170767,657,11.209650618805517,876,11.150465672274043,351
49,42,escaped,20,2,True,0.9950000000000001,0.9932418527199806,0.9942967410879924,0.16599128343858008,180,3.022588983157905,240,0.16592331697184198,81
49,43,escaped,37,2,True,0.99075,0.9812539632214208,0.9869515852885684,4.331389102738984,333,10.871295189059717,444,4.331319995544356,108
49,44,escaped,83,2,True,0.9792500000000001,0.9804633608252783,0.9797353443301113,12.260110602839136,747,22.57017109892684,996,12.25935492327403,252
49,45,escaped,46,2,True,0.9885,0.9888553838461477,0.9886421535384591,0.9990273793673814,414,10.971619728029822,552,0.999019396584504,45
49,46,escaped,35,2,True,0.9912500000000001,0.9899339370425245,0.9907235748170098,3.2977017908893376,315,4.058557163093602,420,3.2976924936739076,135
49,47,escaped,74,2,True,0.9815,0.979508699341319,0.9807034797365276,12.203513855049367,666,20.121198163084873,888,12.203436290358768,270
49,48,escaped,44,2,True,0.9890000000000001,0.9911817695241188,0.9898727078096476,2.65051592979435,396,5.778030142804736,528,2.6500571940792974,108
49,49,escaped,56,2,True,0.9860000000000001,0.9867435478826169,0.9862974191530468,3.335355608486125,504,13.369530834448048,672,3.3353474331795248,117
49,50,escaped,67,2,True,0.9832500000000001,0.9853939938578717,0.9841075975431487,8.96871485966737,603,11.528171396985742,804,8.968356996860864,234
49,51,escaped,53,2,True,0.98675,0.989121406863768,0.9876985627455073,2.3392344423399734,477,10.718591212833699,636,2.339099961407584,126
49,52,caught,21,1,False,0.1,0.9771329191355019,0.4508531676542008,4.306120900321374,189,5.783514221945197,252,4.306104331482417,99
49,53,escaped,61,2,True,0.98475,0.9873541379753369,0.9857916551901348,2.5768347317202536,549,15.077762361813203,732,2.5767723938811686,117
49,54,escaped,62,2,True,0.9845,0.9840465993565285,0.9843186397426114,4.223937919630565,558,18.106742931311548,744,4.22378937298325,135
49,55,escaped,50,2,True,0.9875,0.9880672059585437,0.9877268823834175,5.942970013297889,450,6.395392832017046,600,5.942954847160476,171
49,56,escaped,63,2,True,0.9842500000000001,0.9848624513964512,0.9844949805585805,4.7627485280550355,567,16.537642117825655,756,4.761221970881011,198
49,57,escaped,69,2,True,0.98275,0.9852068142953307,0.9837327257181323,7.891467568126271,621,13.975558769430554,828,7.891125261400865,171
49,58,escaped,58,2,True,0.9855,0.9868333816544416,0.9860333526617767,4.687027734330436,522,12.078562424576752,696,4.686615399270678,126
49,59,escaped,67,2,True,0.9832500000000001,0.9880995369544656,0.9851898147817862,6.690322962912189,603,10.215513960002964,804,6.690314865471609,288
49,60,escaped,24,2,True,0.9940000000000001,0.9947613630017189,0.9943045452006876,0.013149657234426383,216,2.999922034697321,288,0.013004360503241247,18
49,61,escaped,71,2,True,0.9822500000000001,0.9904975008254823,0.985549000330193,1.0876836626748936,639,14.742013709811626,852,1.0875338505535095,144
49,62,escaped,35,2,True,0.9912500000000001,0.9862065049330464,0.9892326019732186,2.0359606099599463,315,8.871921709627715,420,2.035473925689629,81
49,63,escaped,41,2,True,0.9897500000000001,0.9891822502644592,0.9895229001057838,1.561382852715573,369,8.562821936151474,492,1.56135731690563,81
