case_ordinal,generation_2_outcome,generation_2_wall_seconds,generation_2_combined_score,generation_2_task,generation_2_model_accuracy,generation_2_final_coverage,generation_2_escaped,generation_2_caught,generation_2_timeout,generation_2_invalid,generation_2_keys,generation_2_door_open,generation_2_steps,memory_pathfinder_outcome,memory_pathfinder_wall_seconds,memory_pathfinder_combined_score,memory_pathfinder_task,memory_pathfinder_model_accuracy,memory_pathfinder_final_coverage,memory_pathfinder_escaped,memory_pathfinder_caught,memory_pathfinder_timeout,memory_pathfinder_invalid,memory_pathfinder_keys,memory_pathfinder_door_open,memory_pathfinder_steps,local_map_outcome,local_map_wall_seconds,local_map_combined_score,local_map_task,local_map_model_accuracy,local_map_final_coverage,local_map_escaped,local_map_caught,local_map_timeout,local_map_invalid,local_map_keys,local_map_door_open,local_map_steps,no_risk_outcome,no_risk_wall_seconds,no_risk_combined_score,no_risk_task,no_risk_model_accuracy,no_risk_final_coverage,no_risk_escaped,no_risk_caught,no_risk_timeout,no_risk_invalid,no_risk_keys,no_risk_door_open,no_risk_steps,generation_2_minus_memory_pathfinder_combined_score,generation_2_minus_memory_pathfinder_task,generation_2_minus_memory_pathfinder_model_accuracy,generation_2_minus_memory_pathfinder_final_coverage,generation_2_minus_memory_pathfinder_escaped,generation_2_minus_memory_pathfinder_caught,generation_2_minus_memory_pathfinder_timeout,generation_2_minus_memory_pathfinder_invalid,generation_2_minus_memory_pathfinder_keys,generation_2_minus_memory_pathfinder_door_open,generation_2_minus_memory_pathfinder_steps,generation_2_minus_local_map_combined_score,generation_2_minus_local_map_task,generation_2_minus_local_map_model_accuracy,generation_2_minus_local_map_final_coverage,generation_2_minus_local_map_escaped,generation_2_minus_local_map_caught,generation_2_minus_local_map_timeout,generation_2_minus_local_map_invalid,generation_2_minus_local_map_keys,generation_2_minus_local_map_door_open,generation_2_minus_local_map_steps,generation_2_minus_no_risk_combined_score,generation_2_minus_no_risk_task,generation_2_minus_no_risk_model_accuracy,generation_2_minus_no_risk_final_coverage,generation_2_minus_no_risk_escaped,generation_2_minus_no_risk_caught,generation_2_minus_no_risk_timeout,generation_2_minus_no_risk_invalid,generation_2_minus_no_risk_keys,generation_2_minus_no_risk_door_open,generation_2_minus_no_risk_steps
0,escaped,0.2850503210001989,0.948571141801206,0.9244,0.984827854503015,0.9911111111111112,1.0,0.0,0.0,0.0,2.0,1.0,111.0,escaped,0.30865152399996987,0.939989688007522,0.9144,0.978374220018805,0.96,1.0,0.0,0.0,0.0,2.0,1.0,86.0,timeout,0.18013851099999556,0.664,0.44,1.0,0.1111111111111111,0.0,0.0,1.0,0.0,2.0,0.0,200.0,escaped,0.19637099100009436,0.9379408999328409,0.91,0.9798522498321021,0.9955555555555555,1.0,0.0,0.0,0.0,2.0,1.0,75.0,0.008581453793684024,0.010000000000000009,0.006453634484209991,0.0311111111111112,0.0,0.0,0.0,0.0,0.0,0.0,25.0,0.284571141801206,0.4844,-0.015172145496984979,0.8800000000000001,1.0,0.0,-1.0,0.0,0.0,1.0,-89.0,0.010630241868365142,0.014399999999999968,0.004975604670912959,-0.004444444444444362,0.0,0.0,0.0,0.0,0.0,0.0,36.0
1,escaped,0.10799224399988816,0.9312697521648253,0.896,0.9841743804120633,0.5688888888888889,1.0,0.0,0.0,0.0,2.0,1.0,40.0,escaped,0.1507981119998476,0.9309502414231259,0.8972,0.9815756035578145,0.8444444444444444,1.0,0.0,0.0,0.0,2.0,1.0,43.0,escaped,0.18200679799997488,0.9736,0.956,1.0,0.08888888888888889,1.0,0.0,0.0,0.0,2.0,1.0,190.0,escaped,0.0853196340001432,0.9295378107606679,0.8932,0.9840445269016698,0.5733333333333334,1.0,0.0,0.0,0.0,2.0,1.0,33.0,0.00031951074169944693,-0.0011999999999999789,0.0025987768542488077,-0.27555555555555555,0.0,0.0,0.0,0.0,0.0,0.0,-3.0,-0.042330247835174695,-0.05999999999999994,-0.015825619587936712,0.48,0.0,0.0,0.0,0.0,0.0,0.0,-150.0,0.0017319414041574444,0.0028000000000000247,0.00012985351039351833,-0.004444444444444473,0.0,0.0,0.0,0.0,0.0,0.0,7.0
2,escaped,0.29817908099994384,0.9404316458798934,0.9136,0.9806791146997332,0.96,1.0,0.0,0.0,0.0,2.0,1.0,84.0,escaped,0.3584240959999079,0.9425261625739525,0.9148,0.9841154064348813,0.8266666666666667,1.0,0.0,0.0,0.0,2.0,1.0,87.0,caught,0.23218587299993487,0.53464,0.22440000000000002,1.0,0.08888888888888889,0.0,1.0,0.0,0.0,2.0,0.0,161.0,caught,0.13483537399997658,0.49805009174311926,0.1724,0.9865252293577982,0.7777777777777778,0.0,1.0,0.0,0.0,2.0,0.0,31.0,-0.002094516694059134,-0.0011999999999999789,-0.0034362917351480338,0.1333333333333333,0.0,0.0,0.0,0.0,0.0,0.0,-3.0,0.40579164587989336,0.6891999999999999,-0.019320885300266766,0.8711111111111111,1.0,-1.0,0.0,0.0,0.0,1.0,-77.0,0.4423815541367741,0.7412,-0.005846114658064949,0.18222222222222217,1.0,-1.0,0.0,0.0,0.0,1.0,53.0
3,escaped,0.11557069299988143,0.9301532896461336,0.8932,0.9855832241153342,0.6311111111111111,1.0,0.0,0.0,0.0,2.0,1.0,33.0,escaped,0.2133730000000469,0.9366313695925328,0.9036000000000001,0.9861784239813319,0.6488888888888888,1.0,0.0,0.0,0.0,2.0,1.0,59.0,timeout,0.2643206860000191,0.664,0.44,1.0,0.1111111111111111,0.0,0.0,1.0,0.0,2.0,0.0,200.0,caught,0.06214932000011686,0.44857448467966576,0.0856,0.9930362116991643,0.32,0.0,1.0,0.0,0.0,1.0,0.0,14.0,-0.006478079946399151,-0.010400000000000076,-0.0005951998659977642,-0.01777777777777778,0.0,0.0,0.0,0.0,0.0,0.0,-26.0,0.2661532896461336,0.4532,-0.014416775884665833,0.52,1.0,0.0,-1.0,0.0,0.0,1.0,-167.0,0.4815788049664679,0.8076,-0.007452987583830173,0.31111111111111106,1.0,-1.0,0.0,0.0,1.0,1.0,19.0
4,escaped,0.42827153300004284,0.9494087057457923,0.924,0.9875217643644806,0.9955555555555555,1.0,0.0,0.0,0.0,2.0,1.0,110.0,escaped,0.15249717199981205,0.9293375438596492,0.8972,0.9775438596491228,0.7111111111111111,1.0,0.0,0.0,0.0,2.0,1.0,43.0,timeout,0.26685566200012545,0.664,0.44,1.0,0.1111111111111111,0.0,0.0,1.0,0.0,2.0,0.0,200.0,escaped,0.16896894599994994,0.9305888077137028,0.8967999999999999,0.9812720192842573,0.9111111111111111,1.0,0.0,0.0,0.0,2.0,1.0,42.0,0.020071161886143107,0.026800000000000046,0.009977904715357755,0.2844444444444444,0.0,0.0,0.0,0.0,0.0,0.0,67.0,0.28540870574579225,0.48400000000000004,-0.012478235635519419,0.8844444444444444,1.0,0.0,-1.0,0.0,0.0,1.0,-90.0,0.0188198980320895,0.027200000000000113,0.006249745080223246,0.08444444444444443,0.0,0.0,0.0,0.0,0.0,0.0,68.0
5,escaped,0.08358649800015883,0.9268213412816692,0.8912,0.9802533532041728,0.5955555555555555,1.0,0.0,0.0,0.0,2.0,1.0,28.0,escaped,0.3977180539998244,0.9351708445116191,0.9116000000000001,0.9705271112790478,0.9777777777777777,1.0,0.0,0.0,0.0,2.0,1.0,79.0,escaped,0.16213610899990272,0.96496,0.9416,1.0,0.08888888888888889,1.0,0.0,0.0,0.0,2.0,1.0,154.0,escaped,0.07397870399995554,0.9268213412816692,0.8912,0.9802533532041728,0.5955555555555555,1.0,0.0,0.0,0.0,2.0,1.0,28.0,-0.008349503229949984,-0.020400000000000085,0.009726241925125056,-0.38222222222222224,0.0,0.0,0.0,0.0,0.0,0.0,-51.0,-0.03813865871833089,-0.0504,-0.01974664679582716,0.5066666666666666,0.0,0.0,0.0,0.0,0.0,0.0,-126.0,0.0,0.0,0.0,0.0,0.0,0.0,0.0,0.0,0.0,0.0,0.0
6,escaped,0.2736776029998964,0.9407012664277179,0.9168,0.9765531660692951,0.9911111111111112,1.0,0.0,0.0,0.0,2.0,1.0,92.0,escaped,0.26619684100000995,0.9347896087636933,0.9084,0.9743740219092332,0.9911111111111112,1.0,0.0,0.0,0.0,2.0,1.0,71.0,timeout,0.18134193600008075,0.664,0.44,1.0,0.1111111111111111,0.0,0.0,1.0,0.0,2.0,0.0,200.0,escaped,0.183718294000073,0.9355601034987062,0.9064,0.9793002587467656,0.8755555555555555,1.0,0.0,0.0,0.0,2.0,1.0,66.0,0.005911657664024572,0.008399999999999963,0.00217914416006193,0.0,0.0,0.0,0.0,0.0,0.0,0.0,21.0,0.27670126642771786,0.47679999999999995,-0.023446833930704902,0.8800000000000001,1.0,0.0,-1.0,0.0,0.0,1.0,-108.0,0.005141162929011678,0.010399999999999965,-0.0027470926774705307,0.11555555555555563,0.0,0.0,0.0,0.0,0.0,0.0,26.0
7,escaped,0.1020019710001634,0.9278970056854074,0.8952,0.9769425142135186,0.5644444444444444,1.0,0.0,0.0,0.0,2.0,1.0,38.0,escaped,0.07840710900018166,0.927354716981132,0.886,0.9893867924528302,0.37333333333333335,1.0,0.0,0.0,0.0,2.0,1.0,15.0,escaped,0.054885858000034204,0.9354399999999999,0.8924,1.0,0.08888888888888889,1.0,0.0,0.0,0.0,2.0,1.0,31.0,caught,0.07183771300014996,0.496225253104107,0.1712,0.9837631327602674,0.4266666666666667,0.0,1.0,0.0,0.0,2.0,0.0,28.0,0.0005422887042754176,0.009199999999999986,-0.012444278239311601,0.19111111111111106,0.0,0.0,0.0,0.0,0.0,0.0,23.0,-0.007542994314592488,0.0028000000000000247,-0.02305748578648137,0.4755555555555555,0.0,0.0,0.0,0.0,0.0,0.0,7.0,0.43167175258130047,0.724,-0.006820618546748758,0.13777777777777772,1.0,-1.0,0.0,0.0,0.0,1.0,10.0
8,escaped,0.10205787099994268,0.9355869164646242,0.8972,0.9931672911615606,0.7555555555555555,1.0,0.0,0.0,0.0,2.0,1.0,43.0,escaped,0.3843074600001728,0.9426941071200308,0.92,0.9767352678000767,0.9911111111111112,1.0,0.0,0.0,0.0,2.0,1.0,100.0,timeout,0.19399578499997006,0.664,0.44,1.0,0.1111111111111111,0.0,0.0,1.0,0.0,2.0,0.0,200.0,escaped,0.11155406599982598,0.9355869164646242,0.8972,0.9931672911615606,0.7555555555555555,1.0,0.0,0.0,0.0,2.0,1.0,43.0,-0.007107190655406548,-0.022800000000000042,0.01643202336148386,-0.23555555555555563,0.0,0.0,0.0,0.0,0.0,0.0,-57.0,0.2715869164646242,0.4572,-0.00683270883843945,0.6444444444444444,1.0,0.0,-1.0,0.0,0.0,1.0,-157.0,0.0,0.0,0.0,0.0,0.0,0.0,0.0,0.0,0.0,0.0,0.0
9,escaped,0.25404305600000043,0.9377096735905044,0.9128,0.9750741839762611,0.9955555555555555,1.0,0.0,0.0,0.0,2.0,1.0,82.0,escaped,0.12171686100009538,0.9288400277713493,0.8976000000000001,0.9757000694283731,0.7644444444444445,1.0,0.0,0.0,0.0,2.0,1.0,44.0,escaped,0.1453788290000375,0.95944,0.9324,1.0,0.08888888888888889,1.0,0.0,0.0,0.0,2.0,1.0,131.0,escaped,0.1204660480000257,0.9320657570715474,0.8992,0.9813643926788685,0.8088888888888889,1.0,0.0,0.0,0.0,2.0,1.0,48.0,0.008869645819155059,0.01519999999999988,-0.0006258854521119517,0.23111111111111104,0.0,0.0,0.0,0.0,0.0,0.0,38.0,-0.02173032640949557,-0.019600000000000062,-0.02492581602373889,0.9066666666666666,0.0,0.0,0.0,0.0,0.0,0.0,-49.0,0.005643916518957015,0.013599999999999945,-0.006290208702607436,0.18666666666666665,0.0,0.0,0.0,0.0,0.0,0.0,34.0
10,escaped,0.11888024500012762,0.930562379803827,0.8996000000000001,0.9770059495095674,0.8355555555555556,1.0,0.0,0.0,0.0,2.0,1.0,49.0,escaped,0.34589808400005495,0.9489611507479863,0.9216,0.9900028768699655,0.9777777777777777,1.0,0.0,0.0,0.0,2.0,1.0,104.0,timeout,0.17476181799997903,0.664,0.44,1.0,0.1111111111111111,0.0,0.0,1.0,0.0,2.0,0.0,200.0,escaped,0.10503558199980034,0.9280970164492341,0.8967999999999999,0.9750425411230856,0.8444444444444444,1.0,0.0,0.0,0.0,2.0,1.0,42.0,-0.018398770944159315,-0.02199999999999991,-0.012996927360398036,-0.14222222222222214,0.0,0.0,0.0,0.0,0.0,0.0,-55.0,0.2665623798038269,0.45960000000000006,-0.02299405049043257,0.7244444444444444,1.0,0.0,-1.0,0.0,0.0,1.0,-151.0,0.0024653633545927978,0.0028000000000001357,0.001963408386481791,-0.008888888888888835,0.0,0.0,0.0,0.0,0.0,0.0,7.0
11,escaped,0.08573275799994917,0.9313603177755709,0.8952,0.9856007944389275,0.64,1.0,0.0,0.0,0.0,2.0,1.0,38.0,escaped,0.18279303899998922,0.9337805385996409,0.9027999999999999,0.9802513464991023,0.8977777777777778,1.0,0.0,0.0,0.0,2.0,1.0,57.0,escaped,0.1353930959999161,0.96496,0.9416,1.0,0.08888888888888889,1.0,0.0,0.0,0.0,2.0,1.0,154.0,escaped,0.08131830999991507,0.9314480043266631,0.8944,0.9870200108166577,0.6133333333333333,1.0,0.0,0.0,0.0,2.0,1.0,36.0,-0.0024202208240700074,-0.00759999999999994,0.005349447939825169,-0.2577777777777778,0.0,0.0,0.0,0.0,0.0,0.0,-19.0,-0.033599682224429106,-0.0464,-0.014399205561072548,0.5511111111111111,0.0,0.0,0.0,0.0,0.0,0.0,-116.0,-8.768655109214762e-05,0.0008000000000000229,-0.001419216377730237,0.026666666666666727,0.0,0.0,0.0,0.0,0.0,0.0,2.0
12,escaped,0.19732058299996424,0.9378832218844986,0.9092,0.9809080547112462,0.9555555555555556,1.0,0.0,0.0,0.0,2.0,1.0,73.0,escaped,0.33823903799998334,0.9400167383847833,0.9204,0.9694418459619583,1.0,1.0,0.0,0.0,0.0,2.0,1.0,101.0,caught,0.11201032300004954,0.47464,0.12440000000000001,1.0,0.08888888888888889,0.0,1.0,0.0,0.0,1.0,0.0,111.0,caught,0.08589211800017438,0.44835612431444244,0.094,0.979890310786106,0.6355555555555555,0.0,1.0,0.0,0.0,1.0,0.0,35.0,-0.0021335165002847045,-0.011199999999999988,0.011466208749287943,-0.0444444444444444,0.0,0.0,0.0,0.0,0.0,0.0,-28.0,0.46324322188449857,0.7847999999999999,-0.019091945288753798,0.8666666666666667,1.0,-1.0,0.0,0.0,1.0,1.0,-38.0,0.48952709757005614,0.8152,0.001017743925140202,0.32000000000000006,1.0,-1.0,0.0,0.0,1.0,1.0,38.0
13,escaped,0.04360195300000669,0.93232,0.8872000000000001,1.0,0.35555555555555557,1.0,0.0,0.0,0.0,2.0,1.0,18.0,escaped,0.2106480059999285,0.9348530652111462,0.9032,0.9823326630278656,0.8355555555555556,1.0,0.0,0.0,0.0,2.0,1.0,58.0,escaped,0.16769276600007288,0.976,0.96,1.0,0.08888888888888889,1.0,0.0,0.0,0.0,2.0,1.0,200.0,escaped,0.04350033900004746,0.93232,0.8872000000000001,1.0,0.35555555555555557,1.0,0.0,0.0,0.0,2.0,1.0,18.0,-0.002533065211146157,-0.015999999999999903,0.017667336972134406,-0.48000000000000004,0.0,0.0,0.0,0.0,0.0,0.0,-40.0,-0.04367999999999994,-0.07279999999999986,0.0,0.26666666666666666,0.0,0.0,0.0,0.0,0.0,0.0,-182.0,0.0,0.0,0.0,0.0,0.0,0.0,0.0,0.0,0.0,0.0,0.0
14,escaped,0.25270017899993036,0.9393253198452842,0.914,0.9773132996132103,0.9955555555555555,1.0,0.0,0.0,0.0,2.0,1.0,85.0,escaped,0.1496534039999915,0.9304353697495563,0.8976000000000001,0.9796884243738907,0.7777777777777778,1.0,0.0,0.0,0.0,2.0,1.0,44.0,caught,0.11255493499993463,0.5207200000000001,0.2012,1.0,0.08888888888888889,0.0,1.0,0.0,0.0,2.0,0.0,103.0,caught,0.029232802000024094,0.44872,0.08120000000000001,1.0,0.19111111111111112,0.0,1.0,0.0,0.0,1.0,0.0,3.0,0.008889950095727905,0.01639999999999997,-0.0023751247606803583,0.21777777777777774,0.0,0.0,0.0,0.0,0.0,0.0,41.0,0.41860531984528415,0.7128000000000001,-0.02268670038678966,0.9066666666666666,1.0,-1.0,0.0,0.0,0.0,1.0,-18.0,0.4906053198452842,0.8328,-0.02268670038678966,0.8044444444444444,1.0,-1.0,0.0,0.0,1.0,1.0,82.0
15,escaped,0.22296703500001058,0.9373580234676773,0.9144,0.9717950586691932,0.9777777777777777,1.0,0.0,0.0,0.0,2.0,1.0,86.0,escaped,0.2033701640000345,0.9319635461644465,0.9072,0.9691088654111162,0.9822222222222222,1.0,0.0,0.0,0.0,2.0,1.0,68.0,timeout,0.18059882299985475,0.616,0.36,1.0,0.1111111111111111,0.0,0.0,1.0,0.0,1.0,0.0,200.0,caught,0.034998801000028834,0.40072,0.0011999999999999886,1.0,0.1111111111111111,0.0,1.0,0.0,0.0,0.0,0.0,3.0,0.005394477303230727,0.007199999999999984,0.002686193258077063,-0.004444444444444473,0.0,0.0,0.0,0.0,0.0,0.0,18.0,0.3213580234676773,0.5544,-0.028204941330806754,0.8666666666666667,1.0,0.0,-1.0,0.0,1.0,1.0,-114.0,0.5366380234676773,0.9132,-0.028204941330806754,0.8666666666666667,1.0,-1.0,0.0,0.0,2.0,1.0,83.0
16,escaped,0.1371699979999903,0.9301460014892033,0.8976000000000001,0.9789650037230082,0.8711111111111111,1.0,0.0,0.0,0.0,2.0,1.0,44.0,escaped,0.1514119659998414,0.9309042545036412,0.898,0.9802606362591031,0.8755555555555555,1.0,0.0,0.0,0.0,2.0,1.0,45.0,timeout,0.17448505800007297,0.664,0.44,1.0,0.1111111111111111,0.0,0.0,1.0,0.0,2.0,0.0,200.0,escaped,0.11146397799984697,0.9297013005001924,0.8972,0.978453251250481,0.8711111111111111,1.0,0.0,0.0,0.0,2.0,1.0,43.0,-0.0007582530144378818,-0.00039999999999995595,-0.0012956325360948817,-0.004444444444444473,0.0,0.0,0.0,0.0,0.0,0.0,-1.0,0.2661460014892033,0.45760000000000006,-0.02103499627699179,0.76,1.0,0.0,-1.0,0.0,0.0,1.0,-156.0,0.0004447009890109488,0.00040000000000006697,0.000511752472527216,0.0,0.0,0.0,0.0,0.0,0.0,0.0,1.0
17,escaped,0.1097470060001342,0.9310802452217815,0.9004,0.9771006130544536,0.72,1.0,0.0,0.0,0.0,2.0,1.0,51.0,escaped,0.08730720800008385,0.9281396964177293,0.8944,0.978749241044323,0.6711111111111111,1.0,0.0,0.0,0.0,2.0,1.0,36.0,escaped,0.05331820100013829,0.93832,0.8972,1.0,0.08888888888888889,1.0,0.0,0.0,0.0,2.0,1.0,43.0,escaped,0.11582555799986949,0.9321112896119301,0.9012,0.9784782240298254,0.7333333333333333,1.0,0.0,0.0,0.0,2.0,1.0,53.0,0.0029405488040521455,0.006000000000000005,-0.0016486279898694223,0.04888888888888887,0.0,0.0,0.0,0.0,0.0,0.0,15.0,-0.007239754778218588,0.0031999999999999806,-0.022899386945546385,0.6311111111111111,0.0,0.0,0.0,0.0,0.0,0.0,8.0,-0.001031044390148672,-0.0008000000000000229,-0.0013776109753718124,-0.013333333333333308,0.0,0.0,0.0,0.0,0.0,0.0,-2.0
18,escaped,0.23493580800004565,0.9452767793880837,0.9188,0.9849919484702093,0.9066666666666666,1.0,0.0,0.0,0.0,2.0,1.0,97.0,escaped,0.288943818000007,0.9433728311057108,0.9168,0.983232077764277,0.9377777777777778,1.0,0.0,0.0,0.0,2.0,1.0,92.0,timeout,0.18418056899986368,0.664,0.44,1.0,0.08888888888888889,0.0,0.0,1.0,0.0,2.0,0.0,200.0,caught,0.07887291599990931,0.5013154679802956,0.1728,0.994088669950739,0.6844444444444444,0.0,1.0,0.0,0.0,2.0,0.0,32.0,0.001903948282372947,0.0020000000000000018,0.0017598707059323093,-0.0311111111111112,0.0,0.0,0.0,0.0,0.0,0.0,5.0,0.2812767793880837,0.47879999999999995,-0.015008051529790678,0.8177777777777777,1.0,0.0,-1.0,0.0,0.0,1.0,-103.0,0.44396131140778816,0.746,-0.009096721480529646,0.2222222222222222,1.0,-1.0,0.0,0.0,0.0,1.0,65.0
19,escaped,0.22519802900001196,0.9398383510638297,0.9112,0.9827958776595744,0.9822222222222222,1.0,0.0,0.0,0.0,2.0,1.0,78.0,escaped,0.25160486100003254,0.941460026414711,0.9087999999999999,0.9904500660367774,1.0,1.0,0.0,0.0,0.0,2.0,1.0,72.0,escaped,0.17168099100013023,0.96952,0.9492,1.0,0.08888888888888889,1.0,0.0,0.0,0.0,2.0,1.0,173.0,caught,0.1284943440000461,0.50313601404741,0.17880000000000001,0.989640035118525,0.7688888888888888,0.0,1.0,0.0,0.0,2.0,0.0,47.0,-0.001621675350881313,0.0024000000000000687,-0.007654188377202997,-0.01777777777777778,0.0,0.0,0.0,0.0,0.0,0.0,6.0,-0.029681648936170313,-0.038000000000000034,-0.017204122340425565,0.8933333333333333,0.0,0.0,0.0,0.0,0.0,0.0,-95.0,0.4367023370164197,0.7323999999999999,-0.006844157458950617,0.21333333333333337,1.0,-1.0,0.0,0.0,0.0,1.0,31.0
20,escaped,0.1859750549999717,0.937232982523897,0.91,0.9780824563097422,0.9688888888888889,1.0,0.0,0.0,0.0,2.0,1.0,75.0,escaped,0.17647058800002924,0.9368219291060584,0.9027999999999999,0.9878548227651461,0.9688888888888889,1.0,0.0,0.0,0.0,2.0,1.0,57.0,timeout,0.21594739799979834,0.664,0.44,1.0,0.1111111111111111,0.0,0.0,1.0,0.0,2.0,0.0,200.0,caught,0.06535845799999151,0.4489686401399213,0.09240000000000001,0.9838216003498033,0.5733333333333334,0.0,1.0,0.0,0.0,1.0,0.0,31.0,0.0004110534178385361,0.007200000000000095,-0.009772366455403914,0.0,0.0,0.0,0.0,0.0,0.0,0.0,18.0,0.27323298252389694,0.47000000000000003,-0.02191754369025778,0.8577777777777778,1.0,0.0,-1.0,0.0,0.0,1.0,-125.0,0.48826434238397565,0.8176,-0.005739144040061039,0.39555555555555555,1.0,-1.0,0.0,0.0,1.0,1.0,44.0
21,caught,0.20080127100004574,0.5071125991189428,0.18880000000000002,0.9845814977973568,0.9688888888888889,0.0,1.0,0.0,0.0,2.0,0.0,72.0,escaped,0.39362658699997155,0.9448253419796893,0.9204,0.9814633549492231,1.0,1.0,0.0,0.0,0.0,2.0,1.0,101.0,timeout,0.19307532499988156,0.664,0.44,1.0,0.08888888888888889,0.0,0.0,1.0,0.0,2.0,0.0,200.0,escaped,0.21067955200010147,0.9394179841449604,0.9096000000000001,0.984144960362401,0.9466666666666667,1.0,0.0,0.0,0.0,2.0,1.0,74.0,-0.43771274286074646,-0.7316,0.0031181428481337203,-0.03111111111111109,-1.0,1.0,0.0,0.0,0.0,-1.0,-29.0,-0.15688740088105724,-0.2512,-0.01541850220264318,0.88,0.0,1.0,-1.0,0.0,0.0,0.0,-128.0,-0.43230538502601756,-0.7208000000000001,0.0004365374349558637,0.022222222222222254,-1.0,1.0,0.0,0.0,0.0,-1.0,-2.0
22,escaped,0.1787821640000402,0.9349369837587007,0.9044,0.9807424593967518,0.9466666666666667,1.0,0.0,0.0,0.0,2.0,1.0,61.0,escaped,0.6673246519999338,0.95848,0.9456,0.9778,1.0,1.0,0.0,0.0,0.0,2.0,1.0,164.0,escaped,0.168678853000074,0.9712,0.952,1.0,0.08888888888888889,1.0,0.0,0.0,0.0,2.0,1.0,180.0,caught,0.027480954999873575,0.40072,0.0011999999999999886,1.0,0.19111111111111112,0.0,1.0,0.0,0.0,0.0,0.0,3.0,-0.023543016241299286,-0.041200000000000014,0.002942459396751751,-0.053333333333333344,0.0,0.0,0.0,0.0,0.0,0.0,-103.0,-0.03626301624129924,-0.047599999999999976,-0.019257540603248247,0.8577777777777778,0.0,0.0,0.0,0.0,0.0,0.0,-119.0,0.5342169837587007,0.9032,-0.019257540603248247,0.7555555555555555,1.0,-1.0,0.0,0.0,2.0,1.0,58.0
23,escaped,0.13670442200009347,0.9312525443786982,0.9012,0.9763313609467456,0.8755555555555555,1.0,0.0,0.0,0.0,2.0,1.0,53.0,escaped,0.05841708299999482,0.9273872409152086,0.8884,0.9858681022880216,0.48,1.0,0.0,0.0,0.0,2.0,1.0,21.0,timeout,0.17866664999996829,0.664,0.44,1.0,0.1111111111111111,0.0,0.0,1.0,0.0,2.0,0.0,200.0,caught,0.028009606000068743,0.40072,0.0011999999999999886,1.0,0.19111111111111112,0.0,1.0,0.0,0.0,0.0,0.0,3.0,0.0038653034634895667,0.012800000000000034,-0.009536741341276023,0.39555555555555555,0.0,0.0,0.0,0.0,0.0,0.0,32.0,0.26725254437869816,0.4612,-0.023668639053254448,0.7644444444444445,1.0,0.0,-1.0,0.0,0.0,1.0,-147.0,0.5305325443786981,0.9,-0.023668639053254448,0.6844444444444444,1.0,-1.0,0.0,0.0,2.0,1.0,50.0
24,escaped,0.11701952199996413,0.9308337545388525,0.8984,0.9794843863471314,0.8577777777777778,1.0,0.0,0.0,0.0,2.0,1.0,46.0,escaped,0.22195577699994828,0.934709782224838,0.9067999999999999,0.9765744555620953,0.92,1.0,0.0,0.0,0.0,2.0,1.0,67.0,timeout,0.18421060800005762,0.664,0.44,1.0,0.1111111111111111,0.0,0.0,1.0,0.0,2.0,0.0,200.0,escaped,0.114764255999944,0.9316182381206621,0.8992,0.9802455953016551,0.8577777777777778,1.0,0.0,0.0,0.0,2.0,1.0,48.0,-0.0038760276859854947,-0.008399999999999963,0.0029099307850360967,-0.06222222222222229,0.0,0.0,0.0,0.0,0.0,0.0,-21.0,0.2668337545388525,0.4584,-0.02051561365286858,0.7466666666666666,1.0,0.0,-1.0,0.0,0.0,1.0,-154.0,-0.000784483581809603,-0.0008000000000000229,-0.0007612089545236955,0.0,0.0,0.0,0.0,0.0,0.0,0.0,-2.0
25,escaped,0.11373913699981131,0.9294214319433517,0.8964,0.9789535798583793,0.76,1.0,0.0,0.0,0.0,2.0,1.0,41.0,escaped,0.17512591300010172,0.9369164427230746,0.9036000000000001,0.9868911068076865,0.8355555555555556,1.0,0.0,0.0,0.0,2.0,1.0,59.0,timeout,0.16868650299988985,0.664,0.44,1.0,0.1111111111111111,0.0,0.0,1.0,0.0,2.0,0.0,200.0,escaped,0.09689540699991994,0.9270036363636365,0.8944,0.975909090909091,0.7644444444444445,1.0,0.0,0.0,0.0,2.0,1.0,36.0,-0.0074950107797229215,-0.007200000000000095,-0.007937526949307272,-0.0755555555555556,0.0,0.0,0.0,0.0,0.0,0.0,-18.0,0.26542143194335166,0.4564,-0.021046420141620725,0.6488888888888888,1.0,0.0,-1.0,0.0,0.0,1.0,-159.0,0.0024177955797152206,0.0020000000000000018,0.0030444889492883265,-0.004444444444444473,0.0,0.0,0.0,0.0,0.0,0.0,5.0
26,escaped,0.1433957350000128,0.9347009301030353,0.9024,0.9831523252575884,0.8666666666666667,1.0,0.0,0.0,0.0,2.0,1.0,56.0,escaped,0.17659964899985425,0.9355995994993742,0.9032,0.9841989987484355,0.8711111111111111,1.0,0.0,0.0,0.0,2.0,1.0,58.0,timeout,0.19609480399981294,0.664,0.44,1.0,0.1111111111111111,0.0,0.0,1.0,0.0,2.0,0.0,200.0,escaped,0.12859662500000013,0.9333539622641509,0.9012,0.9815849056603774,0.8444444444444444,1.0,0.0,0.0,0.0,2.0,1.0,53.0,-0.0008986693963388692,-0.0008000000000000229,-0.0010466734908470832,-0.004444444444444362,0.0,0.0,0.0,0.0,0.0,0.0,-2.0,0.2707009301030353,0.4624,-0.016847674742411556,0.7555555555555555,1.0,0.0,-1.0,0.0,0.0,1.0,-144.0,0.0013469678388844386,0.0011999999999999789,0.0015674195972110727,0.022222222222222254,0.0,0.0,0.0,0.0,0.0,0.0,3.0
27,escaped,0.1026637859999937,0.9323725055432373,0.9,0.9809312638580931,0.8088888888888889,1.0,0.0,0.0,0.0,2.0,1.0,50.0,escaped,0.16806434099999024,0.9318049169435216,0.8987999999999999,0.981312292358804,0.7155555555555555,1.0,0.0,0.0,0.0,2.0,1.0,47.0,timeout,0.19338218100006088,0.664,0.44,1.0,0.08888888888888889,0.0,0.0,1.0,0.0,2.0,0.0,200.0,caught,0.044842421000112154,0.4983694117647059,0.1664,0.9963235294117647,0.47555555555555556,0.0,1.0,0.0,0.0,2.0,0.0,16.0,0.0005675885997156183,0.0012000000000000899,-0.00038102850071086714,0.09333333333333338,0.0,0.0,0.0,0.0,0.0,0.0,3.0,0.2683725055432372,0.46,-0.01906873614190685,0.72,1.0,0.0,-1.0,0.0,0.0,1.0,-150.0,0.43400309377853136,0.7336,-0.015392265553671569,0.3333333333333333,1.0,-1.0,0.0,0.0,0.0,1.0,34.0
28,escaped,0.08302782000009756,0.9336681963656089,0.9012,0.9823704909140223,0.6622222222222223,1.0,0.0,0.0,0.0,2.0,1.0,53.0,caught,0.05332462699993812,0.4522374553917766,0.0912,0.9937936384794415,0.28888888888888886,0.0,1.0,0.0,0.0,1.0,0.0,28.0,escaped,0.17150365200018314,0.97408,0.9568,1.0,0.08888888888888889,1.0,0.0,0.0,0.0,2.0,1.0,192.0,escaped,0.08229082399998333,0.9233502040816326,0.8964,0.9637755102040816,0.7244444444444444,1.0,0.0,0.0,0.0,2.0,1.0,41.0,0.4814307409738323,0.81,-0.011423147565419178,0.3733333333333334,1.0,-1.0,0.0,0.0,1.0,1.0,25.0,-0.04041180363439101,-0.05559999999999998,-0.017629509085977713,0.5733333333333334,0.0,0.0,0.0,0.0,0.0,0.0,-139.0,0.01031799228397634,0.0048000000000000265,0.0185949807099407,-0.06222222222222218,0.0,0.0,0.0,0.0,0.0,0.0,12.0
29,escaped,0.2793452260000322,0.9405977274393373,0.916,0.9774943185983432,0.9733333333333334,1.0,0.0,0.0,0.0,2.0,1.0,90.0,escaped,0.2505967340000552,0.9404868668930095,0.9112,0.9844171672325237,0.9422222222222222,1.0,0.0,0.0,0.0,2.0,1.0,78.0,timeout,0.18528718000015942,0.664,0.44,1.0,0.1111111111111111,0.0,0.0,1.0,0.0,2.0,0.0,200.0,caught,0.07289241800003765,0.49757229437229433,0.172,0.9859307359307359,0.6355555555555555,0.0,1.0,0.0,0.0,2.0,0.0,30.0,0.00011086054632780673,0.0048000000000000265,-0.006922848634180467,0.0311111111111112,0.0,0.0,0.0,0.0,0.0,0.0,12.0,0.2765977274393373,0.47600000000000003,-0.022505681401656763,0.8622222222222222,1.0,0.0,-1.0,0.0,0.0,1.0,-110.0,0.443025433067043,0.744,-0.008436417332392643,0.33777777777777784,1.0,-1.0,0.0,0.0,0.0,1.0,60.0
30,escaped,0.22195763499985333,0.9411290768791083,0.9156,0.9794226921977708,0.9955555555555555,1.0,0.0,0.0,0.0,2.0,1.0,89.0,escaped,0.2881971529998282,0.9409003927251649,0.9172,0.9764509818129121,0.9955555555555555,1.0,0.0,0.0,0.0,2.0,1.0,93.0,timeout,0.18385353999997278,0.664,0.44,1.0,0.1111111111111111,0.0,0.0,1.0,0.0,2.0,0.0,200.0,escaped,0.15551325299998098,0.9364005478279478,0.9052,0.9832013695698695,0.9955555555555555,1.0,0.0,0.0,0.0,2.0,1.0,63.0,0.0002286841539433926,-0.0016000000000000458,0.0029717103848586612,0.0,0.0,0.0,0.0,0.0,0.0,0.0,-4.0,0.27712907687910826,0.47559999999999997,-0.020577307802229217,0.8844444444444444,1.0,0.0,-1.0,0.0,0.0,1.0,-111.0,0.004728529051160502,0.010399999999999965,-0.0037786773720986933,0.0,0.0,0.0,0.0,0.0,0.0,0.0,26.0
31,escaped,0.2618473370000629,0.940192212022914,0.9144,0.9788805300572848,0.9866666666666667,1.0,0.0,0.0,0.0,2.0,1.0,86.0,escaped,0.2804170070000964,0.9397520050282842,0.9164,0.9747800125707102,0.9911111111111112,1.0,0.0,0.0,0.0,2.0,1.0,91.0,timeout,0.18819790399993508,0.664,0.44,1.0,0.1111111111111111,0.0,0.0,1.0,0.0,2.0,0.0,200.0,caught,0.1388390449999406,0.49773077105575325,0.17880000000000001,0.9761269276393831,0.8844444444444445,0.0,1.0,0.0,0.0,2.0,0.0,47.0,0.000440206994629877,-0.0020000000000000018,0.004100517486574584,-0.004444444444444473,0.0,0.0,0.0,0.0,0.0,0.0,-5.0,0.276192212022914,0.4744,-0.021119469942715186,0.8755555555555556,1.0,0.0,-1.0,0.0,0.0,1.0,-114.0,0.4424614409671608,0.7356,0.0027536024179016794,0.10222222222222221,1.0,-1.0,0.0,0.0,0.0,1.0,39.0
32,escaped,0.4947818199998437,0.9600764789924501,0.9468,0.9799911974811254,0.9866666666666667,1.0,0.0,0.0,0.0,2.0,1.0,167.0,escaped,0.2914666250001119,0.940388910891089,0.9148,0.9787722772277228,0.9644444444444444,1.0,0.0,0.0,0.0,2.0,1.0,87.0,escaped,0.1869184879999466,0.976,0.96,1.0,0.08888888888888889,1.0,0.0,0.0,0.0,2.0,1.0,200.0,caught,0.09935077499994804,0.4966365300742871,0.1748,0.9793913251857177,0.7644444444444445,0.0,1.0,0.0,0.0,2.0,0.0,37.0,0.019687568101361075,0.03200000000000003,0.0012189202534026444,0.022222222222222254,0.0,0.0,0.0,0.0,0.0,0.0,80.0,-0.0159235210075499,-0.01319999999999999,-0.020008802518874602,0.8977777777777778,0.0,0.0,0.0,0.0,0.0,0.0,-33.0,0.463439948918163,0.772,0.0005998722954076996,0.2222222222222222,1.0,-1.0,0.0,0.0,0.0,1.0,130.0
33,escaped,0.08165674799988665,0.9286141317365268,0.8927999999999999,0.9823353293413174,0.7777777777777778,1.0,0.0,0.0,0.0,2.0,1.0,32.0,escaped,0.11512970300009329,0.9332571653543307,0.8967999999999999,0.9879429133858267,0.7911111111111111,1.0,0.0,0.0,0.0,2.0,1.0,42.0,escaped,0.10733318899997357,0.95368,0.9228,1.0,0.08888888888888889,1.0,0.0,0.0,0.0,2.0,1.0,107.0,caught,0.035828320000064195,0.4486695566502463,0.0844,0.9950738916256158,0.38222222222222224,0.0,1.0,0.0,0.0,1.0,0.0,11.0,-0.004643033617803827,-0.0040000000000000036,-0.0056075840445093394,-0.013333333333333308,0.0,0.0,0.0,0.0,0.0,0.0,-10.0,-0.025065868263473123,-0.030000000000000027,-0.017664670658682602,0.6888888888888889,0.0,0.0,0.0,0.0,0.0,0.0,-75.0,0.4799445750862805,0.8083999999999999,-0.012738562284298371,0.39555555555555555,1.0,-1.0,0.0,0.0,1.0,1.0,21.0
34,escaped,0.07697304700013774,0.9245151673944687,0.8936000000000001,0.9708879184861717,0.7511111111111111,1.0,0.0,0.0,0.0,2.0,1.0,34.0,caught,0.028749503999961235,0.40072,0.0011999999999999886,1.0,0.15555555555555556,0.0,1.0,0.0,0.0,0.0,0.0,3.0,escaped,0.15952566400005708,0.97048,0.9508,1.0,0.08888888888888889,1.0,0.0,0.0,0.0,2.0,1.0,177.0,caught,0.03316556999993736,0.39805462235649547,0.0028000000000000112,0.9909365558912386,0.29777777777777775,0.0,1.0,0.0,0.0,0.0,0.0,7.0,0.5237951673944687,0.8924000000000001,-0.02911208151382827,0.5955555555555555,1.0,-1.0,0.0,0.0,2.0,1.0,31.0,-0.0459648326055313,-0.05719999999999992,-0.02911208151382827,0.6622222222222222,0.0,0.0,0.0,0.0,0.0,0.0,-143.0,0.5264605450379732,0.8908,-0.020048637405066905,0.4533333333333333,1.0,-1.0,0.0,0.0,2.0,1.0,27.0
35,escaped,0.15403509900011159,0.9354417244422035,0.904,0.9826043111055086,0.8888888888888888,1.0,0.0,0.0,0.0,2.0,1.0,60.0,escaped,0.4132551960001365,0.9493418621150583,0.9276,0.9819546552876459,1.0,1.0,0.0,0.0,0.0,2.0,1.0,119.0,escaped,0.09893566499999906,0.95128,0.9188,1.0,0.08888888888888889,1.0,0.0,0.0,0.0,2.0,1.0,97.0,escaped,0.2037386259999039,0.9431863392713851,0.9128,0.9887658481784626,0.9866666666666667,1.0,0.0,0.0,0.0,2.0,1.0,82.0,-0.013900137672854807,-0.023599999999999954,0.0006496558178626932,-0.11111111111111116,0.0,0.0,0.0,0.0,0.0,0.0,-59.0,-0.01583827555779649,-0.014799999999999924,-0.01739568889449139,0.7999999999999999,0.0,0.0,0.0,0.0,0.0,0.0,-37.0,-0.00774461482918154,-0.008799999999999919,-0.006161537072953971,-0.09777777777777785,0.0,0.0,0.0,0.0,0.0,0.0,-22.0
36,caught,0.03781873999992058,0.3984890303907381,0.0051999999999999885,0.9884225759768451,0.28,0.0,1.0,0.0,0.0,0.0,0.0,13.0,escaped,0.3608824730001743,0.9453488488645262,0.9204,0.9827721221613156,0.9866666666666667,1.0,0.0,0.0,0.0,2.0,1.0,101.0,caught,0.03457359300000462,0.40312000000000003,0.0051999999999999885,1.0,0.08888888888888889,0.0,1.0,0.0,0.0,0.0,0.0,13.0,caught,0.0995661710001059,0.4505097318007663,0.09440000000000001,0.9846743295019157,0.8266666666666667,0.0,1.0,0.0,0.0,1.0,0.0,36.0,-0.5468598184737881,-0.9152,0.0056504538155295325,-0.7066666666666667,-1.0,1.0,0.0,0.0,-2.0,-1.0,-88.0,-0.004630969609261959,0.0,-0.01157742402315487,0.19111111111111112,0.0,0.0,0.0,0.0,0.0,0.0,0.0,-0.052020701410028236,-0.08920000000000003,0.0037482464749294397,-0.5466666666666666,0.0,0.0,0.0,0.0,-1.0,0.0,-23.0
37,escaped,0.22737466600005973,0.9380165625613828,0.9092,0.981241406403457,0.8622222222222222,1.0,0.0,0.0,0.0,2.0,1.0,73.0,escaped,0.3274878039999294,0.9428409671347907,0.9168,0.981902417836977,1.0,1.0,0.0,0.0,0.0,2.0,1.0,92.0,timeout,0.17734846500002277,0.664,0.44,1.0,0.1111111111111111,0.0,0.0,1.0,0.0,2.0,0.0,200.0,escaped,0.14151103099993634,0.933882223689423,0.9016000000000001,0.9823055592235573,0.8977777777777778,1.0,0.0,0.0,0.0,2.0,1.0,54.0,-0.004824404573407937,-0.00759999999999994,-0.0006610114335199313,-0.13777777777777778,0.0,0.0,0.0,0.0,0.0,0.0,-19.0,0.27401656256138274,0.4692,-0.018758593596542972,0.7511111111111111,1.0,0.0,-1.0,0.0,0.0,1.0,-127.0,0.004134338871959797,0.00759999999999994,-0.0010641528201003059,-0.03555555555555556,0.0,0.0,0.0,0.0,0.0,0.0,19.0
38,escaped,0.08683422900003279,0.9289520637219406,0.898,0.9753801593048516,0.6844444444444444,1.0,0.0,0.0,0.0,2.0,1.0,45.0,escaped,0.17806880500006628,0.9345184385700589,0.9052,0.9784960964251472,0.8,1.0,0.0,0.0,0.0,2.0,1.0,63.0,escaped,0.09135727800003224,0.9484,0.914,1.0,0.08888888888888889,1.0,0.0,0.0,0.0,2.0,1.0,85.0,caught,0.03398949600000378,0.40085333333333334,0.0031999999999999884,0.9973333333333333,0.28888888888888886,0.0,1.0,0.0,0.0,0.0,0.0,8.0,-0.005566374848118283,-0.007199999999999984,-0.0031159371202956754,-0.11555555555555563,0.0,0.0,0.0,0.0,0.0,0.0,-18.0,-0.019447936278059408,-0.016000000000000014,-0.024619840695148443,0.5955555555555555,0.0,0.0,0.0,0.0,0.0,0.0,-40.0,0.5280987303886073,0.8948,-0.021953174028481737,0.39555555555555555,1.0,-1.0,0.0,0.0,2.0,1.0,37.0
39,escaped,0.08714314500002729,0.9278728683980157,0.8936000000000001,0.9792821709950394,0.6444444444444445,1.0,0.0,0.0,0.0,2.0,1.0,34.0,escaped,0.13440546299989364,0.930792128447921,0.8992,0.9781803211198024,0.7333333333333333,1.0,0.0,0.0,0.0,2.0,1.0,48.0,caught,0.1278943929999059,0.52936,0.21559999999999999,1.0,0.08888888888888889,0.0,1.0,0.0,0.0,2.0,0.0,139.0,caught,0.04858474399998158,0.4519966370250606,0.0872,0.9991915925626516,0.5066666666666667,0.0,1.0,0.0,0.0,1.0,0.0,18.0,-0.002919260049905281,-0.005599999999999938,0.001101849875237093,-0.0888888888888888,0.0,0.0,0.0,0.0,0.0,0.0,-14.0,0.3985128683980157,0.678,-0.020717829004960553,0.5555555555555556,1.0,-1.0,0.0,0.0,0.0,1.0,-105.0,0.47587623137295515,0.8064,-0.019909421567612107,0.13777777777777778,1.0,-1.0,0.0,0.0,1.0,1.0,16.0
40,escaped,0.035419841000020824,0.927369696969697,0.884,0.9924242424242424,0.32,1.0,0.0,0.0,0.0,2.0,1.0,10.0,escaped,0.3213703890000943,0.9394233063546759,0.9156,0.9751582658866896,0.96,1.0,0.0,0.0,0.0,2.0,1.0,89.0,timeout,0.18210286999988057,0.616,0.36,1.0,0.1111111111111111,0.0,0.0,1.0,0.0,1.0,0.0,200.0,escaped,0.03885820400000739,0.9284919402985075,0.8847999999999999,0.9940298507462687,0.3377777777777778,1.0,0.0,0.0,0.0,2.0,1.0,12.0,-0.012053609384978903,-0.03159999999999996,0.017265976537552796,-0.6399999999999999,0.0,0.0,0.0,0.0,0.0,0.0,-79.0,0.31136969696969696,0.524,-0.007575757575757569,0.2088888888888889,1.0,0.0,-1.0,0.0,1.0,1.0,-190.0,-0.0011222433288105016,-0.0007999999999999119,-0.0016056083220262751,-0.01777777777777778,0.0,0.0,0.0,0.0,0.0,0.0,-2.0
41,escaped,0.10401297600014914,0.9310128301886793,0.8976000000000001,0.9811320754716981,0.8088888888888889,1.0,0.0,0.0,0.0,2.0,1.0,44.0,escaped,0.11013002799995775,0.930499649122807,0.8944,0.9846491228070176,0.6044444444444445,1.0,0.0,0.0,0.0,2.0,1.0,36.0,timeout,0.17236947599985797,0.664,0.44,1.0,0.1111111111111111,0.0,0.0,1.0,0.0,2.0,0.0,200.0,escaped,0.09405729000013707,0.9309226161479477,0.8972,0.9815065403698692,0.8088888888888889,1.0,0.0,0.0,0.0,2.0,1.0,43.0,0.0005131810658722813,0.0032000000000000917,-0.0035170473353194343,0.20444444444444443,0.0,0.0,0.0,0.0,0.0,0.0,8.0,0.2670128301886793,0.45760000000000006,-0.018867924528301883,0.6977777777777778,1.0,0.0,-1.0,0.0,0.0,1.0,-156.0,9.021404073161765e-05,0.00040000000000006697,-0.0003744648981710563,0.0,0.0,0.0,0.0,0.0,0.0,0.0,1.0
42,escaped,0.12520677099996647,0.9230821112696149,0.8976000000000001,0.9613052781740371,0.9288888888888889,1.0,0.0,0.0,0.0,2.0,1.0,44.0,escaped,0.17209504700008438,0.9257446739757644,0.9024,0.9607616849394114,0.9333333333333333,1.0,0.0,0.0,0.0,2.0,1.0,56.0,escaped,0.17836615099986375,0.97552,0.9592,1.0,0.08888888888888889,1.0,0.0,0.0,0.0,2.0,1.0,198.0,escaped,0.12175245699995685,0.9291787755102041,0.8984,0.9753469387755102,0.9288888888888889,1.0,0.0,0.0,0.0,2.0,1.0,46.0,-0.002662562706149507,-0.0047999999999999154,0.0005435932346257166,-0.004444444444444473,0.0,0.0,0.0,0.0,0.0,0.0,-12.0,-0.05243788873038513,-0.06159999999999999,-0.0386947218259629,0.84,0.0,0.0,0.0,0.0,0.0,0.0,-154.0,-0.006096664240589189,-0.0007999999999999119,-0.01404166060147305,0.0,0.0,0.0,0.0,0.0,0.0,0.0,-2.0
43,escaped,0.2106224450001264,0.9387823410171315,0.9128,0.9777558525428289,0.8133333333333334,1.0,0.0,0.0,0.0,2.0,1.0,82.0,escaped,0.35963770700004716,0.9431995525247108,0.9156,0.9845988813117769,0.9733333333333334,1.0,0.0,0.0,0.0,2.0,1.0,89.0,timeout,0.22649073399998088,0.664,0.44,1.0,0.1111111111111111,0.0,0.0,1.0,0.0,2.0,0.0,200.0,escaped,0.1761651439999241,0.9312888888888888,0.904,0.9722222222222222,0.8266666666666667,1.0,0.0,0.0,0.0,2.0,1.0,60.0,-0.004417211507579233,-0.0028000000000000247,-0.006843028768947934,-0.16000000000000003,0.0,0.0,0.0,0.0,0.0,0.0,-7.0,0.2747823410171315,0.47279999999999994,-0.02224414745717107,0.7022222222222223,1.0,0.0,-1.0,0.0,0.0,1.0,-118.0,0.007493452128242706,0.008799999999999919,0.0055336303206067194,-0.013333333333333308,0.0,0.0,0.0,0.0,0.0,0.0,22.0
44,escaped,0.25421541300011086,0.9387162367223065,0.91,0.9817905918057663,0.9644444444444444,1.0,0.0,0.0,0.0,2.0,1.0,75.0,escaped,0.3116176460000588,0.9385158946412353,0.91,0.981289736603088,1.0,1.0,0.0,0.0,0.0,2.0,1.0,75.0,timeout,0.18786141600003248,0.616,0.36,1.0,0.1111111111111111,0.0,0.0,1.0,0.0,1.0,0.0,200.0,escaped,0.18475656600003276,0.9387162367223065,0.91,0.9817905918057663,0.9644444444444444,1.0,0.0,0.0,0.0,2.0,1.0,75.0,0.0002003420810712253,0.0,0.0005008552026782853,-0.03555555555555556,0.0,0.0,0.0,0.0,0.0,0.0,0.0,0.32271623672230654,0.55,-0.018209408194233667,0.8533333333333333,1.0,0.0,-1.0,0.0,1.0,1.0,-125.0,0.0,0.0,0.0,0.0,0.0,0.0,0.0,0.0,0.0,0.0,0.0
45,escaped,0.2125374820000161,0.9372254659409534,0.91,0.9780636648523833,0.9688888888888889,1.0,0.0,0.0,0.0,2.0,1.0,75.0,escaped,0.2915050539997992,0.9384928827037773,0.9144,0.9746322067594433,0.9333333333333333,1.0,0.0,0.0,0.0,2.0,1.0,86.0,timeout,0.18687903000000006,0.664,0.44,1.0,0.08888888888888889,0.0,0.0,1.0,0.0,2.0,0.0,200.0,escaped,0.16921414099988397,0.9332324907313785,0.904,0.9770812268284462,0.9955555555555555,1.0,0.0,0.0,0.0,2.0,1.0,60.0,-0.0012674167628239363,-0.0043999999999999595,0.0034314580929399874,0.03555555555555556,0.0,0.0,0.0,0.0,0.0,0.0,-11.0,0.2732254659409533,0.47000000000000003,-0.021936335147616726,0.88,1.0,0.0,-1.0,0.0,0.0,1.0,-125.0,0.003992975209574867,0.006000000000000005,0.000982438023937049,-0.026666666666666616,0.0,0.0,0.0,0.0,0.0,0.0,15.0
46,escaped,0.11475892599992221,0.9265301941346551,0.896,0.9723254853366378,0.7644444444444445,1.0,0.0,0.0,0.0,2.0,1.0,40.0,escaped,0.31484387499995137,0.9360814953271028,0.9116000000000001,0.972803738317757,0.92,1.0,0.0,0.0,0.0,2.0,1.0,79.0,timeout,0.23819266900000002,0.664,0.44,1.0,0.1111111111111111,0.0,0.0,1.0,0.0,2.0,0.0,200.0,caught,0.1601762369998596,0.4955024375161041,0.1736,0.9783560937902602,0.8133333333333334,0.0,1.0,0.0,0.0,2.0,0.0,34.0,-0.009551301192447736,-0.015600000000000058,-0.00047825298111925374,-0.15555555555555556,0.0,0.0,0.0,0.0,0.0,0.0,-39.0,0.26253019413465506,0.456,-0.027674514663362237,0.6533333333333333,1.0,0.0,-1.0,0.0,0.0,1.0,-160.0,0.431027756618551,0.7224,-0.006030608453622466,-0.04888888888888887,1.0,-1.0,0.0,0.0,0.0,1.0,6.0
47,escaped,0.12930209099999956,0.9309223876047752,0.8952,0.984505969011938,0.5866666666666667,1.0,0.0,0.0,0.0,2.0,1.0,38.0,escaped,0.2707125449999239,0.93603649867374,0.9047999999999999,0.9828912466843501,0.7511111111111111,1.0,0.0,0.0,0.0,2.0,1.0,62.0,timeout,0.25851130599994576,0.616,0.36,1.0,0.1111111111111111,0.0,0.0,1.0,0.0,1.0,0.0,200.0,escaped,0.12670350100006544,0.9310069008914524,0.8947999999999999,0.9853172522286313,0.5866666666666667,1.0,0.0,0.0,0.0,2.0,1.0,37.0,-0.005114111068964755,-0.009599999999999942,0.0016147223275878586,-0.1644444444444444,0.0,0.0,0.0,0.0,0.0,0.0,-24.0,0.3149223876047752,0.5352,-0.015494030988062013,0.47555555555555556,1.0,0.0,-1.0,0.0,1.0,1.0,-162.0,-8.451328667724578e-05,0.00040000000000006697,-0.0008112832166933259,0.0,0.0,0.0,0.0,0.0,0.0,0.0,1.0
48,caught,0.2849087590000181,0.505617423214998,0.1864,0.9844435580374951,0.8577777777777778,0.0,1.0,0.0,0.0,2.0,0.0,66.0,escaped,0.3401007679999566,0.9407950739511017,0.9136,0.9815876848777543,0.9644444444444444,1.0,0.0,0.0,0.0,2.0,1.0,84.0,timeout,0.26354238100020666,0.664,0.44,1.0,0.1111111111111111,0.0,0.0,1.0,0.0,2.0,0.0,200.0,caught,0.16624853200005418,0.4987867549668874,0.178,0.9799668874172185,0.8888888888888888,0.0,1.0,0.0,0.0,2.0,0.0,45.0,-0.4351776507361037,-0.7272,0.002855873159740785,-0.10666666666666669,-1.0,1.0,0.0,0.0,0.0,-1.0,-18.0,-0.158382576785002,-0.2536,-0.015556441962504941,0.7466666666666666,0.0,1.0,-1.0,0.0,0.0,0.0,-134.0,0.006830668248110627,0.008400000000000019,0.004476670620276568,-0.03111111111111109,0.0,0.0,0.0,0.0,0.0,0.0,21.0
49,escaped,0.20129777400006788,0.9361799958514831,0.9076000000000001,0.9790499896287077,0.9955555555555555,1.0,0.0,0.0,0.0,2.0,1.0,69.0,caught,0.20391613499987216,0.49763484240687683,0.1824,0.970487106017192,0.8622222222222222,0.0,1.0,0.0,0.0,2.0,0.0,56.0,timeout,0.19263539000007768,0.664,0.44,1.0,0.1111111111111111,0.0,0.0,1.0,0.0,2.0,0.0,200.0,caught,0.04677952500014726,0.4015439773798304,0.007599999999999994,0.9924599434495759,0.4,0.0,1.0,0.0,0.0,0.0,0.0,19.0,0.4385451534446063,0.7252000000000001,0.008562883611515693,0.1333333333333333,1.0,-1.0,0.0,0.0,0.0,1.0,13.0,0.2721799958514831,0.46760000000000007,-0.020950010371292294,0.8844444444444444,1.0,0.0,-1.0,0.0,0.0,1.0,-131.0,0.5346360184716528,0.9000000000000001,-0.013409953820868181,0.5955555555555555,1.0,-1.0,0.0,0.0,2.0,1.0,50.0
50,escaped,0.3122953189999862,0.9485603170409511,0.9248,0.9842007926023778,0.9866666666666667,1.0,0.0,0.0,0.0,2.0,1.0,112.0,caught,0.16395304900015617,0.4543055555555556,0.1,0.9857638888888889,0.8755555555555555,0.0,1.0,0.0,0.0,1.0,0.0,50.0,escaped,0.09989980899990769,0.95224,0.9204,1.0,0.08888888888888889,1.0,0.0,0.0,0.0,2.0,1.0,101.0,caught,0.10565575500004343,0.45134715580492013,0.0968,0.9831678895123004,0.8311111111111111,0.0,1.0,0.0,0.0,1.0,0.0,42.0,0.49425476148539554,0.8248,-0.0015630962865110787,0.11111111111111116,1.0,-1.0,0.0,0.0,1.0,1.0,62.0,-0.0036796829590488578,0.0043999999999999595,-0.015799207397622195,0.8977777777777778,0.0,0.0,0.0,0.0,0.0,0.0,11.0,0.497213161236031,0.828,0.0010329030900774194,0.15555555555555556,1.0,-1.0,0.0,0.0,1.0,1.0,70.0
51,escaped,0.14653087799979403,0.9320565186319549,0.8967999999999999,0.9849412965798877,0.6088888888888889,1.0,0.0,0.0,0.0,2.0,1.0,42.0,escaped,0.1472097369999119,0.9331914347637624,0.8992,0.9841785869094062,0.6488888888888888,1.0,0.0,0.0,0.0,2.0,1.0,48.0,escaped,0.1385421210000004,0.95272,0.9212,1.0,0.08888888888888889,1.0,0.0,0.0,0.0,2.0,1.0,103.0,caught,0.08140623700001015,0.49880524469067405,0.1696,0.9926131117266851,0.5777777777777777,0.0,1.0,0.0,0.0,2.0,0.0,24.0,-0.0011349161318074952,-0.0024000000000000687,0.0007627096704815317,-0.039999999999999925,0.0,0.0,0.0,0.0,0.0,0.0,-6.0,-0.020663481368045078,-0.02440000000000009,-0.015058703420112285,0.52,0.0,0.0,0.0,0.0,0.0,0.0,-61.0,0.4332512739412809,0.7272,-0.007671815146797378,0.0311111111111112,1.0,-1.0,0.0,0.0,0.0,1.0,18.0
52,escaped,0.1736219520000759,0.9333590929258072,0.9052,0.9755977323145181,0.8977777777777778,1.0,0.0,0.0,0.0,2.0,1.0,63.0,escaped,0.23053748799998175,0.934617243570038,0.9092,0.9727431089250947,0.9466666666666667,1.0,0.0,0.0,0.0,2.0,1.0,73.0,escaped,0.1660863199999767,0.96328,0.9388,1.0,0.08888888888888889,1.0,0.0,0.0,0.0,2.0,1.0,147.0,escaped,0.1495460659998571,0.9330322320173758,0.9044,0.9759805800434393,0.8977777777777778,1.0,0.0,0.0,0.0,2.0,1.0,61.0,-0.0012581506442307377,-0.0040000000000000036,0.0028546233894233275,-0.04888888888888887,0.0,0.0,0.0,0.0,0.0,0.0,-10.0,-0.029920907074192815,-0.03359999999999996,-0.024402267685481926,0.8088888888888889,0.0,0.0,0.0,0.0,0.0,0.0,-84.0,0.00032686090843137006,0.0008000000000000229,-0.00038284772892127616,0.0,0.0,0.0,0.0,0.0,0.0,0.0,2.0
53,escaped,0.09379537099994195,0.9281150491159136,0.8964,0.9756876227897839,0.64,1.0,0.0,0.0,0.0,2.0,1.0,41.0,escaped,0.34742512000002534,0.9439057574739671,0.9212,0.9779643936849177,0.9644444444444444,1.0,0.0,0.0,0.0,2.0,1.0,103.0,timeout,0.19250381999995625,0.664,0.44,1.0,0.1111111111111111,0.0,0.0,1.0,0.0,2.0,0.0,200.0,escaped,0.10849855500009653,0.9281150491159136,0.8964,0.9756876227897839,0.64,1.0,0.0,0.0,0.0,2.0,1.0,41.0,-0.015790708358053518,-0.024800000000000044,-0.002276770895133784,-0.3244444444444444,0.0,0.0,0.0,0.0,0.0,0.0,-62.0,0.26411504911591355,0.4564,-0.024312377210216063,0.528888888888889,1.0,0.0,-1.0,0.0,0.0,1.0,-159.0,0.0,0.0,0.0,0.0,0.0,0.0,0.0,0.0,0.0,0.0,0.0
54,escaped,0.09460570299984283,0.9278724137931035,0.892,0.9816810344827587,0.7288888888888889,1.0,0.0,0.0,0.0,2.0,1.0,30.0,escaped,0.15439463699999578,0.9297813184453511,0.898,0.9774532961133777,0.7777777777777778,1.0,0.0,0.0,0.0,2.0,1.0,45.0,escaped,0.09830913500013594,0.9436,0.906,1.0,0.08888888888888889,1.0,0.0,0.0,0.0,2.0,1.0,65.0,escaped,0.20587262799995187,0.9325629054477145,0.9027999999999999,0.9772072636192861,0.9155555555555556,1.0,0.0,0.0,0.0,2.0,1.0,57.0,-0.0019089046522475783,-0.006000000000000005,0.004227738369380951,-0.04888888888888887,0.0,0.0,0.0,0.0,0.0,0.0,-15.0,-0.015727586206896516,-0.014000000000000012,-0.018318965517241326,0.64,0.0,0.0,0.0,0.0,0.0,0.0,-35.0,-0.004690491654610995,-0.01079999999999992,0.004473770863472559,-0.18666666666666665,0.0,0.0,0.0,0.0,0.0,0.0,-27.0
55,escaped,0.12091990299995814,0.9306300460829493,0.8936000000000001,0.9861751152073732,0.8444444444444444,1.0,0.0,0.0,0.0,2.0,1.0,34.0,escaped,0.23119586199982223,0.9346701763907734,0.9036000000000001,0.9812754409769335,0.9422222222222222,1.0,0.0,0.0,0.0,2.0,1.0,59.0,timeout,0.2142622300000312,0.664,0.44,1.0,0.1111111111111111,0.0,0.0,1.0,0.0,2.0,0.0,200.0,caught,0.0355314079999971,0.44944,0.0824,1.0,0.2577777777777778,0.0,1.0,0.0,0.0,1.0,0.0,6.0,-0.00404013030782413,-0.010000000000000009,0.004899674230439688,-0.09777777777777774,0.0,0.0,0.0,0.0,0.0,0.0,-25.0,0.26663004608294927,0.45360000000000006,-0.01382488479262678,0.7333333333333334,1.0,0.0,-1.0,0.0,0.0,1.0,-166.0,0.4811900460829493,0.8112,-0.01382488479262678,0.5866666666666667,1.0,-1.0,0.0,0.0,1.0,1.0,28.0
56,caught,0.06969244200013236,0.45192765294771975,0.0884,0.9972191323692993,0.5555555555555556,0.0,1.0,0.0,0.0,1.0,0.0,21.0,escaped,0.2554174330000478,0.9379769639774428,0.9076000000000001,0.9835424099436069,0.9777777777777777,1.0,0.0,0.0,0.0,2.0,1.0,69.0,escaped,0.1005680210000719,0.95032,0.9172,1.0,0.08888888888888889,1.0,0.0,0.0,0.0,2.0,1.0,93.0,escaped,0.07495471599986558,0.9327480438184663,0.89,0.9968701095461658,0.7111111111111111,1.0,0.0,0.0,0.0,2.0,1.0,25.0,-0.48604931102972304,-0.8192,0.0136767224256924,-0.42222222222222217,-1.0,1.0,0.0,0.0,-1.0,-1.0,-48.0,-0.4983923470522803,-0.8288,-0.002780867630700734,0.4666666666666667,-1.0,1.0,0.0,0.0,-1.0,-1.0,-72.0,-0.4808203908707466,-0.8016,0.0003490228231334269,-0.15555555555555556,-1.0,1.0,0.0,0.0,-1.0,-1.0,-4.0
57,escaped,0.18704903600018952,0.9360889199906695,0.906,0.9812222999766737,0.9466666666666667,1.0,0.0,0.0,0.0,2.0,1.0,65.0,escaped,0.12185193699997399,0.9314152097428958,0.8976000000000001,0.9821380243572395,0.6133333333333333,1.0,0.0,0.0,0.0,2.0,1.0,44.0,escaped,0.05597991100012223,0.9373600000000001,0.8956000000000001,1.0,0.08888888888888889,1.0,0.0,0.0,0.0,2.0,1.0,39.0,escaped,0.15524765099985416,0.9318395530726258,0.8972,0.9837988826815642,0.9422222222222222,1.0,0.0,0.0,0.0,2.0,1.0,43.0,0.0046737102477736325,0.008399999999999963,-0.0009157243805658632,0.33333333333333337,0.0,0.0,0.0,0.0,0.0,0.0,21.0,-0.0012710800093306274,0.010399999999999965,-0.01877770002332635,0.8577777777777778,0.0,0.0,0.0,0.0,0.0,0.0,26.0,0.004249366918043673,0.00880000000000003,-0.0025765827048905843,0.004444444444444473,0.0,0.0,0.0,0.0,0.0,0.0,22.0
58,escaped,0.0799376879999727,0.9327325183374083,0.894,0.9908312958435208,0.6044444444444445,1.0,0.0,0.0,0.0,2.0,1.0,35.0,escaped,0.31852223100008814,0.935669238160604,0.9124,0.9705730954015099,1.0,1.0,0.0,0.0,0.0,2.0,1.0,81.0,timeout,0.18883615100003226,0.616,0.36,1.0,0.08888888888888889,0.0,0.0,1.0,0.0,1.0,0.0,200.0,escaped,0.07265579899990371,0.9327325183374083,0.894,0.9908312958435208,0.6044444444444445,1.0,0.0,0.0,0.0,2.0,1.0,35.0,-0.002936719823195655,-0.018399999999999972,0.020258200442010876,-0.39555555555555555,0.0,0.0,0.0,0.0,0.0,0.0,-46.0,0.31673251833740834,0.534,-0.00916870415647919,0.5155555555555555,1.0,0.0,-1.0,0.0,1.0,1.0,-165.0,0.0,0.0,0.0,0.0,0.0,0.0,0.0,0.0,0.0,0.0,0.0
59,escaped,0.1612396529999387,0.9355890453406243,0.9047999999999999,0.9817726133515607,0.9777777777777777,1.0,0.0,0.0,0.0,2.0,1.0,62.0,escaped,0.18924203699998543,0.9318547116430903,0.9032,0.9748367791077258,0.9288888888888889,1.0,0.0,0.0,0.0,2.0,1.0,58.0,timeout,0.189655152999876,0.664,0.44,1.0,0.1111111111111111,0.0,0.0,1.0,0.0,2.0,0.0,200.0,escaped,0.12456178200000068,0.928637661700924,0.8964,0.9769941542523101,0.9555555555555556,1.0,0.0,0.0,0.0,2.0,1.0,41.0,0.0037343336975339536,0.0015999999999999348,0.006935834243834926,0.04888888888888887,0.0,0.0,0.0,0.0,0.0,0.0,4.0,0.2715890453406242,0.46479999999999994,-0.01822738664843926,0.8666666666666667,1.0,0.0,-1.0,0.0,0.0,1.0,-138.0,0.00695138363970027,0.008399999999999963,0.004778459099250676,0.022222222222222143,0.0,0.0,0.0,0.0,0.0,0.0,21.0
60,escaped,0.10246598200001245,0.9324116877453119,0.9,0.9810292193632796,0.5333333333333333,1.0,0.0,0.0,0.0,2.0,1.0,50.0,escaped,0.1724070830000528,0.9348459909228442,0.902,0.9841149773071104,0.9377777777777778,1.0,0.0,0.0,0.0,2.0,1.0,55.0,escaped,0.1674886250000327,0.96928,0.9488,1.0,0.08888888888888889,1.0,0.0,0.0,0.0,2.0,1.0,172.0,escaped,0.06868486100006521,0.9274880473372781,0.8932,0.9789201183431953,0.49777777777777776,1.0,0.0,0.0,0.0,2.0,1.0,33.0,-0.0024343031775322377,-0.0020000000000000018,-0.0030857579438308136,-0.4044444444444445,0.0,0.0,0.0,0.0,0.0,0.0,-5.0,-0.03686831225468812,-0.048799999999999955,-0.01897078063672042,0.4444444444444444,0.0,0.0,0.0,0.0,0.0,0.0,-122.0,0.004923640408033836,0.006800000000000028,0.002109101020084325,0.03555555555555556,0.0,0.0,0.0,0.0,0.0,0.0,17.0
61,escaped,0.21381413900007828,0.9381092278194179,0.9112,0.9784730695485445,0.9866666666666667,1.0,0.0,0.0,0.0,2.0,1.0,78.0,escaped,0.15042982700015273,0.9335988761174968,0.9004,0.9833971902937421,0.84,1.0,0.0,0.0,0.0,2.0,1.0,51.0,timeout,0.17701386299995647,0.616,0.36,1.0,0.1111111111111111,0.0,0.0,1.0,0.0,1.0,0.0,200.0,caught,0.17093615499993575,0.5029738693698883,0.1856,0.9790346734247206,0.9688888888888889,0.0,1.0,0.0,0.0,2.0,0.0,64.0,0.004510351701921045,0.010800000000000032,-0.004924120745197547,0.14666666666666672,0.0,0.0,0.0,0.0,0.0,0.0,27.0,0.32210922781941786,0.5512,-0.021526930451455484,0.8755555555555556,1.0,0.0,-1.0,0.0,1.0,1.0,-122.0,0.43513535844952955,0.7256,-0.0005616038761760977,0.01777777777777778,1.0,-1.0,0.0,0.0,0.0,1.0,14.0
62,timeout,0.5196154549998937,0.6569944724825763,0.44,0.9824861812064407,0.92,0.0,0.0,1.0,0.0,2.0,0.0,200.0,escaped,0.44418087300005027,0.9438788036081659,0.9244,0.9730970090204146,1.0,1.0,0.0,0.0,0.0,2.0,1.0,111.0,timeout,0.20966298299981645,0.664,0.44,1.0,0.07111111111111111,0.0,0.0,1.0,0.0,2.0,0.0,200.0,caught,0.070881313999962,0.40528000000000003,0.008800000000000011,1.0,0.5822222222222222,0.0,1.0,0.0,0.0,0.0,0.0,22.0,-0.28688433112558964,-0.4844,0.009389172186026085,-0.07999999999999996,-1.0,0.0,1.0,0.0,0.0,-1.0,89.0,-0.007005527517423782,0.0,-0.017513818793559288,0.8488888888888889,0.0,0.0,0.0,0.0,0.0,0.0,0.0,0.2517144724825762,0.43119999999999997,-0.017513818793559288,0.33777777777777784,0.0,-1.0,1.0,0.0,2.0,0.0,178.0
63,escaped,0.19164280299992242,0.9353860070671378,0.9087999999999999,0.9752650176678446,0.9733333333333334,1.0,0.0,0.0,0.0,2.0,1.0,72.0,escaped,0.1864071300001342,0.9306090291840381,0.9044,0.9699225729600953,0.8622222222222222,1.0,0.0,0.0,0.0,2.0,1.0,61.0,timeout,0.20277204299986806,0.664,0.44,1.0,0.1111111111111111,0.0,0.0,1.0,0.0,2.0,0.0,200.0,escaped,0.13320134499986125,0.9302499228633139,0.9,0.9756248071582845,0.9511111111111111,1.0,0.0,0.0,0.0,2.0,1.0,50.0,0.00477697788309972,0.0043999999999999595,0.00534244470774925,0.11111111111111116,0.0,0.0,0.0,0.0,0.0,0.0,11.0,0.2713860070671378,0.46879999999999994,-0.02473498233215543,0.8622222222222222,1.0,0.0,-1.0,0.0,0.0,1.0,-128.0,0.005136084203823943,0.008799999999999919,-0.00035978949043991015,0.022222222222222254,0.0,0.0,0.0,0.0,0.0,0.0,22.0
64,escaped,0.11569718000009743,0.9318828169014084,0.8967999999999999,0.9845070422535211,0.8,1.0,0.0,0.0,0.0,2.0,1.0,42.0,escaped,0.14164139699983025,0.933930163339383,0.8992,0.9860254083484573,0.8488888888888889,1.0,0.0,0.0,0.0,2.0,1.0,48.0,timeout,0.16731289699987428,0.664,0.44,1.0,0.1111111111111111,0.0,0.0,1.0,0.0,2.0,0.0,200.0,escaped,0.09234052500005419,0.9312502021174207,0.8944,0.9865255052935515,0.8,1.0,0.0,0.0,0.0,2.0,1.0,36.0,-0.002047346437974551,-0.0024000000000000687,-0.0015183660949361633,-0.04888888888888887,0.0,0.0,0.0,0.0,0.0,0.0,-6.0,0.26788281690140836,0.45679999999999993,-0.015492957746478853,0.6888888888888889,1.0,0.0,-1.0,0.0,0.0,1.0,-158.0,0.0006326147839876839,0.0023999999999999577,-0.002018463040030394,0.0,0.0,0.0,0.0,0.0,0.0,0.0,6.0
65,escaped,0.19156428499991307,0.9367987035113235,0.9072,0.9811967587783087,0.8,1.0,0.0,0.0,0.0,2.0,1.0,68.0,escaped,0.35522637300005044,0.9449761117346303,0.9196,0.9830402793365757,0.9911111111111112,1.0,0.0,0.0,0.0,2.0,1.0,99.0,timeout,0.24661725600003592,0.664,0.44,1.0,0.1111111111111111,0.0,0.0,1.0,0.0,2.0,0.0,200.0,caught,0.1157110270000885,0.4985098305084746,0.1752,0.9834745762711864,0.76,0.0,1.0,0.0,0.0,2.0,0.0,38.0,-0.008177408223306704,-0.012399999999999967,-0.0018435205582669756,-0.19111111111111112,0.0,0.0,0.0,0.0,0.0,0.0,-31.0,0.2727987035113235,0.4672,-0.018803241221691303,0.6888888888888889,1.0,0.0,-1.0,0.0,0.0,1.0,-132.0,0.43828887300284897,0.732,-0.0022778174928776984,0.040000000000000036,1.0,-1.0,0.0,0.0,0.0,1.0,30.0
66,escaped,0.1491945069999474,0.9376154427014092,0.9047999999999999,0.986838606753523,0.8622222222222222,1.0,0.0,0.0,0.0,2.0,1.0,62.0,escaped,0.10058482599993113,0.930178479130932,0.8964,0.98084619782733,0.6177777777777778,1.0,0.0,0.0,0.0,2.0,1.0,41.0,timeout,0.18085862100019767,0.664,0.44,1.0,0.1111111111111111,0.0,0.0,1.0,0.0,2.0,0.0,200.0,escaped,0.07085439799993765,0.9264922503328894,0.8927999999999999,0.9770306258322237,0.6,1.0,0.0,0.0,0.0,2.0,1.0,32.0,0.007436963570477184,0.008399999999999963,0.005992408926193016,0.24444444444444446,0.0,0.0,0.0,0.0,0.0,0.0,21.0,0.27361544270140914,0.46479999999999994,-0.013161393246477027,0.7511111111111111,1.0,0.0,-1.0,0.0,0.0,1.0,-138.0,0.011123192368519774,0.01200000000000001,0.009807980921299309,0.26222222222222225,0.0,0.0,0.0,0.0,0.0,0.0,30.0
67,escaped,0.06669849699983388,0.9274006284845413,0.8887999999999999,0.9853015712113533,0.5955555555555555,1.0,0.0,0.0,0.0,2.0,1.0,22.0,escaped,0.1692326539998703,0.9345088198757764,0.9012,0.984472049689441,0.9511111111111111,1.0,0.0,0.0,0.0,2.0,1.0,53.0,escaped,0.10663744599992242,0.95296,0.9216,1.0,0.08888888888888889,1.0,0.0,0.0,0.0,2.0,1.0,104.0,escaped,0.06651865799994994,0.9274006284845413,0.8887999999999999,0.9853015712113533,0.5955555555555555,1.0,0.0,0.0,0.0,2.0,1.0,22.0,-0.007108191391235086,-0.012400000000000078,0.0008295215219122909,-0.3555555555555556,0.0,0.0,0.0,0.0,0.0,0.0,-31.0,-0.02555937151545873,-0.03280000000000005,-0.014698428788646689,0.5066666666666666,0.0,0.0,0.0,0.0,0.0,0.0,-82.0,0.0,0.0,0.0,0.0,0.0,0.0,0.0,0.0,0.0,0.0,0.0
68,escaped,0.11172249299988835,0.9322308517720775,0.8987999999999999,0.9823771294301938,0.8044444444444444,1.0,0.0,0.0,0.0,2.0,1.0,47.0,escaped,0.2635582760001398,0.9385091003911342,0.9124,0.9776727509778357,0.9155555555555556,1.0,0.0,0.0,0.0,2.0,1.0,81.0,escaped,0.1300385780000397,0.95968,0.9328,1.0,0.08888888888888889,1.0,0.0,0.0,0.0,2.0,1.0,132.0,escaped,0.09184433399991576,0.929570748042128,0.8936000000000001,0.98352687010532,0.7777777777777778,1.0,0.0,0.0,0.0,2.0,1.0,34.0,-0.006278248619056681,-0.013600000000000056,0.00470437845235816,-0.11111111111111116,0.0,0.0,0.0,0.0,0.0,0.0,-34.0,-0.027449148227922437,-0.03400000000000003,-0.01762287056980616,0.7155555555555555,0.0,0.0,0.0,0.0,0.0,0.0,-85.0,0.0026601037299495145,0.005199999999999871,-0.0011497406751261874,0.026666666666666616,0.0,0.0,0.0,0.0,0.0,0.0,13.0
69,escaped,0.1238634500000444,0.9292587472458294,0.8992,0.9743468681145735,0.8266666666666667,1.0,0.0,0.0,0.0,2.0,1.0,48.0,escaped,0.3248438340001485,0.9426210791262838,0.9184,0.9789526978157095,0.8977777777777778,1.0,0.0,0.0,0.0,2.0,1.0,96.0,escaped,0.06185169700006554,0.94096,0.9016000000000001,1.0,0.08888888888888889,1.0,0.0,0.0,0.0,2.0,1.0,54.0,caught,0.09378428599984545,0.49567086407276406,0.1736,0.9787771601819101,0.8222222222222222,0.0,1.0,0.0,0.0,2.0,0.0,34.0,-0.013362331880454437,-0.019199999999999995,-0.004605829701135988,-0.07111111111111112,0.0,0.0,0.0,0.0,0.0,0.0,-48.0,-0.011701252754170666,-0.0024000000000000687,-0.025653131885426506,0.7377777777777778,0.0,0.0,0.0,0.0,0.0,0.0,-6.0,0.4335878831730653,0.7256,-0.004430292067336583,0.004444444444444473,1.0,-1.0,0.0,0.0,0.0,1.0,14.0
70,escaped,0.11314432000017405,0.937320787508486,0.9004,0.9927019687712152,0.8266666666666667,1.0,0.0,0.0,0.0,2.0,1.0,51.0,escaped,0.11939721399994596,0.9337844085783773,0.8976000000000001,0.988061021445943,0.7911111111111111,1.0,0.0,0.0,0.0,2.0,1.0,44.0,escaped,0.12394762700000683,0.9628,0.938,1.0,0.08888888888888889,1.0,0.0,0.0,0.0,2.0,1.0,145.0,escaped,0.10656978700012587,0.9363436380424746,0.8992,0.9920590951061865,0.8488888888888889,1.0,0.0,0.0,0.0,2.0,1.0,48.0,0.003536378930108719,0.0027999999999999137,0.0046409473252722044,0.03555555555555556,0.0,0.0,0.0,0.0,0.0,0.0,7.0,-0.02547921249151397,-0.03759999999999997,-0.007298031228784807,0.7377777777777778,0.0,0.0,0.0,0.0,0.0,0.0,-94.0,0.0009771494660114621,0.0011999999999999789,0.000642873665028687,-0.022222222222222254,0.0,0.0,0.0,0.0,0.0,0.0,3.0
71,escaped,0.19948469899986776,0.9458592916559472,0.922,0.9816482291398679,0.9777777777777777,1.0,0.0,0.0,0.0,2.0,1.0,105.0,escaped,0.1307389990001866,0.9260768688845401,0.9007999999999999,0.9639921722113503,0.8133333333333334,1.0,0.0,0.0,0.0,2.0,1.0,52.0,escaped,0.10715708300017468,0.95584,0.9264,1.0,0.08888888888888889,1.0,0.0,0.0,0.0,2.0,1.0,116.0,caught,0.03611203300010857,0.45016059970015,0.0856,0.9970014992503748,0.28888888888888886,0.0,1.0,0.0,0.0,1.0,0.0,14.0,0.01978242277140707,0.021200000000000108,0.017656056928517683,0.1644444444444444,0.0,0.0,0.0,0.0,0.0,0.0,53.0,-0.009980708344052847,-0.0043999999999999595,-0.018351770860132066,0.8888888888888888,0.0,0.0,0.0,0.0,0.0,0.0,-11.0,0.4956986919557972,0.8364,-0.015353270110506911,0.6888888888888889,1.0,-1.0,0.0,0.0,1.0,1.0,91.0
72,escaped,0.2361642700000175,0.9400326181314452,0.9156,0.9766815453286132,0.92,1.0,0.0,0.0,0.0,2.0,1.0,89.0,escaped,0.14424665299998196,0.930836931982634,0.8992,0.9782923299565847,0.8622222222222222,1.0,0.0,0.0,0.0,2.0,1.0,48.0,escaped,0.07882350899990342,0.94528,0.9087999999999999,1.0,0.08888888888888889,1.0,0.0,0.0,0.0,2.0,1.0,72.0,escaped,0.0861657179998474,0.92877217938631,0.8944,0.980330448465775,0.6355555555555555,1.0,0.0,0.0,0.0,2.0,1.0,36.0,0.009195686148811277,0.01639999999999997,-0.0016107846279714844,0.05777777777777782,0.0,0.0,0.0,0.0,0.0,0.0,41.0,-0.005247381868554779,0.006800000000000028,-0.023318454671386823,0.8311111111111111,0.0,0.0,0.0,0.0,0.0,0.0,17.0,0.01126043874513527,0.021199999999999997,-0.0036489031371618186,0.2844444444444445,0.0,0.0,0.0,0.0,0.0,0.0,53.0
73,escaped,0.13335597299987967,0.9326101373756515,0.9,0.9815253434391283,0.9911111111111112,1.0,0.0,0.0,0.0,2.0,1.0,50.0,escaped,0.22438250100003643,0.9357981367500898,0.9104,0.9738953418752245,0.9644444444444444,1.0,0.0,0.0,0.0,2.0,1.0,76.0,escaped,0.12536987599992244,0.95944,0.9324,1.0,0.08888888888888889,1.0,0.0,0.0,0.0,2.0,1.0,131.0,escaped,0.1573024340000302,0.9316108208263849,0.898,0.9820270520659625,0.9955555555555555,1.0,0.0,0.0,0.0,2.0,1.0,45.0,-0.003187999374438366,-0.010399999999999965,0.00763000156390381,0.026666666666666727,0.0,0.0,0.0,0.0,0.0,0.0,-26.0,-0.0268298626243485,-0.032399999999999984,-0.01847465656087166,0.9022222222222223,0.0,0.0,0.0,0.0,0.0,0.0,-81.0,0.000999316549266549,0.0020000000000000018,-0.0005017086268341853,-0.004444444444444362,0.0,0.0,0.0,0.0,0.0,0.0,5.0
74,escaped,0.07883769700015364,0.931336306620209,0.8916000000000001,0.9909407665505227,0.5777777777777777,1.0,0.0,0.0,0.0,2.0,1.0,29.0,escaped,0.14632691199994952,0.9335115615986815,0.8987999999999999,0.9855789039967038,0.6888888888888889,1.0,0.0,0.0,0.0,2.0,1.0,47.0,timeout,0.1780402540000523,0.664,0.44,1.0,0.1111111111111111,0.0,0.0,1.0,0.0,2.0,0.0,200.0,escaped,0.07225962400002572,0.931336306620209,0.8916000000000001,0.9909407665505227,0.5777777777777777,1.0,0.0,0.0,0.0,2.0,1.0,29.0,-0.002175254978472485,-0.007199999999999873,0.005361862553818875,-0.11111111111111116,0.0,0.0,0.0,0.0,0.0,0.0,-18.0,0.267336306620209,0.45160000000000006,-0.009059233449477344,0.4666666666666666,1.0,0.0,-1.0,0.0,0.0,1.0,-171.0,0.0,0.0,0.0,0.0,0.0,0.0,0.0,0.0,0.0,0.0,0.0
75,escaped,0.06134795900015888,0.9281593638170974,0.8912,0.9835984095427436,0.5288888888888889,1.0,0.0,0.0,0.0,2.0,1.0,28.0,escaped,0.07173236900007396,0.9285970549860205,0.8927999999999999,0.9822926374650512,0.5244444444444445,1.0,0.0,0.0,0.0,2.0,1.0,32.0,escaped,0.09426255300013509,0.95152,0.9192,1.0,0.08888888888888889,1.0,0.0,0.0,0.0,2.0,1.0,98.0,caught,0.05519581399994422,0.4974047736625515,0.1692,0.9897119341563786,0.4533333333333333,0.0,1.0,0.0,0.0,2.0,0.0,23.0,-0.00043769116892311555,-0.0015999999999999348,0.0013057720776923354,0.004444444444444362,0.0,0.0,0.0,0.0,0.0,0.0,-4.0,-0.023360636182902628,-0.028000000000000025,-0.01640159045725642,0.43999999999999995,0.0,0.0,0.0,0.0,0.0,0.0,-70.0,0.4307545901545459,0.722,-0.006113524613635013,0.07555555555555554,1.0,-1.0,0.0,0.0,0.0,1.0,5.0
76,escaped,0.09087649499997497,0.9260806995627733,0.892,0.9772017489069331,0.6888888888888889,1.0,0.0,0.0,0.0,2.0,1.0,30.0,escaped,0.29700221200005217,0.9369622024742986,0.9112,0.9756055061857466,0.9466666666666667,1.0,0.0,0.0,0.0,2.0,1.0,78.0,timeout,0.18882701099983024,0.664,0.44,1.0,0.1111111111111111,0.0,0.0,1.0,0.0,2.0,0.0,200.0,escaped,0.07525937800005522,0.9260806995627733,0.892,0.9772017489069331,0.6888888888888889,1.0,0.0,0.0,0.0,2.0,1.0,30.0,-0.010881502911525343,-0.019199999999999995,0.0015962427211865249,-0.2577777777777778,0.0,0.0,0.0,0.0,0.0,0.0,-48.0,0.26208069956277324,0.452,-0.02279825109306688,0.5777777777777777,1.0,0.0,-1.0,0.0,0.0,1.0,-170.0,0.0,0.0,0.0,0.0,0.0,0.0,0.0,0.0,0.0,0.0,0.0
77,escaped,0.15429930099980993,0.9336857065069426,0.902,0.9812142662673564,0.9111111111111111,1.0,0.0,0.0,0.0,2.0,1.0,55.0,escaped,0.12608053899998595,0.9282547465437788,0.8964,0.976036866359447,0.8044444444444444,1.0,0.0,0.0,0.0,2.0,1.0,41.0,escaped,0.11434479600006853,0.95584,0.9264,1.0,0.08888888888888889,1.0,0.0,0.0,0.0,2.0,1.0,116.0,escaped,0.07116397200002211,0.9307156792144026,0.8907999999999999,0.9905891980360065,0.7422222222222222,1.0,0.0,0.0,0.0,2.0,1.0,27.0,0.005430959963163784,0.005600000000000049,0.005177399907909441,0.10666666666666669,0.0,0.0,0.0,0.0,0.0,0.0,14.0,-0.02215429349305742,-0.024399999999999977,-0.018785733732643584,0.8222222222222222,0.0,0.0,0.0,0.0,0.0,0.0,-61.0,0.002970027292540034,0.011200000000000099,-0.009374931768650119,0.16888888888888887,0.0,0.0,0.0,0.0,0.0,0.0,28.0
78,escaped,0.07144748199993955,0.9328657844990549,0.89,0.997164461247637,0.6177777777777778,1.0,0.0,0.0,0.0,2.0,1.0,25.0,escaped,0.2085240789999716,0.9335368179207352,0.906,0.974842044801838,0.7866666666666666,1.0,0.0,0.0,0.0,2.0,1.0,65.0,escaped,0.12235887100018772,0.95872,0.9312,1.0,0.08888888888888889,1.0,0.0,0.0,0.0,2.0,1.0,128.0,escaped,0.06287741100004496,0.932135659798334,0.8904,0.9947391494958352,0.6533333333333333,1.0,0.0,0.0,0.0,2.0,1.0,26.0,-0.0006710334216802893,-0.016000000000000014,0.02232241644579902,-0.16888888888888887,0.0,0.0,0.0,0.0,0.0,0.0,-40.0,-0.025854215500945132,-0.041200000000000014,-0.002835538752362976,0.5288888888888889,0.0,0.0,0.0,0.0,0.0,0.0,-103.0,0.0007301247007208689,-0.00039999999999995595,0.0024253117518018286,-0.03555555555555556,0.0,0.0,0.0,0.0,0.0,0.0,-1.0
79,escaped,0.08974860599983003,0.9273503825136613,0.8944,0.976775956284153,0.7688888888888888,1.0,0.0,0.0,0.0,2.0,1.0,36.0,escaped,0.28929289899997457,0.9393601900559987,0.912,0.9804004751399966,0.9955555555555555,1.0,0.0,0.0,0.0,2.0,1.0,80.0,escaped,0.131210990999989,0.95872,0.9312,1.0,0.08888888888888889,1.0,0.0,0.0,0.0,2.0,1.0,128.0,escaped,0.08218917699991835,0.9280310367892977,0.8912,0.9832775919732442,0.7466666666666667,1.0,0.0,0.0,0.0,2.0,1.0,28.0,-0.01200980754233738,-0.01760000000000006,-0.0036245188558435837,-0.22666666666666668,0.0,0.0,0.0,0.0,0.0,0.0,-44.0,-0.03136961748633871,-0.036800000000000055,-0.023224043715846965,0.6799999999999999,0.0,0.0,0.0,0.0,0.0,0.0,-92.0,-0.0006806542756363498,0.0031999999999999806,-0.006501635689091123,0.022222222222222143,0.0,0.0,0.0,0.0,0.0,0.0,8.0
80,escaped,0.1400152359999538,0.9315436194212849,0.9016000000000001,0.9764590485532123,0.7155555555555555,1.0,0.0,0.0,0.0,2.0,1.0,54.0,escaped,0.19411079800011066,0.9306513349265961,0.9024,0.9730283373164903,0.8355555555555556,1.0,0.0,0.0,0.0,2.0,1.0,56.0,caught,0.07021705800002565,0.50704,0.1784,1.0,0.1111111111111111,0.0,1.0,0.0,0.0,2.0,0.0,46.0,escaped,0.14874673500003155,0.9311994986153622,0.9036000000000001,0.9725987465384055,0.8622222222222222,1.0,0.0,0.0,0.0,2.0,1.0,59.0,0.0008922844946888109,-0.0007999999999999119,0.003430711236722006,-0.1200000000000001,0.0,0.0,0.0,0.0,0.0,0.0,-2.0,0.4245036194212849,0.7232000000000001,-0.023540951446787695,0.6044444444444443,1.0,-1.0,0.0,0.0,0.0,1.0,8.0,0.00034412080592272076,-0.0020000000000000018,0.0038603020148068046,-0.14666666666666672,0.0,0.0,0.0,0.0,0.0,0.0,-5.0
81,escaped,0.06451917100002902,0.9308686977111287,0.8932,0.9873717442778216,0.5066666666666667,1.0,0.0,0.0,0.0,2.0,1.0,33.0,escaped,0.07218313800012766,0.9307153539019963,0.8936000000000001,0.9863883847549909,0.39555555555555555,1.0,0.0,0.0,0.0,2.0,1.0,34.0,timeout,0.17337119000012535,0.664,0.44,1.0,0.08888888888888889,0.0,0.0,1.0,0.0,2.0,0.0,200.0,caught,0.02888631800010444,0.44920000000000004,0.082,1.0,0.21777777777777776,0.0,1.0,0.0,0.0,1.0,0.0,5.0,0.0001533438091323447,-0.00040000000000006697,0.0009833595228306846,0.11111111111111116,0.0,0.0,0.0,0.0,0.0,0.0,-1.0,0.26686869771112864,0.4532,-0.012628255722178405,0.4177777777777778,1.0,0.0,-1.0,0.0,0.0,1.0,-167.0,0.48166869771112863,0.8112,-0.012628255722178405,0.288888888888889,1.0,-1.0,0.0,0.0,1.0,1.0,28.0
82,escaped,0.08350855499998033,0.9326350957854406,0.8936000000000001,0.9911877394636015,0.4888888888888889,1.0,0.0,0.0,0.0,2.0,1.0,34.0,escaped,0.28010382999991634,0.9351067620317615,0.9072,0.9769669050794035,0.9422222222222222,1.0,0.0,0.0,0.0,2.0,1.0,68.0,timeout,0.1863340469999457,0.664,0.44,1.0,0.1111111111111111,0.0,0.0,1.0,0.0,2.0,0.0,200.0,escaped,0.1414220799999839,0.9356236185963873,0.9007999999999999,0.9878590464909683,0.9377777777777778,1.0,0.0,0.0,0.0,2.0,1.0,52.0,-0.0024716662463208916,-0.013599999999999945,0.014220834384197967,-0.4533333333333333,0.0,0.0,0.0,0.0,0.0,0.0,-34.0,0.26863509578544054,0.45360000000000006,-0.008812260536398497,0.37777777777777777,1.0,0.0,-1.0,0.0,0.0,1.0,-166.0,-0.0029885228109467477,-0.007199999999999873,0.0033286929726331627,-0.44888888888888895,0.0,0.0,0.0,0.0,0.0,0.0,-18.0
83,escaped,0.1460613930000818,0.9340508079930495,0.9007999999999999,0.9839270199826238,0.9777777777777777,1.0,0.0,0.0,0.0,2.0,1.0,52.0,escaped,0.22083545599980425,0.9352390748843606,0.9044,0.9814976872109014,0.9377777777777778,1.0,0.0,0.0,0.0,2.0,1.0,61.0,escaped,0.1674772359999679,0.96928,0.9488,1.0,0.08888888888888889,1.0,0.0,0.0,0.0,2.0,1.0,172.0,caught,0.12124322799991205,0.40386391872278665,0.013599999999999994,0.9892597968069666,0.6666666666666666,0.0,1.0,0.0,0.0,0.0,0.0,34.0,-0.0011882668913111294,-0.0036000000000000476,0.0024293327717224145,0.039999999999999925,0.0,0.0,0.0,0.0,0.0,0.0,-9.0,-0.035229192006950516,-0.04800000000000004,-0.016072980017376226,0.8888888888888888,0.0,0.0,0.0,0.0,0.0,0.0,-120.0,0.5301868892702628,0.8872,-0.005332776824342855,0.3111111111111111,1.0,-1.0,0.0,0.0,2.0,1.0,18.0
84,escaped,0.24854567600004884,0.935075329287073,0.9084,0.9750883232176828,0.9866666666666667,1.0,0.0,0.0,0.0,2.0,1.0,71.0,escaped,0.15301446700004817,0.9303346247172528,0.8976000000000001,0.9794365617931318,0.88,1.0,0.0,0.0,0.0,2.0,1.0,44.0,timeout,0.18220013299992388,0.664,0.44,1.0,0.08888888888888889,0.0,0.0,1.0,0.0,2.0,0.0,200.0,escaped,0.12563792500009185,0.9313344417877506,0.8987999999999999,0.9801361044693765,0.7911111111111111,1.0,0.0,0.0,0.0,2.0,1.0,47.0,0.004740704569820231,0.01079999999999992,-0.0043482385754489705,0.10666666666666669,0.0,0.0,0.0,0.0,0.0,0.0,27.0,0.271075329287073,0.4684,-0.024911676782317205,0.8977777777777778,1.0,0.0,-1.0,0.0,0.0,1.0,-129.0,0.003740887499322443,0.009600000000000053,-0.005047781251693695,0.1955555555555556,0.0,0.0,0.0,0.0,0.0,0.0,24.0
85,escaped,0.11933697100016616,0.9314769939238887,0.8987999999999999,0.9804924848097217,0.8844444444444445,1.0,0.0,0.0,0.0,2.0,1.0,47.0,escaped,0.330442499000128,0.9419010483321988,0.9176,0.9783526208304969,0.9422222222222222,1.0,0.0,0.0,0.0,2.0,1.0,94.0,escaped,0.04579692599986629,0.93496,0.8916000000000001,1.0,0.08888888888888889,1.0,0.0,0.0,0.0,2.0,1.0,29.0,caught,0.028218932000072527,0.44944,0.0824,1.0,0.2222222222222222,0.0,1.0,0.0,0.0,1.0,0.0,6.0,-0.010424054408310068,-0.01880000000000004,0.002139863979224832,-0.057777777777777706,0.0,0.0,0.0,0.0,0.0,0.0,-47.0,-0.0034830060761112946,0.007199999999999873,-0.01950751519027827,0.7955555555555556,0.0,0.0,0.0,0.0,0.0,0.0,18.0,0.4820369939238887,0.8163999999999999,-0.01950751519027827,0.6622222222222223,1.0,-1.0,0.0,0.0,1.0,1.0,41.0
86,caught,0.07250891500007128,0.44901132075471695,0.092,0.9845283018867924,0.49333333333333335,0.0,1.0,0.0,0.0,1.0,0.0,30.0,caught,0.10082648599995991,0.49830171967020026,0.1764,0.9811542991755006,0.6933333333333334,0.0,1.0,0.0,0.0,2.0,0.0,41.0,timeout,0.16881558599993696,0.664,0.44,1.0,0.1111111111111111,0.0,0.0,1.0,0.0,2.0,0.0,200.0,escaped,0.26103126800012433,0.9378296302948661,0.9116000000000001,0.9771740757371651,0.9911111111111112,1.0,0.0,0.0,0.0,2.0,1.0,79.0,-0.04929039891548331,-0.0844,0.003374002711291846,-0.2,0.0,0.0,0.0,0.0,-1.0,0.0,-11.0,-0.2149886792452831,-0.348,-0.015471698113207588,0.38222222222222224,0.0,1.0,-1.0,0.0,-1.0,0.0,-170.0,-0.48881830954014915,-0.8196000000000001,0.00735422614962733,-0.4977777777777778,-1.0,1.0,0.0,0.0,-1.0,-1.0,-49.0
87,escaped,0.2830087300001196,0.9385677108433734,0.9104,0.9808192771084338,0.8488888888888889,1.0,0.0,0.0,0.0,2.0,1.0,76.0,escaped,0.228860627000131,0.9368003371733633,0.906,0.9830008429334083,0.9111111111111111,1.0,0.0,0.0,0.0,2.0,1.0,65.0,timeout,0.20068541299997378,0.664,0.44,1.0,0.1111111111111111,0.0,0.0,1.0,0.0,2.0,0.0,200.0,caught,0.19466100399995412,0.5029830222532914,0.18359999999999999,0.9820575556332285,0.9822222222222222,0.0,1.0,0.0,0.0,2.0,0.0,59.0,0.0017673736700101195,0.0043999999999999595,-0.0021815658249745296,-0.06222222222222218,0.0,0.0,0.0,0.0,0.0,0.0,11.0,0.2745677108433734,0.4704,-0.01918072289156625,0.7377777777777779,1.0,0.0,-1.0,0.0,0.0,1.0,-124.0,0.43558468859008204,0.7268,-0.0012382785247947448,-0.1333333333333333,1.0,-1.0,0.0,0.0,0.0,1.0,17.0
88,escaped,0.14260482700001376,0.9286054844606947,0.896,0.9775137111517368,0.92,1.0,0.0,0.0,0.0,2.0,1.0,40.0,escaped,0.2351522629999181,0.9360221100186021,0.904,0.9840552750465055,0.8266666666666667,1.0,0.0,0.0,0.0,2.0,1.0,60.0,escaped,0.09304785599988463,0.94528,0.9087999999999999,1.0,0.08888888888888889,1.0,0.0,0.0,0.0,2.0,1.0,72.0,escaped,0.21497007700008908,0.9356644773610674,0.9044,0.9825611934026683,0.8933333333333333,1.0,0.0,0.0,0.0,2.0,1.0,61.0,-0.0074166255579074525,-0.008000000000000007,-0.006541563894768676,0.09333333333333338,0.0,0.0,0.0,0.0,0.0,0.0,-20.0,-0.016674515539305323,-0.012799999999999923,-0.022486288848263203,0.8311111111111111,0.0,0.0,0.0,0.0,0.0,0.0,-32.0,-0.007058992900372707,-0.008399999999999963,-0.005047482250931545,0.026666666666666727,0.0,0.0,0.0,0.0,0.0,0.0,-21.0
89,escaped,0.18108507699980692,0.9324473937720509,0.9004,0.9805184844301273,0.7555555555555555,1.0,0.0,0.0,0.0,2.0,1.0,51.0,escaped,0.638141300000143,0.9474829783223374,0.9284,0.9761074458058435,0.9955555555555555,1.0,0.0,0.0,0.0,2.0,1.0,121.0,escaped,0.17021058699992864,0.9676,0.946,1.0,0.08888888888888889,1.0,0.0,0.0,0.0,2.0,1.0,165.0,escaped,0.14370427199992264,0.9327434754933164,0.9,0.9818586887332909,0.7777777777777778,1.0,0.0,0.0,0.0,2.0,1.0,50.0,-0.01503558455028653,-0.028000000000000025,0.004411038624283825,-0.24,0.0,0.0,0.0,0.0,0.0,0.0,-70.0,-0.035152606227949135,-0.045599999999999974,-0.019481515569872654,0.6666666666666666,0.0,0.0,0.0,0.0,0.0,0.0,-114.0,-0.00029608172126549537,0.00039999999999995595,-0.0013402043031635058,-0.022222222222222254,0.0,0.0,0.0,0.0,0.0,0.0,1.0
90,escaped,0.16221773300003406,0.9327532879818594,0.902,0.9788832199546486,0.9688888888888889,1.0,0.0,0.0,0.0,2.0,1.0,55.0,escaped,0.17055092099985814,0.9312383648005254,0.9027999999999999,0.9738959120013134,0.7955555555555556,1.0,0.0,0.0,0.0,2.0,1.0,57.0,escaped,0.18130533600015042,0.97336,0.9556,1.0,0.08888888888888889,1.0,0.0,0.0,0.0,2.0,1.0,189.0,caught,0.04241589000002932,0.4019635978835979,0.006800000000000012,0.9947089947089947,0.38222222222222224,0.0,1.0,0.0,0.0,0.0,0.0,17.0,0.0015149231813340602,-0.0007999999999999119,0.0049873079533351294,0.17333333333333334,0.0,0.0,0.0,0.0,0.0,0.0,-2.0,-0.04060671201814059,-0.05359999999999998,-0.021116780045351446,0.88,0.0,0.0,0.0,0.0,0.0,0.0,-134.0,0.5307896900982615,0.8952,-0.0158257747543461,0.5866666666666667,1.0,-1.0,0.0,0.0,2.0,1.0,38.0
91,escaped,0.4815160939999714,0.9586760331380637,0.9452,0.9788900828451593,0.9777777777777777,1.0,0.0,0.0,0.0,2.0,1.0,163.0,escaped,0.17531315700011874,0.9271922580645161,0.9036000000000001,0.9625806451612903,0.9022222222222223,1.0,0.0,0.0,0.0,2.0,1.0,59.0,timeout,0.16080216099999234,0.664,0.44,1.0,0.1111111111111111,0.0,0.0,1.0,0.0,2.0,0.0,200.0,caught,0.028911129000107394,0.40096000000000004,0.0015999999999999942,1.0,0.20444444444444446,0.0,1.0,0.0,0.0,0.0,0.0,4.0,0.031483775073547604,0.04159999999999997,0.016309437683869055,0.07555555555555549,0.0,0.0,0.0,0.0,0.0,0.0,104.0,0.2946760331380637,0.5052000000000001,-0.021109917154840674,0.8666666666666667,1.0,0.0,-1.0,0.0,0.0,1.0,-37.0,0.5577160331380637,0.9436,-0.021109917154840674,0.7733333333333333,1.0,-1.0,0.0,0.0,2.0,1.0,159.0
92,escaped,0.3071663789999093,0.9470101034914136,0.9248,0.980325258728534,0.9644444444444444,1.0,0.0,0.0,0.0,2.0,1.0,112.0,escaped,0.21312104499997986,0.9340526105704078,0.9052,0.9773315264260195,0.9288888888888889,1.0,0.0,0.0,0.0,2.0,1.0,63.0,timeout,0.17744285499998114,0.616,0.36,1.0,0.1111111111111111,0.0,0.0,1.0,0.0,1.0,0.0,200.0,escaped,0.14606171099990206,0.9301300404858299,0.9016000000000001,0.9729251012145749,0.9288888888888889,1.0,0.0,0.0,0.0,2.0,1.0,54.0,0.012957492921005787,0.01959999999999995,0.00299373230251454,0.03555555555555556,0.0,0.0,0.0,0.0,0.0,0.0,49.0,0.3310101034914136,0.5648,-0.019674741271465956,0.8533333333333333,1.0,0.0,-1.0,0.0,1.0,1.0,-88.0,0.016880063005583645,0.023199999999999887,0.007400157513959171,0.03555555555555556,0.0,0.0,0.0,0.0,0.0,0.0,58.0
93,caught,0.11007491800000935,0.4997155491744436,0.1772,0.9834888729361091,0.8222222222222222,0.0,1.0,0.0,0.0,2.0,0.0,43.0,escaped,0.21577876899982584,0.9335892348964482,0.9072,0.9731730872411203,0.9022222222222223,1.0,0.0,0.0,0.0,2.0,1.0,68.0,escaped,0.10284752999996272,0.95272,0.9212,1.0,0.08888888888888889,1.0,0.0,0.0,0.0,2.0,1.0,103.0,escaped,0.13430600200013032,0.9346197899517457,0.9004,0.9859494748793641,0.8088888888888889,1.0,0.0,0.0,0.0,2.0,1.0,51.0,-0.4338736857220046,-0.73,0.01031578569498881,-0.08000000000000007,-1.0,1.0,0.0,0.0,0.0,-1.0,-25.0,-0.4530044508255564,-0.744,-0.016511127063890907,0.7333333333333333,-1.0,1.0,0.0,0.0,0.0,-1.0,-60.0,-0.43490424077730205,-0.7232,-0.0024606019432550363,0.013333333333333308,-1.0,1.0,0.0,0.0,0.0,-1.0,-8.0
94,escaped,0.07076071799997408,0.9315165909090909,0.8932,0.9889914772727273,0.5733333333333334,1.0,0.0,0.0,0.0,2.0,1.0,33.0,escaped,0.0967822380000598,0.9318735858178888,0.8972,0.983883964544722,0.5733333333333334,1.0,0.0,0.0,0.0,2.0,1.0,43.0,escaped,0.1521215640000264,0.96736,0.9456,1.0,0.08888888888888889,1.0,0.0,0.0,0.0,2.0,1.0,164.0,escaped,0.06936035000012453,0.9315165909090909,0.8932,0.9889914772727273,0.5733333333333334,1.0,0.0,0.0,0.0,2.0,1.0,33.0,-0.00035699490879792517,-0.0040000000000000036,0.005107512728005248,0.0,0.0,0.0,0.0,0.0,0.0,0.0,-10.0,-0.035843409090909106,-0.0524,-0.011008522727272707,0.48444444444444446,0.0,0.0,0.0,0.0,0.0,0.0,-131.0,0.0,0.0,0.0,0.0,0.0,0.0,0.0,0.0,0.0,0.0,0.0
95,escaped,0.265336982000008,0.9427434146341462,0.9168,0.9816585365853658,0.9777777777777777,1.0,0.0,0.0,0.0,2.0,1.0,92.0,escaped,0.20213361200012514,0.9340739808481532,0.9027999999999999,0.9809849521203831,0.9422222222222222,1.0,0.0,0.0,0.0,2.0,1.0,57.0,escaped,0.19454833100007818,0.9736,0.956,1.0,0.08888888888888889,1.0,0.0,0.0,0.0,2.0,1.0,190.0,escaped,0.14394828099989354,0.9325667828106854,0.9,0.9814169570267132,0.9422222222222222,1.0,0.0,0.0,0.0,2.0,1.0,50.0,0.008669433785993053,0.014000000000000012,0.0006735844649827794,0.03555555555555556,0.0,0.0,0.0,0.0,0.0,0.0,35.0,-0.030856585365853784,-0.03920000000000001,-0.018341463414634163,0.8888888888888888,0.0,0.0,0.0,0.0,0.0,0.0,-98.0,0.010176631823460847,0.016799999999999926,0.00024157955865267144,0.03555555555555556,0.0,0.0,0.0,0.0,0.0,0.0,42.0
96,escaped,0.11318222900013097,0.9291606174957118,0.8967999999999999,0.9777015437392796,0.8755555555555555,1.0,0.0,0.0,0.0,2.0,1.0,42.0,escaped,0.2987330519999887,0.938395249662618,0.9128,0.9767881241565453,0.9688888888888889,1.0,0.0,0.0,0.0,2.0,1.0,82.0,timeout,0.2277705829999377,0.664,0.44,1.0,0.1111111111111111,0.0,0.0,1.0,0.0,2.0,0.0,200.0,caught,0.08167418499988344,0.49795792915531334,0.1728,0.9856948228882834,0.7066666666666667,0.0,1.0,0.0,0.0,2.0,0.0,32.0,-0.009234632166906231,-0.016000000000000014,0.0009134195827343872,-0.09333333333333338,0.0,0.0,0.0,0.0,0.0,0.0,-40.0,0.26516061749571174,0.45679999999999993,-0.022298456260720356,0.7644444444444445,1.0,0.0,-1.0,0.0,0.0,1.0,-158.0,0.43120268834039843,0.724,-0.007993279149003718,0.16888888888888887,1.0,-1.0,0.0,0.0,0.0,1.0,10.0
97,escaped,0.09226563200013516,0.9302405700191834,0.8936000000000001,0.9852014250479584,0.6888888888888889,1.0,0.0,0.0,0.0,2.0,1.0,34.0,escaped,0.24028691499984234,0.9386394322885865,0.9067999999999999,0.9863985807214666,0.9288888888888889,1.0,0.0,0.0,0.0,2.0,1.0,67.0,escaped,0.1649484100000791,0.97096,0.9516,1.0,0.08888888888888889,1.0,0.0,0.0,0.0,2.0,1.0,179.0,escaped,0.08114265799986242,0.9307772357723577,0.892,0.9889430894308943,0.7244444444444444,1.0,0.0,0.0,0.0,2.0,1.0,30.0,-0.008398862269403118,-0.013199999999999878,-0.001197155673508199,-0.24,0.0,0.0,0.0,0.0,0.0,0.0,-33.0,-0.04071942998081668,-0.05799999999999994,-0.014798574952041621,0.6,0.0,0.0,0.0,0.0,0.0,0.0,-145.0,-0.000536665753174348,0.0016000000000000458,-0.003741664382935883,-0.03555555555555556,0.0,0.0,0.0,0.0,0.0,0.0,4.0
98,escaped,0.09643319000019801,0.9306550631458095,0.8956000000000001,0.9832376578645236,0.72,1.0,0.0,0.0,0.0,2.0,1.0,39.0,escaped,0.1253557830000318,0.9344787224048849,0.898,0.9891968060122123,0.64,1.0,0.0,0.0,0.0,2.0,1.0,45.0,escaped,0.16069912199986902,0.9683200000000001,0.9472,1.0,0.08888888888888889,1.0,0.0,0.0,0.0,2.0,1.0,168.0,escaped,0.0817943810000088,0.9295811872745162,0.8916000000000001,0.9865529681862906,0.7288888888888889,1.0,0.0,0.0,0.0,2.0,1.0,29.0,-0.0038236592590754626,-0.0023999999999999577,-0.00595914814768872,0.07999999999999996,0.0,0.0,0.0,0.0,0.0,0.0,-6.0,-0.03766493685419059,-0.05159999999999998,-0.01676234213547645,0.6311111111111111,0.0,0.0,0.0,0.0,0.0,0.0,-129.0,0.0010738758712932617,0.0040000000000000036,-0.0033153103217670177,-0.008888888888888946,0.0,0.0,0.0,0.0,0.0,0.0,10.0
99,escaped,0.09512405500004206,0.9311806635071089,0.8932,0.9881516587677726,0.7422222222222222,1.0,0.0,0.0,0.0,2.0,1.0,33.0,escaped,0.20677265400013312,0.9375260667674132,0.9076000000000001,0.9824151669185328,0.7733333333333333,1.0,0.0,0.0,0.0,2.0,1.0,69.0,escaped,0.08548504400005186,0.9448,0.908,1.0,0.08888888888888889,1.0,0.0,0.0,0.0,2.0,1.0,70.0,escaped,0.10335277599983783,0.9319287009063444,0.894,0.988821752265861,0.7777777777777778,1.0,0.0,0.0,0.0,2.0,1.0,35.0,-0.006345403260304305,-0.01440000000000008,0.005736491849239744,-0.03111111111111109,0.0,0.0,0.0,0.0,0.0,0.0,-36.0,-0.013619336492891043,-0.014800000000000035,-0.011848341232227444,0.6533333333333333,0.0,0.0,0.0,0.0,0.0,0.0,-37.0,-0.0007480373992354572,-0.0008000000000000229,-0.0006700934980884421,-0.03555555555555556,0.0,0.0,0.0,0.0,0.0,0.0,-2.0
100,escaped,0.17804559799992603,0.9356195574069253,0.9032,0.9842488935173132,0.8577777777777778,1.0,0.0,0.0,0.0,2.0,1.0,58.0,escaped,0.20097630600002958,0.933773113020489,0.9024,0.9808327825512227,0.6577777777777778,1.0,0.0,0.0,0.0,2.0,1.0,56.0,escaped,0.13750721599990356,0.95992,0.9332,1.0,0.08888888888888889,1.0,0.0,0.0,0.0,2.0,1.0,133.0,escaped,0.15463193199980196,0.935408253968254,0.9024,0.984920634920635,0.8533333333333334,1.0,0.0,0.0,0.0,2.0,1.0,56.0,0.001846444386436219,0.0008000000000000229,0.003416110966090402,0.19999999999999996,0.0,0.0,0.0,0.0,0.0,0.0,2.0,-0.024300442593074734,-0.030000000000000027,-0.01575110648268685,0.7688888888888888,0.0,0.0,0.0,0.0,0.0,0.0,-75.0,0.000211303438671262,0.0008000000000000229,-0.0006717414033218239,0.004444444444444362,0.0,0.0,0.0,0.0,0.0,0.0,2.0
101,escaped,0.14709007700002985,0.9306987685774947,0.9012,0.9749469214437367,0.8755555555555555,1.0,0.0,0.0,0.0,2.0,1.0,53.0,escaped,0.2731226930000048,0.9390611066221676,0.9136,0.9772527665554189,1.0,1.0,0.0,0.0,0.0,2.0,1.0,84.0,escaped,0.16864916999998059,0.97384,0.9564,1.0,0.08888888888888889,1.0,0.0,0.0,0.0,2.0,1.0,191.0,escaped,0.20255484099993737,0.9375065226781858,0.9084,0.9811663066954643,1.0,1.0,0.0,0.0,0.0,2.0,1.0,71.0,-0.008362338044672901,-0.012399999999999967,-0.002305845111682192,-0.12444444444444447,0.0,0.0,0.0,0.0,0.0,0.0,-31.0,-0.043141231422505366,-0.05520000000000003,-0.025053078556263264,0.7866666666666666,0.0,0.0,0.0,0.0,0.0,0.0,-138.0,-0.006807754100691121,-0.007199999999999984,-0.006219385251727605,-0.12444444444444447,0.0,0.0,0.0,0.0,0.0,0.0,-18.0
102,escaped,0.24510428600001433,0.9437996626443494,0.92,0.9794991566108733,0.9733333333333334,1.0,0.0,0.0,0.0,2.0,1.0,100.0,escaped,0.36352385000009235,0.9432248357037764,0.9216,0.9756620892594409,1.0,1.0,0.0,0.0,0.0,2.0,1.0,104.0,timeout,0.16049858400015182,0.664,0.44,1.0,0.1111111111111111,0.0,0.0,1.0,0.0,2.0,0.0,200.0,caught,0.10889772199993786,0.4996130049261084,0.18080000000000002,0.9778325123152709,0.9377777777777778,0.0,1.0,0.0,0.0,2.0,0.0,52.0,0.0005748269405730921,-0.0015999999999999348,0.0038370673514324105,-0.026666666666666616,0.0,0.0,0.0,0.0,0.0,0.0,-4.0,0.2797996626443494,0.48000000000000004,-0.02050084338912672,0.8622222222222222,1.0,0.0,-1.0,0.0,0.0,1.0,-100.0,0.44418665771824106,0.7392000000000001,0.0016666442956023708,0.03555555555555556,1.0,-1.0,0.0,0.0,0.0,1.0,48.0
103,escaped,0.29466568399993776,0.9408308969255527,0.912,0.9840772423138816,0.9288888888888889,1.0,0.0,0.0,0.0,2.0,1.0,80.0,escaped,0.27057780500012996,0.9370939738163205,0.9092,0.9789349345408013,0.9511111111111111,1.0,0.0,0.0,0.0,2.0,1.0,73.0,timeout,0.18655677699985063,0.616,0.36,1.0,0.1111111111111111,0.0,0.0,1.0,0.0,1.0,0.0,200.0,escaped,0.15293713100004425,0.9318797651663405,0.9016000000000001,0.9772994129158513,0.9022222222222223,1.0,0.0,0.0,0.0,2.0,1.0,54.0,0.0037369231092321264,0.0028000000000000247,0.005142307773080335,-0.022222222222222254,0.0,0.0,0.0,0.0,0.0,0.0,7.0,0.32483089692555267,0.552,-0.015922757686118394,0.8177777777777777,1.0,0.0,-1.0,0.0,1.0,1.0,-120.0,0.008951131759212139,0.010399999999999965,0.006777829398030288,0.026666666666666616,0.0,0.0,0.0,0.0,0.0,0.0,26.0
104,escaped,0.29776167900013206,0.9484928715291926,0.9296,0.9768321788229816,0.9555555555555556,1.0,0.0,0.0,0.0,2.0,1.0,124.0,escaped,0.18692551399999502,0.9321261197339246,0.9047999999999999,0.9731152993348116,0.9244444444444444,1.0,0.0,0.0,0.0,2.0,1.0,62.0,escaped,0.11871022100012851,0.95368,0.9228,1.0,0.08888888888888889,1.0,0.0,0.0,0.0,2.0,1.0,107.0,caught,0.06188462599993727,0.4013075669383004,0.008,0.9912689173457508,0.6133333333333333,0.0,1.0,0.0,0.0,0.0,0.0,20.0,0.01636675179526803,0.024800000000000044,0.0037168794881700107,0.0311111111111112,0.0,0.0,0.0,0.0,0.0,0.0,62.0,-0.005187128470807378,0.006800000000000028,-0.023167821177018433,0.8666666666666667,0.0,0.0,0.0,0.0,0.0,0.0,17.0,0.5471853045908922,0.9216,-0.014436738522769277,0.3422222222222223,1.0,-1.0,0.0,0.0,2.0,1.0,104.0
105,escaped,0.10343490600007499,0.9321443460350155,0.9016000000000001,0.9779608650875387,0.6,1.0,0.0,0.0,0.0,2.0,1.0,54.0,escaped,0.18689948800010825,0.9309643634275873,0.9036000000000001,0.972010908568968,0.8222222222222222,1.0,0.0,0.0,0.0,2.0,1.0,59.0,timeout,0.177405545000056,0.664,0.44,1.0,0.08888888888888889,0.0,0.0,1.0,0.0,2.0,0.0,200.0,escaped,0.08670187099983195,0.9291401449975834,0.8964,0.9782503624939585,0.6,1.0,0.0,0.0,0.0,2.0,1.0,41.0,0.0011799826074282427,-0.0020000000000000018,0.005949956518570665,-0.2222222222222222,0.0,0.0,0.0,0.0,0.0,0.0,-5.0,0.26814434603501547,0.46160000000000007,-0.022039134912461344,0.5111111111111111,1.0,0.0,-1.0,0.0,0.0,1.0,-146.0,0.0030042010374321526,0.0052000000000000934,-0.00028949740641981414,0.0,0.0,0.0,0.0,0.0,0.0,0.0,13.0
106,escaped,0.1058670989998518,0.9320827337865147,0.9004,0.9796068344662869,0.7155555555555555,1.0,0.0,0.0,0.0,2.0,1.0,51.0,escaped,0.3238332949999858,0.9409961678146525,0.9184,0.9748904195366311,1.0,1.0,0.0,0.0,0.0,2.0,1.0,96.0,escaped,0.07781091700007892,0.94768,0.9128,1.0,0.08888888888888889,1.0,0.0,0.0,0.0,2.0,1.0,82.0,caught,0.031614707000017006,0.3951594366197183,0.0031999999999999884,0.9830985915492958,0.26222222222222225,0.0,1.0,0.0,0.0,0.0,0.0,8.0,-0.008913434028137712,-0.018000000000000016,0.004716414929655799,-0.2844444444444445,0.0,0.0,0.0,0.0,0.0,0.0,-45.0,-0.015597266213485228,-0.012399999999999967,-0.020393165533713065,0.6266666666666666,0.0,0.0,0.0,0.0,0.0,0.0,-31.0,0.5369232971667964,0.8972,-0.003491757083008862,0.45333333333333325,1.0,-1.0,0.0,0.0,2.0,1.0,43.0
107,escaped,0.17042734699998618,0.936435114568005,0.9052,0.9832877864200126,0.8933333333333333,1.0,0.0,0.0,0.0,2.0,1.0,63.0,escaped,0.4563557689998561,0.9466670999020063,0.926,0.9776677497550157,1.0,1.0,0.0,0.0,0.0,2.0,1.0,115.0,timeout,0.19815793599991594,0.616,0.36,1.0,0.1111111111111111,0.0,0.0,1.0,0.0,1.0,0.0,200.0,caught,0.0981724639998447,0.44990990217131954,0.094,0.9837747554282987,0.7555555555555555,0.0,1.0,0.0,0.0,1.0,0.0,35.0,-0.01023198533400127,-0.02080000000000004,0.005620036664996886,-0.10666666666666669,0.0,0.0,0.0,0.0,0.0,0.0,-52.0,0.320435114568005,0.5452,-0.016712213579987423,0.7822222222222222,1.0,0.0,-1.0,0.0,1.0,1.0,-137.0,0.48652521239668545,0.8112,-0.0004869690082861533,0.13777777777777778,1.0,-1.0,0.0,0.0,1.0,1.0,28.0
108,escaped,0.24884363199998916,0.9422185915492958,0.9152,0.9827464788732394,0.9822222222222222,1.0,0.0,0.0,0.0,2.0,1.0,88.0,escaped,0.3072395490000872,0.9421985518905873,0.916,0.9814963797264682,0.9955555555555555,1.0,0.0,0.0,0.0,2.0,1.0,90.0,timeout,0.17172828799994022,0.5680000000000001,0.28,1.0,0.1111111111111111,0.0,0.0,1.0,0.0,0.0,0.0,200.0,caught,0.03282599499993921,0.40216,0.0035999999999999943,1.0,0.3288888888888889,0.0,1.0,0.0,0.0,0.0,0.0,9.0,2.003965870844837e-05,-0.0008000000000000229,0.0012500991467712108,-0.013333333333333308,0.0,0.0,0.0,0.0,0.0,0.0,-2.0,0.3742185915492957,0.6352,-0.017253521126760596,0.8711111111111112,1.0,0.0,-1.0,0.0,2.0,1.0,-112.0,0.5400585915492957,0.9116,-0.017253521126760596,0.6533333333333333,1.0,-1.0,0.0,0.0,2.0,1.0,79.0
109,escaped,0.14555160600002637,0.9332406430868166,0.9024,0.9795016077170418,0.9777777777777777,1.0,0.0,0.0,0.0,2.0,1.0,56.0,escaped,0.14176762300007795,0.9257420473848904,0.8967999999999999,0.9691551184622262,0.84,1.0,0.0,0.0,0.0,2.0,1.0,42.0,escaped,0.1475417760000255,0.9663999999999999,0.944,1.0,0.08888888888888889,1.0,0.0,0.0,0.0,2.0,1.0,160.0,caught,0.036058310000044,0.448078916827853,0.084,0.9941972920696325,0.29333333333333333,0.0,1.0,0.0,0.0,1.0,0.0,10.0,0.007498595701926236,0.005600000000000049,0.010346489254815516,0.13777777777777778,0.0,0.0,0.0,0.0,0.0,0.0,14.0,-0.03315935691318328,-0.04159999999999997,-0.020498392282958244,0.8888888888888888,0.0,0.0,0.0,0.0,0.0,0.0,-104.0,0.48516172625896364,0.8184,-0.014695684352590721,0.6844444444444444,1.0,-1.0,0.0,0.0,1.0,1.0,46.0
110,escaped,0.13074592999987544,0.9272539917695473,0.8984,0.9705349794238683,0.8622222222222222,1.0,0.0,0.0,0.0,2.0,1.0,46.0,escaped,0.08246833999987757,0.9279244582043344,0.892,0.9818111455108359,0.5733333333333334,1.0,0.0,0.0,0.0,2.0,1.0,30.0,escaped,0.1157200670002112,0.95752,0.9292,1.0,0.08888888888888889,1.0,0.0,0.0,0.0,2.0,1.0,123.0,caught,0.03096126099990215,0.4012,0.002,1.0,0.27111111111111114,0.0,1.0,0.0,0.0,0.0,0.0,5.0,-0.0006704664347871869,0.006399999999999961,-0.011276166086967576,0.28888888888888886,0.0,0.0,0.0,0.0,0.0,0.0,16.0,-0.03026600823045278,-0.03080000000000005,-0.02946502057613165,0.7733333333333333,0.0,0.0,0.0,0.0,0.0,0.0,-77.0,0.5260539917695473,0.8964,-0.02946502057613165,0.5911111111111111,1.0,-1.0,0.0,0.0,2.0,1.0,41.0
111,escaped,0.09255601699987892,0.9306226619071902,0.8944,0.9849566547679756,0.6844444444444444,1.0,0.0,0.0,0.0,2.0,1.0,36.0,escaped,0.1695293949999268,0.9339436323851205,0.8972,0.9890590809628009,0.6444444444444445,1.0,0.0,0.0,0.0,2.0,1.0,43.0,escaped,0.16671232699991378,0.9616,0.936,1.0,0.08888888888888889,1.0,0.0,0.0,0.0,2.0,1.0,140.0,escaped,0.10047539400011374,0.930711045233836,0.8944,0.9851776130845898,0.68,1.0,0.0,0.0,0.0,2.0,1.0,36.0,-0.0033209704779302296,-0.0028000000000000247,-0.00410242619482537,0.039999999999999925,0.0,0.0,0.0,0.0,0.0,0.0,-7.0,-0.03097733809280978,-0.04160000000000008,-0.015043345232024441,0.5955555555555555,0.0,0.0,0.0,0.0,0.0,0.0,-104.0,-8.838332664573567e-05,0.0,-0.00022095831661428367,0.004444444444444362,0.0,0.0,0.0,0.0,0.0,0.0,0.0
112,escaped,0.2305892499998663,0.9374509653753244,0.9112,0.9768274134383108,0.96,1.0,0.0,0.0,0.0,2.0,1.0,78.0,escaped,0.19781452999995963,0.9319339470013948,0.9032,0.9750348675034868,0.8488888888888889,1.0,0.0,0.0,0.0,2.0,1.0,58.0,timeout,0.18442906999985098,0.664,0.44,1.0,0.1111111111111111,0.0,0.0,1.0,0.0,2.0,0.0,200.0,escaped,0.11439635499982614,0.9264448780487805,0.8964,0.9715121951219512,0.8088888888888889,1.0,0.0,0.0,0.0,2.0,1.0,41.0,0.005517018373929594,0.008000000000000007,0.0017925459348240302,0.11111111111111105,0.0,0.0,0.0,0.0,0.0,0.0,20.0,0.2734509653753243,0.4712,-0.02317258656168919,0.8488888888888888,1.0,0.0,-1.0,0.0,0.0,1.0,-122.0,0.011006087326543845,0.014800000000000035,0.005315218316359616,0.15111111111111108,0.0,0.0,0.0,0.0,0.0,0.0,37.0
113,escaped,0.14505667499997799,0.9311331529656608,0.9056000000000001,0.9694328824141519,0.9822222222222222,1.0,0.0,0.0,0.0,2.0,1.0,64.0,caught,0.1983197309998559,0.5052283631165118,0.18919999999999998,0.9792709077912795,0.7822222222222223,0.0,1.0,0.0,0.0,2.0,0.0,73.0,escaped,0.1673118380001597,0.97528,0.9588,1.0,0.08888888888888889,1.0,0.0,0.0,0.0,2.0,1.0,197.0,caught,0.031634223999844835,0.39374199134199134,0.004,0.9783549783549783,0.3022222222222222,0.0,1.0,0.0,0.0,0.0,0.0,10.0,0.42590478984914903,0.7164000000000001,-0.009838025377127524,0.19999999999999996,1.0,-1.0,0.0,0.0,0.0,1.0,-9.0,-0.04414684703433924,-0.053199999999999914,-0.03056711758584807,0.8933333333333333,0.0,0.0,0.0,0.0,0.0,0.0,-133.0,0.5373911616236695,0.9016000000000001,-0.00892209594082638,0.6799999999999999,1.0,-1.0,0.0,0.0,2.0,1.0,54.0
114,escaped,0.08758792000003268,0.9328760308710032,0.8967999999999999,0.9869900771775083,0.7511111111111111,1.0,0.0,0.0,0.0,2.0,1.0,42.0,escaped,0.14777080099997875,0.9343866357308583,0.9024,0.9823665893271462,0.7555555555555555,1.0,0.0,0.0,0.0,2.0,1.0,56.0,caught,0.13654545999997936,0.53704,0.2284,1.0,0.08888888888888889,0.0,1.0,0.0,0.0,2.0,0.0,171.0,escaped,0.11521215600009782,0.9296982711066264,0.8992,0.9754456777665658,0.8711111111111111,1.0,0.0,0.0,0.0,2.0,1.0,48.0,-0.0015106048598551025,-0.005600000000000049,0.004623487850362151,-0.004444444444444473,0.0,0.0,0.0,0.0,0.0,0.0,-14.0,0.3958360308710033,0.6683999999999999,-0.013009922822491693,0.6622222222222222,1.0,-1.0,0.0,0.0,0.0,1.0,-129.0,0.003177759764376842,-0.0024000000000000687,0.01154439941094254,-0.12,0.0,0.0,0.0,0.0,0.0,0.0,-6.0
115,escaped,0.19200647599996046,0.9405294011976048,0.9107999999999999,0.985123502994012,0.8888888888888888,1.0,0.0,0.0,0.0,2.0,1.0,77.0,escaped,0.24606847299992296,0.9415564294140779,0.91,0.9888910735351947,0.8755555555555555,1.0,0.0,0.0,0.0,2.0,1.0,75.0,caught,0.09336437399997521,0.46888,0.11480000000000001,1.0,0.08888888888888889,0.0,1.0,0.0,0.0,1.0,0.0,87.0,caught,0.08307944700004555,0.4995756317795368,0.1728,0.989739079448842,0.8355555555555556,0.0,1.0,0.0,0.0,2.0,0.0,32.0,-0.0010270282164731581,0.0007999999999999119,-0.0037675705411827076,0.013333333333333308,0.0,0.0,0.0,0.0,0.0,0.0,2.0,0.47164940119760473,0.7959999999999999,-0.014876497005988032,0.7999999999999999,1.0,-1.0,0.0,0.0,1.0,1.0,-10.0,0.44095376941806796,0.738,-0.004615576454830017,0.05333333333333323,1.0,-1.0,0.0,0.0,0.0,1.0,45.0
116,escaped,0.06902624800000012,0.9281594741166803,0.8904,0.9847986852917009,0.6222222222222222,1.0,0.0,0.0,0.0,2.0,1.0,26.0,escaped,0.1789484440000706,0.9399631625771272,0.9052,0.9921079064428182,0.8844444444444445,1.0,0.0,0.0,0.0,2.0,1.0,63.0,escaped,0.09290416299995741,0.94888,0.9148,1.0,0.08888888888888889,1.0,0.0,0.0,0.0,2.0,1.0,87.0,escaped,0.07010248100004901,0.9279864031620553,0.8892,0.9861660079051383,0.6222222222222222,1.0,0.0,0.0,0.0,2.0,1.0,23.0,-0.011803688460446882,-0.014800000000000035,-0.007309221151117318,-0.26222222222222225,0.0,0.0,0.0,0.0,0.0,0.0,-37.0,-0.02072052588331963,-0.024399999999999977,-0.015201314708299107,0.5333333333333333,0.0,0.0,0.0,0.0,0.0,0.0,-61.0,0.00017307095462504307,0.0011999999999999789,-0.0013673226134374161,0.0,0.0,0.0,0.0,0.0,0.0,0.0,3.0
117,escaped,0.28642306999995526,0.9412207443563149,0.912,0.9850518608907871,0.9822222222222222,1.0,0.0,0.0,0.0,2.0,1.0,80.0,escaped,0.15193181099994035,0.9347813225371121,0.8976000000000001,0.99055330634278,0.6533333333333333,1.0,0.0,0.0,0.0,2.0,1.0,44.0,escaped,0.09385554100003901,0.94648,0.9107999999999999,1.0,0.08888888888888889,1.0,0.0,0.0,0.0,2.0,1.0,77.0,escaped,0.26308550899989314,0.9408580397100536,0.9112,0.9853450992751339,0.9822222222222222,1.0,0.0,0.0,0.0,2.0,1.0,78.0,0.006439421819202762,0.014399999999999968,-0.005501445451992937,0.3288888888888889,0.0,0.0,0.0,0.0,0.0,0.0,36.0,-0.0052592556436851234,0.0012000000000000899,-0.014948139109212888,0.8933333333333333,0.0,0.0,0.0,0.0,0.0,0.0,3.0,0.0003627046462613137,0.0008000000000000229,-0.0002932383843468056,0.0,0.0,0.0,0.0,0.0,0.0,0.0,2.0
118,escaped,0.08762497500015343,0.9322935526664897,0.896,0.9867338816662244,0.6133333333333333,1.0,0.0,0.0,0.0,2.0,1.0,40.0,escaped,0.22462333199996465,0.9354239618896387,0.9064,0.9789599047240969,0.76,1.0,0.0,0.0,0.0,2.0,1.0,66.0,timeout,0.20217437800010885,0.664,0.44,1.0,0.08888888888888889,0.0,0.0,1.0,0.0,2.0,0.0,200.0,escaped,0.08222200199998042,0.9329271788332801,0.8947999999999999,0.9901179470832006,0.5333333333333333,1.0,0.0,0.0,0.0,2.0,1.0,37.0,-0.003130409223149,-0.010399999999999965,0.007773976942127558,-0.14666666666666672,0.0,0.0,0.0,0.0,0.0,0.0,-26.0,0.2682935526664897,0.456,-0.013266118333775556,0.5244444444444444,1.0,0.0,-1.0,0.0,0.0,1.0,-160.0,-0.0006336261667904131,0.0012000000000000899,-0.003384065416976112,0.07999999999999996,0.0,0.0,0.0,0.0,0.0,0.0,3.0
119,escaped,0.055718085999842515,0.9333250843644545,0.89,0.9983127109111362,0.4266666666666667,1.0,0.0,0.0,0.0,2.0,1.0,25.0,escaped,0.05232120899995607,0.9320715407854985,0.8887999999999999,0.9969788519637462,0.4088888888888889,1.0,0.0,0.0,0.0,2.0,1.0,22.0,timeout,0.222584334999965,0.664,0.44,1.0,0.08888888888888889,0.0,0.0,1.0,0.0,2.0,0.0,200.0,escaped,0.05089873199995054,0.9296260122699386,0.8867999999999999,0.9938650306748467,0.40444444444444444,1.0,0.0,0.0,0.0,2.0,1.0,17.0,0.0012535435789560179,0.0012000000000000899,0.0013338589473899098,0.01777777777777778,0.0,0.0,0.0,0.0,0.0,0.0,3.0,0.26932508436445446,0.45,-0.0016872890888638414,0.3377777777777778,1.0,0.0,-1.0,0.0,0.0,1.0,-175.0,0.0036990720945159206,0.0032000000000000917,0.004447680236289497,0.022222222222222254,0.0,0.0,0.0,0.0,0.0,0.0,8.0
120,caught,0.1208713749999788,0.499015857058708,0.1772,0.98173964264677,0.8444444444444444,0.0,1.0,0.0,0.0,2.0,0.0,43.0,escaped,0.19241918400007307,0.9338752424706482,0.904,0.9786881061766207,0.9822222222222222,1.0,0.0,0.0,0.0,2.0,1.0,60.0,timeout,0.1738333999999213,0.664,0.44,1.0,0.1111111111111111,0.0,0.0,1.0,0.0,2.0,0.0,200.0,escaped,0.13534367799979918,0.9324178059314714,0.9007999999999999,0.9798445148286784,0.9511111111111111,1.0,0.0,0.0,0.0,2.0,1.0,52.0,-0.43485938541194025,-0.7268,0.0030515364701493297,-0.13777777777777778,-1.0,1.0,0.0,0.0,0.0,-1.0,-17.0,-0.16498414294129204,-0.26280000000000003,-0.01826035735322995,0.7333333333333334,0.0,1.0,-1.0,0.0,0.0,0.0,-157.0,-0.4334019488727634,-0.7235999999999999,0.0018951278180916464,-0.10666666666666669,-1.0,1.0,0.0,0.0,0.0,-1.0,-9.0
121,escaped,0.12914842200007115,0.9325855420966054,0.9016000000000001,0.9790638552415134,0.8088888888888889,1.0,0.0,0.0,0.0,2.0,1.0,54.0,caught,0.12944634000018596,0.4544108057755007,0.1,0.9860270144387517,0.76,0.0,1.0,0.0,0.0,1.0,0.0,50.0,caught,0.1037081679999119,0.47248,0.1208,1.0,0.08888888888888889,0.0,1.0,0.0,0.0,1.0,0.0,102.0,caught,0.05811114500011172,0.4480334123847167,0.0884,0.9874835309617919,0.5688888888888889,0.0,1.0,0.0,0.0,1.0,0.0,21.0,0.4781747363211047,0.8016000000000001,-0.006963159197238333,0.04888888888888887,1.0,-1.0,0.0,0.0,1.0,1.0,4.0,0.46010554209660537,0.7808,-0.020936144758486597,0.72,1.0,-1.0,0.0,0.0,1.0,1.0,-48.0,0.48455212971188866,0.8132,-0.008419675720278463,0.24,1.0,-1.0,0.0,0.0,1.0,1.0,33.0
122,escaped,0.16698649099998875,0.9372017541834967,0.9067999999999999,0.982804385458742,0.9688888888888889,1.0,0.0,0.0,0.0,2.0,1.0,67.0,escaped,0.16796416200008935,0.9310610604777232,0.9007999999999999,0.976452651194308,0.8977777777777778,1.0,0.0,0.0,0.0,2.0,1.0,52.0,timeout,0.177740730999858,0.664,0.44,1.0,0.1111111111111111,0.0,0.0,1.0,0.0,2.0,0.0,200.0,escaped,0.16192422600011014,0.9370245068394529,0.9056000000000001,0.9841612670986322,0.9777777777777777,1.0,0.0,0.0,0.0,2.0,1.0,64.0,0.006140693705773526,0.006000000000000005,0.006351734264434028,0.07111111111111112,0.0,0.0,0.0,0.0,0.0,0.0,15.0,0.2732017541834967,0.46679999999999994,-0.017195614541257953,0.8577777777777778,1.0,0.0,-1.0,0.0,0.0,1.0,-133.0,0.00017724734404378495,0.0011999999999998678,-0.0013568816398901173,-0.008888888888888835,0.0,0.0,0.0,0.0,0.0,0.0,3.0
123,escaped,0.06479567800010955,0.9279899686520376,0.892,0.981974921630094,0.5333333333333333,1.0,0.0,0.0,0.0,2.0,1.0,30.0,escaped,0.06633946800002377,0.9276,0.892,0.981,0.4177777777777778,1.0,0.0,0.0,0.0,2.0,1.0,30.0,timeout,0.16870410900014576,0.664,0.44,1.0,0.1111111111111111,0.0,0.0,1.0,0.0,2.0,0.0,200.0,escaped,0.05590693099998134,0.9288372615039282,0.89,0.9870931537598204,0.4266666666666667,1.0,0.0,0.0,0.0,2.0,1.0,25.0,0.0003899686520376644,0.0,0.00097492163009405,0.11555555555555552,0.0,0.0,0.0,0.0,0.0,0.0,0.0,0.2639899686520376,0.452,-0.018025078369905967,0.4222222222222222,1.0,0.0,-1.0,0.0,0.0,1.0,-170.0,-0.0008472928518905576,0.0020000000000000018,-0.005118232129726397,0.10666666666666663,0.0,0.0,0.0,0.0,0.0,0.0,5.0
124,escaped,0.14778308000018114,0.9337648569136133,0.902,0.9814121422840332,0.9333333333333333,1.0,0.0,0.0,0.0,2.0,1.0,55.0,escaped,0.16956933900019067,0.9357409795191451,0.9024,0.9857524487978628,0.9022222222222223,1.0,0.0,0.0,0.0,2.0,1.0,56.0,timeout,0.17737030300008882,0.664,0.44,1.0,0.1111111111111111,0.0,0.0,1.0,0.0,2.0,0.0,200.0,escaped,0.14090100300018094,0.9333641905823349,0.9012,0.9816104764558373,0.9333333333333333,1.0,0.0,0.0,0.0,2.0,1.0,53.0,-0.001976122605531816,-0.00039999999999995595,-0.0043403065138296615,0.03111111111111109,0.0,0.0,0.0,0.0,0.0,0.0,-1.0,0.2697648569136133,0.462,-0.018587857715966827,0.8222222222222222,1.0,0.0,-1.0,0.0,0.0,1.0,-145.0,0.0004006663312784431,0.0008000000000000229,-0.0001983341718041487,0.0,0.0,0.0,0.0,0.0,0.0,0.0,2.0
125,escaped,0.11782265900001221,0.9366170251884538,0.9,0.9915425629711344,0.8533333333333334,1.0,0.0,0.0,0.0,2.0,1.0,50.0,escaped,0.3785198460000174,0.9451616892106434,0.9216,0.9805042230266082,0.9511111111111111,1.0,0.0,0.0,0.0,2.0,1.0,104.0,escaped,0.18605799600004502,0.97576,0.9596,1.0,0.08888888888888889,1.0,0.0,0.0,0.0,2.0,1.0,199.0,escaped,0.13632570300001134,0.9352902452316076,0.8976000000000001,0.9918256130790191,0.8533333333333334,1.0,0.0,0.0,0.0,2.0,1.0,44.0,-0.008544664022189563,-0.021599999999999953,0.011038339944526188,-0.09777777777777774,0.0,0.0,0.0,0.0,0.0,0.0,-54.0,-0.03914297481154616,-0.059599999999999986,-0.008457437028865589,0.7644444444444445,0.0,0.0,0.0,0.0,0.0,0.0,-149.0,0.001326779956846158,0.0023999999999999577,-0.00028305010788465257,0.0,0.0,0.0,0.0,0.0,0.0,0.0,6.0
126,escaped,0.1666161389998706,0.9323175308641976,0.9052,0.9729938271604939,0.8266666666666667,1.0,0.0,0.0,0.0,2.0,1.0,63.0,escaped,0.2493641620001199,0.9364865842252936,0.908,0.979216460563234,0.9911111111111112,1.0,0.0,0.0,0.0,2.0,1.0,70.0,escaped,0.12710471499985943,0.95896,0.9316,1.0,0.08888888888888889,1.0,0.0,0.0,0.0,2.0,1.0,129.0,escaped,0.09712154599992573,0.9316032523199294,0.8972,0.9832081307998233,0.6577777777777778,1.0,0.0,0.0,0.0,2.0,1.0,43.0,-0.004169053361096076,-0.0028000000000000247,-0.0062226334027400965,-0.1644444444444445,0.0,0.0,0.0,0.0,0.0,0.0,-7.0,-0.026642469135802482,-0.02639999999999998,-0.027006172839506126,0.7377777777777778,0.0,0.0,0.0,0.0,0.0,0.0,-66.0,0.0007142785442681987,0.008000000000000007,-0.010214303639329403,0.16888888888888887,0.0,0.0,0.0,0.0,0.0,0.0,20.0
127,escaped,0.14141729999983,0.934794381270903,0.9007999999999999,0.9857859531772575,0.9733333333333334,1.0,0.0,0.0,0.0,2.0,1.0,52.0,escaped,0.1831133260000115,0.9328434163252441,0.9032,0.9773085408131106,0.8177777777777778,1.0,0.0,0.0,0.0,2.0,1.0,58.0,escaped,0.15209629400010272,0.96568,0.9428,1.0,0.08888888888888889,1.0,0.0,0.0,0.0,2.0,1.0,157.0,escaped,0.13666101099988737,0.9336624390243903,0.8996000000000001,0.9847560975609756,0.9644444444444444,1.0,0.0,0.0,0.0,2.0,1.0,49.0,0.0019509649456588285,-0.0024000000000000687,0.008477412364146897,0.15555555555555556,0.0,0.0,0.0,0.0,0.0,0.0,-6.0,-0.03088561872909701,-0.04200000000000004,-0.014214046822742521,0.8844444444444445,0.0,0.0,0.0,0.0,0.0,0.0,-105.0,0.001131942246512696,0.0011999999999998678,0.0010298556162818828,0.008888888888888946,0.0,0.0,0.0,0.0,0.0,0.0,3.0
128,escaped,0.2208423679999214,0.9392484835402051,0.9107999999999999,0.9819212088505127,0.9244444444444444,1.0,0.0,0.0,0.0,2.0,1.0,77.0,escaped,0.15266924899992773,0.931097318321392,0.8984,0.98014329580348,0.7244444444444444,1.0,0.0,0.0,0.0,2.0,1.0,46.0,timeout,0.17260542200006057,0.616,0.36,1.0,0.1111111111111111,0.0,0.0,1.0,0.0,1.0,0.0,200.0,escaped,0.1877644710000368,0.9348905362351357,0.9036000000000001,0.9818263405878394,0.9866666666666667,1.0,0.0,0.0,0.0,2.0,1.0,59.0,0.008151165218813095,0.012399999999999967,0.0017779130470326754,0.19999999999999996,0.0,0.0,0.0,0.0,0.0,0.0,31.0,0.3232484835402051,0.5508,-0.018078791149487294,0.8133333333333332,1.0,0.0,-1.0,0.0,1.0,1.0,-123.0,0.004357947305069332,0.007199999999999873,9.486826267335324e-05,-0.06222222222222229,0.0,0.0,0.0,0.0,0.0,0.0,18.0
129,escaped,0.05829519100007019,0.9308217934165721,0.89,0.9920544835414302,0.41333333333333333,1.0,0.0,0.0,0.0,2.0,1.0,25.0,escaped,0.07692337799994675,0.9312151802656546,0.892,0.9900379506641366,0.4488888888888889,1.0,0.0,0.0,0.0,2.0,1.0,30.0,escaped,0.091756642999826,0.94816,0.9136,1.0,0.08888888888888889,1.0,0.0,0.0,0.0,2.0,1.0,84.0,caught,0.042902987000161374,0.49845297052154197,0.1656,0.9977324263038548,0.4488888888888889,0.0,1.0,0.0,0.0,2.0,0.0,14.0,-0.0003933868490825221,-0.0020000000000000018,0.002016532877293642,-0.03555555555555556,0.0,0.0,0.0,0.0,0.0,0.0,-5.0,-0.017338206583427884,-0.023599999999999954,-0.007945516458569779,0.3244444444444444,0.0,0.0,0.0,0.0,0.0,0.0,-59.0,0.43236882289503015,0.7244,-0.005677942762424615,-0.03555555555555556,1.0,-1.0,0.0,0.0,0.0,1.0,11.0
130,escaped,0.2260646459999407,0.9410428674989931,0.9128,0.9834071687474829,0.9911111111111112,1.0,0.0,0.0,0.0,2.0,1.0,82.0,caught,0.17613552200009508,0.4529623805794832,0.1008,0.9812059514487079,0.8311111111111111,0.0,1.0,0.0,0.0,1.0,0.0,52.0,escaped,0.10140725800010841,0.95032,0.9172,1.0,0.08888888888888889,1.0,0.0,0.0,0.0,2.0,1.0,93.0,caught,0.0986606930000562,0.45239995591071924,0.09559999999999999,0.987599889776798,0.6888888888888889,0.0,1.0,0.0,0.0,1.0,0.0,39.0,0.48808048691950995,0.8119999999999999,0.0022012172987749823,0.16000000000000003,1.0,-1.0,0.0,0.0,1.0,1.0,30.0,-0.009277132501006924,-0.0044000000000000705,-0.016592831252517093,0.9022222222222223,0.0,0.0,0.0,0.0,0.0,0.0,-11.0,0.4886429115882739,0.8171999999999999,-0.004192721029315116,0.3022222222222223,1.0,-1.0,0.0,0.0,1.0,1.0,43.0
131,escaped,0.10609352299979946,0.932025325334564,0.8944,0.9884633133364098,0.9022222222222223,1.0,0.0,0.0,0.0,2.0,1.0,36.0,escaped,0.12628248199985137,0.9343035691465085,0.8972,0.9899589228662711,0.76,1.0,0.0,0.0,0.0,2.0,1.0,43.0,escaped,0.1617614770000273,0.97096,0.9516,1.0,0.08888888888888889,1.0,0.0,0.0,0.0,2.0,1.0,179.0,escaped,0.09040948599999865,0.9310467953667954,0.8927999999999999,0.9884169884169884,0.8666666666666667,1.0,0.0,0.0,0.0,2.0,1.0,32.0,-0.0022782438119445247,-0.0028000000000000247,-0.0014956095298612748,0.14222222222222225,0.0,0.0,0.0,0.0,0.0,0.0,-7.0,-0.0389346746654361,-0.05720000000000003,-0.011536686663590201,0.8133333333333334,0.0,0.0,0.0,0.0,0.0,0.0,-143.0,0.0009785299677685932,0.0016000000000000458,4.632491942135886e-05,0.03555555555555556,0.0,0.0,0.0,0.0,0.0,0.0,4.0
132,escaped,0.047759334000147646,0.929820640569395,0.886,0.9955516014234875,0.5155555555555555,1.0,0.0,0.0,0.0,2.0,1.0,15.0,escaped,0.12250457599998299,0.932893925570228,0.8967999999999999,0.9870348139255702,0.7644444444444445,1.0,0.0,0.0,0.0,2.0,1.0,42.0,escaped,0.07308719299999211,0.94312,0.9052,1.0,0.08888888888888889,1.0,0.0,0.0,0.0,2.0,1.0,63.0,escaped,0.049492874999941705,0.9285297041420117,0.8867999999999999,0.9911242603550295,0.5244444444444445,1.0,0.0,0.0,0.0,2.0,1.0,17.0,-0.003073285000833037,-0.01079999999999992,0.008516787497917289,-0.24888888888888894,0.0,0.0,0.0,0.0,0.0,0.0,-27.0,-0.013299359430605007,-0.019199999999999995,-0.004448398576512469,0.42666666666666664,0.0,0.0,0.0,0.0,0.0,0.0,-48.0,0.0012909364273832047,-0.0007999999999999119,0.004427341068457991,-0.008888888888888946,0.0,0.0,0.0,0.0,0.0,0.0,-2.0
133,escaped,0.09915804299998854,0.9269273002060912,0.8976000000000001,0.9709182505152278,0.7244444444444444,1.0,0.0,0.0,0.0,2.0,1.0,44.0,escaped,0.3701471760000459,0.9402927066279376,0.9184,0.9731317665698442,1.0,1.0,0.0,0.0,0.0,2.0,1.0,96.0,escaped,0.14064819899999748,0.964,0.94,1.0,0.08888888888888889,1.0,0.0,0.0,0.0,2.0,1.0,150.0,escaped,0.08980492900013815,0.9261749784646567,0.8952,0.9726374461616417,0.7155555555555555,1.0,0.0,0.0,0.0,2.0,1.0,38.0,-0.01336540642184647,-0.02079999999999993,-0.0022135160546163934,-0.27555555555555555,0.0,0.0,0.0,0.0,0.0,0.0,-52.0,-0.037072699793908814,-0.04239999999999988,-0.029081749484772157,0.6355555555555555,0.0,0.0,0.0,0.0,0.0,0.0,-106.0,0.0007523217414344696,0.0024000000000000687,-0.0017191956464138736,0.008888888888888946,0.0,0.0,0.0,0.0,0.0,0.0,6.0
134,escaped,0.0712798589997874,0.928010193050193,0.8916000000000001,0.9826254826254827,0.56,1.0,0.0,0.0,0.0,2.0,1.0,29.0,escaped,0.08612743800017597,0.9317909859154929,0.8916000000000001,0.9920774647887324,0.52,1.0,0.0,0.0,0.0,2.0,1.0,29.0,escaped,0.08386684399988553,0.94744,0.9124,1.0,0.08888888888888889,1.0,0.0,0.0,0.0,2.0,1.0,81.0,escaped,0.053810699999985445,0.9295005076142131,0.888,0.991751269035533,0.5644444444444444,1.0,0.0,0.0,0.0,2.0,1.0,20.0,-0.0037807928652998646,0.0,-0.009451982163249717,0.040000000000000036,0.0,0.0,0.0,0.0,0.0,0.0,0.0,-0.019429806949806894,-0.02079999999999993,-0.01737451737451734,0.47111111111111115,0.0,0.0,0.0,0.0,0.0,0.0,-52.0,-0.0014903145640200455,0.0036000000000000476,-0.009125786410050352,-0.004444444444444362,0.0,0.0,0.0,0.0,0.0,0.0,9.0
135,escaped,0.333041238000078,0.9512684621270084,0.9264,0.988571155317521,0.9733333333333334,1.0,0.0,0.0,0.0,2.0,1.0,116.0,escaped,0.26629925699990054,0.9385378935095221,0.91,0.9813447337738049,0.9688888888888889,1.0,0.0,0.0,0.0,2.0,1.0,75.0,escaped,0.08894359800001439,0.94888,0.9148,1.0,0.08888888888888889,1.0,0.0,0.0,0.0,2.0,1.0,87.0,caught,0.1320966060000046,0.4530516649141255,0.098,0.9856291622853137,0.9111111111111111,0.0,1.0,0.0,0.0,1.0,0.0,45.0,0.012730568617486338,0.01639999999999997,0.0072264215437161106,0.004444444444444473,0.0,0.0,0.0,0.0,0.0,0.0,41.0,0.002388462127008495,0.011600000000000055,-0.011428844682478956,0.8844444444444445,0.0,0.0,0.0,0.0,0.0,0.0,29.0,0.4982167972128829,0.8284,0.002941993032207324,0.06222222222222229,1.0,-1.0,0.0,0.0,1.0,1.0,71.0
136,escaped,0.09270232299991221,0.9330244761314321,0.9016000000000001,0.9801611903285803,0.5333333333333333,1.0,0.0,0.0,0.0,2.0,1.0,54.0,caught,0.13355784400005177,0.44933745412401005,0.1,0.9733436353100251,0.7911111111111111,0.0,1.0,0.0,0.0,1.0,0.0,50.0,timeout,0.17082404899997528,0.616,0.36,1.0,0.1111111111111111,0.0,0.0,1.0,0.0,1.0,0.0,200.0,escaped,0.06851013699997566,0.9300819034670291,0.8947999999999999,0.9830047586675731,0.5377777777777778,1.0,0.0,0.0,0.0,2.0,1.0,37.0,0.4836870220074221,0.8016000000000001,0.006817555018555188,-0.2577777777777778,1.0,-1.0,0.0,0.0,1.0,1.0,4.0,0.31702447613143214,0.5416000000000001,-0.01983880967141971,0.4222222222222222,1.0,0.0,-1.0,0.0,1.0,1.0,-146.0,0.0029425726644030092,0.006800000000000139,-0.002843568338992797,-0.004444444444444473,0.0,0.0,0.0,0.0,0.0,0.0,17.0
137,escaped,0.24596792799979994,0.936716217662801,0.9087999999999999,0.9785905441570026,0.92,1.0,0.0,0.0,0.0,2.0,1.0,72.0,escaped,0.3750168820001818,0.9432907355807407,0.9192,0.9794268389518516,0.9733333333333334,1.0,0.0,0.0,0.0,2.0,1.0,98.0,timeout,0.21271871299995837,0.664,0.44,1.0,0.1111111111111111,0.0,0.0,1.0,0.0,2.0,0.0,200.0,escaped,0.15854405999994015,0.9292123943661972,0.9007999999999999,0.971830985915493,0.92,1.0,0.0,0.0,0.0,2.0,1.0,52.0,-0.006574517917939726,-0.010400000000000076,-0.0008362947948489241,-0.053333333333333344,0.0,0.0,0.0,0.0,0.0,0.0,-26.0,0.27271621766280096,0.46879999999999994,-0.02140945584299736,0.808888888888889,1.0,0.0,-1.0,0.0,0.0,1.0,-128.0,0.007503823296603818,0.008000000000000007,0.0067595582415096445,0.0,0.0,0.0,0.0,0.0,0.0,0.0,20.0
138,escaped,0.08405743500020435,0.9319282219190541,0.8964,0.9852205547976353,0.6755555555555556,1.0,0.0,0.0,0.0,2.0,1.0,41.0,escaped,0.11468446200001381,0.9301548728724522,0.8976000000000001,0.9789871821811305,0.7511111111111111,1.0,0.0,0.0,0.0,2.0,1.0,44.0,escaped,0.12416696300010699,0.96304,0.9384,1.0,0.08888888888888889,1.0,0.0,0.0,0.0,2.0,1.0,146.0,escaped,0.08360438599993358,0.9319282219190541,0.8964,0.9852205547976353,0.6755555555555556,1.0,0.0,0.0,0.0,2.0,1.0,41.0,0.0017733490466018687,-0.0012000000000000899,0.0062333726165048065,-0.07555555555555549,0.0,0.0,0.0,0.0,0.0,0.0,-3.0,-0.031111778080945895,-0.04200000000000004,-0.014779445202364738,0.5866666666666667,0.0,0.0,0.0,0.0,0.0,0.0,-105.0,0.0,0.0,0.0,0.0,0.0,0.0,0.0,0.0,0.0,0.0,0.0
139,escaped,0.12439283599996998,0.9305435294117648,0.9012,0.9745588235294118,0.9022222222222223,1.0,0.0,0.0,0.0,2.0,1.0,53.0,escaped,0.15425267899991013,0.93329541516765,0.9036000000000001,0.977838537919125,0.9288888888888889,1.0,0.0,0.0,0.0,2.0,1.0,59.0,escaped,0.07649531299989576,0.94768,0.9128,1.0,0.08888888888888889,1.0,0.0,0.0,0.0,2.0,1.0,82.0,escaped,0.12111184200011849,0.9306023529411764,0.9012,0.9747058823529412,0.9022222222222223,1.0,0.0,0.0,0.0,2.0,1.0,53.0,-0.0027518857558852527,-0.0024000000000000687,-0.0032797143897131953,-0.026666666666666616,0.0,0.0,0.0,0.0,0.0,0.0,-6.0,-0.017136470588235198,-0.011599999999999944,-0.02544117647058819,0.8133333333333334,0.0,0.0,0.0,0.0,0.0,0.0,-29.0,-5.88235294116668e-05,0.0,-0.00014705882352938904,0.0,0.0,0.0,0.0,0.0,0.0,0.0,0.0
140,escaped,0.07345045099987146,0.9293264212076583,0.8936000000000001,0.9829160530191458,0.7777777777777778,1.0,0.0,0.0,0.0,2.0,1.0,34.0,escaped,0.1203300180000042,0.9355423385426473,0.8996000000000001,0.9894558463566183,0.8711111111111111,1.0,0.0,0.0,0.0,2.0,1.0,49.0,escaped,0.13017783500004043,0.96592,0.9432,1.0,0.08888888888888889,1.0,0.0,0.0,0.0,2.0,1.0,158.0,escaped,0.07737481399999524,0.9293466585514303,0.8932,0.9835666463785758,0.7777777777777778,1.0,0.0,0.0,0.0,2.0,1.0,33.0,-0.006215917334989052,-0.006000000000000005,-0.006539793337472566,-0.09333333333333327,0.0,0.0,0.0,0.0,0.0,0.0,-15.0,-0.03659357879234171,-0.04959999999999998,-0.017083946980854248,0.6888888888888889,0.0,0.0,0.0,0.0,0.0,0.0,-124.0,-2.023734377198938e-05,0.00040000000000006697,-0.0006505933594300739,0.0,0.0,0.0,0.0,0.0,0.0,0.0,1.0
141,escaped,0.17637342200009698,0.9395265823661875,0.9092,0.9850164559154686,0.9688888888888889,1.0,0.0,0.0,0.0,2.0,1.0,73.0,escaped,0.2841561340001135,0.9413796148454217,0.9144,0.9818490371135542,0.9822222222222222,1.0,0.0,0.0,0.0,2.0,1.0,86.0,timeout,0.17202312599988545,0.616,0.36,1.0,0.1111111111111111,0.0,0.0,1.0,0.0,1.0,0.0,200.0,caught,0.08139810600005148,0.4507862128064747,0.0948,0.9847655320161867,0.8266666666666667,0.0,1.0,0.0,0.0,1.0,0.0,37.0,-0.0018530324792341846,-0.005199999999999982,0.003167418801914401,-0.013333333333333308,0.0,0.0,0.0,0.0,0.0,0.0,-13.0,0.3235265823661875,0.5492,-0.014983544084531397,0.8577777777777778,1.0,0.0,-1.0,0.0,1.0,1.0,-127.0,0.4887403695597128,0.8144,0.0002509238992819407,0.14222222222222225,1.0,-1.0,0.0,0.0,1.0,1.0,36.0
142,escaped,0.10184570200021881,0.9346352903484182,0.8976000000000001,0.9901882258710453,0.7155555555555555,1.0,0.0,0.0,0.0,2.0,1.0,44.0,escaped,0.10486129399987476,0.9306169517809546,0.8967999999999999,0.9813423794523867,0.6577777777777778,1.0,0.0,0.0,0.0,2.0,1.0,42.0,timeout,0.17497050400015723,0.664,0.44,1.0,0.1111111111111111,0.0,0.0,1.0,0.0,2.0,0.0,200.0,escaped,0.10683465500005696,0.9346352903484182,0.8976000000000001,0.9901882258710453,0.7155555555555555,1.0,0.0,0.0,0.0,2.0,1.0,44.0,0.004018338567463586,0.0008000000000001339,0.008845846418658598,0.057777777777777706,0.0,0.0,0.0,0.0,0.0,0.0,2.0,0.27063529034841816,0.45760000000000006,-0.009811774128954731,0.6044444444444443,1.0,0.0,-1.0,0.0,0.0,1.0,-156.0,0.0,0.0,0.0,0.0,0.0,0.0,0.0,0.0,0.0,0.0,0.0
143,escaped,0.1009703580000405,0.9338297411984146,0.8964,0.9899743529960364,0.8222222222222222,1.0,0.0,0.0,0.0,2.0,1.0,41.0,escaped,0.17175811300012356,0.9359954039497307,0.9032,0.9851885098743267,0.8888888888888888,1.0,0.0,0.0,0.0,2.0,1.0,58.0,escaped,0.15601619299991398,0.9723999999999999,0.954,1.0,0.08888888888888889,1.0,0.0,0.0,0.0,2.0,1.0,185.0,escaped,0.09981919100005143,0.9338297411984146,0.8964,0.9899743529960364,0.8222222222222222,1.0,0.0,0.0,0.0,2.0,1.0,41.0,-0.002165662751316133,-0.006800000000000028,0.00478584312170971,-0.06666666666666665,0.0,0.0,0.0,0.0,0.0,0.0,-17.0,-0.03857025880158538,-0.057599999999999985,-0.010025647003963578,0.7333333333333333,0.0,0.0,0.0,0.0,0.0,0.0,-144.0,0.0,0.0,0.0,0.0,0.0,0.0,0.0,0.0,0.0,0.0,0.0
144,escaped,0.1507588649999434,0.9339017817606747,0.9024,0.9811544544016869,0.8355555555555556,1.0,0.0,0.0,0.0,2.0,1.0,56.0,escaped,0.15297126900009062,0.9306301854493582,0.8996000000000001,0.9771754636233951,0.7555555555555555,1.0,0.0,0.0,0.0,2.0,1.0,49.0,escaped,0.05089386499980719,0.9368799999999999,0.8947999999999999,1.0,0.08888888888888889,1.0,0.0,0.0,0.0,2.0,1.0,37.0,caught,0.04289306100008616,0.49936,0.1656,1.0,0.4666666666666667,0.0,1.0,0.0,0.0,2.0,0.0,14.0,0.0032715963113165714,0.0027999999999999137,0.00397899077829178,0.08000000000000007,0.0,0.0,0.0,0.0,0.0,0.0,7.0,-0.0029782182393252032,0.007600000000000051,-0.018845545598313085,0.7466666666666667,0.0,0.0,0.0,0.0,0.0,0.0,19.0,0.4345417817606747,0.7368,-0.018845545598313085,0.36888888888888893,1.0,-1.0,0.0,0.0,0.0,1.0,42.0
145,escaped,0.19300918400017508,0.9354309341182582,0.9112,0.9717773352956454,0.9066666666666666,1.0,0.0,0.0,0.0,2.0,1.0,78.0,escaped,0.19024851700010004,0.928871162941367,0.9024,0.9685779073534175,0.8044444444444444,1.0,0.0,0.0,0.0,2.0,1.0,56.0,caught,0.04396252299989101,0.40456000000000003,0.007599999999999994,1.0,0.1111111111111111,0.0,1.0,0.0,0.0,0.0,0.0,19.0,escaped,0.15471397599981174,0.931269695923516,0.9027999999999999,0.9739742398087904,0.9066666666666666,1.0,0.0,0.0,0.0,2.0,1.0,57.0,0.006559771176891216,0.00880000000000003,0.0031994279422278282,0.10222222222222221,0.0,0.0,0.0,0.0,0.0,0.0,22.0,0.5308709341182581,0.9036000000000001,-0.02822266470435464,0.7955555555555556,1.0,-1.0,0.0,0.0,2.0,1.0,59.0,0.004161238194742123,0.008400000000000074,-0.002196904513145026,0.0,0.0,0.0,0.0,0.0,0.0,0.0,21.0
146,escaped,0.29161138100016615,0.9471971481803503,0.9204,0.9873928704508756,0.9777777777777777,1.0,0.0,0.0,0.0,2.0,1.0,101.0,escaped,0.30946849999986625,0.9409668284841666,0.9164,0.9778170712104163,0.8933333333333333,1.0,0.0,0.0,0.0,2.0,1.0,91.0,escaped,0.12364467599991258,0.96088,0.9348,1.0,0.08888888888888889,1.0,0.0,0.0,0.0,2.0,1.0,137.0,caught,0.039699410000139324,0.45064000000000004,0.0844,1.0,0.4177777777777778,0.0,1.0,0.0,0.0,1.0,0.0,11.0,0.006230319696183706,0.0040000000000000036,0.00957579924045937,0.08444444444444443,0.0,0.0,0.0,0.0,0.0,0.0,10.0,-0.013682851819649677,-0.014399999999999968,-0.012607129549124352,0.8888888888888888,0.0,0.0,0.0,0.0,0.0,0.0,-36.0,0.49655714818035024,0.836,-0.012607129549124352,0.5599999999999999,1.0,-1.0,0.0,0.0,1.0,1.0,90.0
147,escaped,0.07775502100002996,0.9326221428571428,0.8944,0.9899553571428571,0.6755555555555556,1.0,0.0,0.0,0.0,2.0,1.0,36.0,escaped,0.07914660000005824,0.9327222722820765,0.8944,0.990205680705191,0.5422222222222223,1.0,0.0,0.0,0.0,2.0,1.0,36.0,escaped,0.13183700900003714,0.964,0.94,1.0,0.08888888888888889,1.0,0.0,0.0,0.0,2.0,1.0,150.0,caught,0.042980377000048975,0.40384000000000003,0.0064000000000000055,1.0,0.40444444444444444,0.0,1.0,0.0,0.0,0.0,0.0,16.0,-0.00010012942493364818,0.0,-0.0002503235623338984,0.1333333333333333,0.0,0.0,0.0,0.0,0.0,0.0,0.0,-0.031377857142857124,-0.045599999999999974,-0.010044642857142905,0.5866666666666667,0.0,0.0,0.0,0.0,0.0,0.0,-114.0,0.5287821428571429,0.888,-0.010044642857142905,0.27111111111111114,1.0,-1.0,0.0,0.0,2.0,1.0,20.0
148,escaped,0.12745968200010793,0.9347971239911959,0.9016000000000001,0.9845928099779897,0.8622222222222222,1.0,0.0,0.0,0.0,2.0,1.0,54.0,escaped,0.16147968199993556,0.9356308708708709,0.8996000000000001,0.9896771771771772,0.76,1.0,0.0,0.0,0.0,2.0,1.0,49.0,escaped,0.08397407899997233,0.94696,0.9116000000000001,1.0,0.08888888888888889,1.0,0.0,0.0,0.0,2.0,1.0,79.0,escaped,0.12537820700003977,0.9350692369477912,0.8996000000000001,0.9882730923694779,0.8844444444444445,1.0,0.0,0.0,0.0,2.0,1.0,49.0,-0.0008337468796750791,0.0020000000000000018,-0.005084367199187478,0.10222222222222221,0.0,0.0,0.0,0.0,0.0,0.0,5.0,-0.012162876008804169,-0.010000000000000009,-0.015407190022010298,0.7733333333333333,0.0,0.0,0.0,0.0,0.0,0.0,-25.0,-0.0002721129565953495,0.0020000000000000018,-0.00368028239148821,-0.022222222222222254,0.0,0.0,0.0,0.0,0.0,0.0,5.0
149,escaped,0.16175189899990983,0.9370810825318721,0.9052,0.9849027063296801,0.8844444444444445,1.0,0.0,0.0,0.0,2.0,1.0,63.0,escaped,0.23417096299999685,0.9382842213348545,0.9067999999999999,0.9855105533371363,0.8622222222222222,1.0,0.0,0.0,0.0,2.0,1.0,67.0,timeout,0.19152061399995546,0.664,0.44,1.0,0.08888888888888889,0.0,0.0,1.0,0.0,2.0,0.0,200.0,escaped,0.1168264950001685,0.9326086282508924,0.8972,0.985721570627231,0.9022222222222223,1.0,0.0,0.0,0.0,2.0,1.0,43.0,-0.0012031388029823953,-0.0015999999999999348,-0.000607847007456197,0.022222222222222254,0.0,0.0,0.0,0.0,0.0,0.0,-4.0,0.273081082531872,0.4652,-0.015097293670319867,0.7955555555555556,1.0,0.0,-1.0,0.0,0.0,1.0,-137.0,0.004472454280979643,0.008000000000000007,-0.0008188642975508476,-0.01777777777777778,0.0,0.0,0.0,0.0,0.0,0.0,20.0
150,escaped,0.1641544920000797,0.9359238897432863,0.9047999999999999,0.982609724358216,0.9911111111111112,1.0,0.0,0.0,0.0,2.0,1.0,62.0,escaped,0.13872095900001113,0.9321885770107456,0.9012,0.9786714425268642,0.7111111111111111,1.0,0.0,0.0,0.0,2.0,1.0,53.0,escaped,0.04964782499996545,0.9368799999999999,0.8947999999999999,1.0,0.08888888888888889,1.0,0.0,0.0,0.0,2.0,1.0,37.0,escaped,0.1343042600001354,0.9349535491198183,0.902,0.9843838727995458,0.9822222222222222,1.0,0.0,0.0,0.0,2.0,1.0,55.0,0.0037353127325406854,0.0035999999999999366,0.003938281831351809,0.28,0.0,0.0,0.0,0.0,0.0,0.0,9.0,-0.0009561102567136048,0.010000000000000009,-0.01739027564178397,0.9022222222222223,0.0,0.0,0.0,0.0,0.0,0.0,25.0,0.0009703406234680134,0.0027999999999999137,-0.001774148441329726,0.008888888888888946,0.0,0.0,0.0,0.0,0.0,0.0,7.0
151,escaped,0.22850027699996645,0.9401260427978282,0.9124,0.9817151069945704,0.9866666666666667,1.0,0.0,0.0,0.0,2.0,1.0,81.0,caught,0.037106841999957396,0.4504,0.084,1.0,0.3377777777777778,0.0,1.0,0.0,0.0,1.0,0.0,10.0,escaped,0.09099323600003117,0.9500799999999999,0.9168,1.0,0.08888888888888889,1.0,0.0,0.0,0.0,2.0,1.0,92.0,escaped,0.2227105179999853,0.9391885317115553,0.91,0.982971329278888,0.9955555555555555,1.0,0.0,0.0,0.0,2.0,1.0,75.0,0.48972604279782816,0.8284,-0.01828489300542957,0.6488888888888888,1.0,-1.0,0.0,0.0,1.0,1.0,71.0,-0.009953957202171737,-0.0043999999999999595,-0.01828489300542957,0.8977777777777778,0.0,0.0,0.0,0.0,0.0,0.0,-11.0,0.0009375110862729352,0.0023999999999999577,-0.001256222284317543,-0.008888888888888835,0.0,0.0,0.0,0.0,0.0,0.0,6.0
152,escaped,0.10403194900004564,0.9336834667256246,0.8964,0.9896086668140615,0.8666666666666667,1.0,0.0,0.0,0.0,2.0,1.0,41.0,escaped,0.5055475250001109,0.9517912246257718,0.9328,0.9802780615644294,1.0,1.0,0.0,0.0,0.0,2.0,1.0,132.0,timeout,0.16667056799997226,0.664,0.44,1.0,0.1111111111111111,0.0,0.0,1.0,0.0,2.0,0.0,200.0,caught,0.09384758600003806,0.501257925113284,0.1756,0.9897448127832101,0.8622222222222222,0.0,1.0,0.0,0.0,2.0,0.0,39.0,-0.01810775790014718,-0.03639999999999999,0.009330605249632029,-0.1333333333333333,0.0,0.0,0.0,0.0,0.0,0.0,-91.0,0.2696834667256246,0.4564,-0.010391333185938545,0.7555555555555555,1.0,0.0,-1.0,0.0,0.0,1.0,-159.0,0.4324255416123406,0.7208,-0.00013614596914868216,0.004444444444444473,1.0,-1.0,0.0,0.0,0.0,1.0,2.0
153,escaped,0.11615607399994587,0.9314442049411376,0.9,0.9786105123528437,0.88,1.0,0.0,0.0,0.0,2.0,1.0,50.0,escaped,0.38109540400000697,0.9464382690933084,0.924,0.980095672733271,0.9777777777777777,1.0,0.0,0.0,0.0,2.0,1.0,110.0,escaped,0.09241892199997892,0.95056,0.9176,1.0,0.08888888888888889,1.0,0.0,0.0,0.0,2.0,1.0,94.0,caught,0.05729331099996671,0.4511861471861472,0.09,0.9929653679653679,0.5288888888888889,0.0,1.0,0.0,0.0,1.0,0.0,25.0,-0.01499406415217086,-0.02400000000000002,-0.0014851603804273417,-0.09777777777777774,0.0,0.0,0.0,0.0,0.0,0.0,-60.0,-0.019115795058862406,-0.01759999999999995,-0.021389487647156313,0.7911111111111111,0.0,0.0,0.0,0.0,0.0,0.0,-44.0,0.48025805775499036,0.81,-0.014354855612524253,0.35111111111111115,1.0,-1.0,0.0,0.0,1.0,1.0,25.0
154,escaped,0.1598417340001106,0.9343824956928378,0.9036000000000001,0.9805562392320946,0.9155555555555556,1.0,0.0,0.0,0.0,2.0,1.0,59.0,escaped,0.18631886999992275,0.934302440450095,0.902,0.9827561011252375,0.9688888888888889,1.0,0.0,0.0,0.0,2.0,1.0,55.0,escaped,0.14528593599993656,0.9623200000000001,0.9372,1.0,0.08888888888888889,1.0,0.0,0.0,0.0,2.0,1.0,143.0,escaped,0.1490398630000982,0.9341795460614153,0.8992,0.986648865153538,0.8977777777777778,1.0,0.0,0.0,0.0,2.0,1.0,48.0,8.005524274279363e-05,0.0016000000000000458,-0.002199861893142918,-0.053333333333333344,0.0,0.0,0.0,0.0,0.0,0.0,4.0,-0.027937504307162242,-0.03359999999999996,-0.019443760767905438,0.8266666666666667,0.0,0.0,0.0,0.0,0.0,0.0,-84.0,0.0002029496314225332,0.0044000000000000705,-0.00609262592144344,0.01777777777777778,0.0,0.0,0.0,0.0,0.0,0.0,11.0
155,escaped,0.1009279779998451,0.9334852378794745,0.8976000000000001,0.987313094698686,0.5955555555555555,1.0,0.0,0.0,0.0,2.0,1.0,44.0,escaped,0.25696893999997883,0.9377036202323241,0.9116000000000001,0.9768590505808104,0.9822222222222222,1.0,0.0,0.0,0.0,2.0,1.0,79.0,timeout,0.18195890900005907,0.664,0.44,1.0,0.08888888888888889,0.0,0.0,1.0,0.0,2.0,0.0,200.0,caught,0.03466275100004168,0.45016,0.0836,1.0,0.3511111111111111,0.0,1.0,0.0,0.0,1.0,0.0,9.0,-0.004218382352849659,-0.014000000000000012,0.01045404411787565,-0.3866666666666667,0.0,0.0,0.0,0.0,0.0,0.0,-35.0,0.2694852378794744,0.45760000000000006,-0.012686905301314,0.5066666666666666,1.0,0.0,-1.0,0.0,0.0,1.0,-156.0,0.48332523787947446,0.8140000000000001,-0.012686905301314,0.2444444444444444,1.0,-1.0,0.0,0.0,1.0,1.0,35.0
156,escaped,0.059580158000017036,0.9328342249778565,0.8916000000000001,0.9946855624446412,0.5377777777777778,1.0,0.0,0.0,0.0,2.0,1.0,29.0,escaped,0.18789739800013194,0.9331066666666665,0.9024,0.9791666666666666,0.8844444444444445,1.0,0.0,0.0,0.0,2.0,1.0,56.0,escaped,0.064285696999832,0.94168,0.9027999999999999,1.0,0.08888888888888889,1.0,0.0,0.0,0.0,2.0,1.0,57.0,escaped,0.06343122399994172,0.9328342249778565,0.8916000000000001,0.9946855624446412,0.5377777777777778,1.0,0.0,0.0,0.0,2.0,1.0,29.0,-0.0002724416888100212,-0.01079999999999992,0.015518895777974606,-0.3466666666666667,0.0,0.0,0.0,0.0,0.0,0.0,-27.0,-0.008845775022143454,-0.011199999999999877,-0.005314437555358764,0.4488888888888889,0.0,0.0,0.0,0.0,0.0,0.0,-28.0,0.0,0.0,0.0,0.0,0.0,0.0,0.0,0.0,0.0,0.0,0.0
157,escaped,0.1095376139999189,0.9316187345932622,0.9,0.9790468364831553,0.8177777777777778,1.0,0.0,0.0,0.0,2.0,1.0,50.0,escaped,0.12795130599988624,0.9377247311827956,0.898,0.9973118279569892,0.6933333333333334,1.0,0.0,0.0,0.0,2.0,1.0,45.0,timeout,0.20619567800008554,0.664,0.44,1.0,0.1111111111111111,0.0,0.0,1.0,0.0,2.0,0.0,200.0,escaped,0.1229052319999937,0.9309891943127961,0.8992,0.9786729857819905,0.8222222222222222,1.0,0.0,0.0,0.0,2.0,1.0,48.0,-0.00610599658953348,0.0020000000000000018,-0.01826499147383398,0.12444444444444447,0.0,0.0,0.0,0.0,0.0,0.0,5.0,0.26761873459326213,0.46,-0.02095316351684473,0.7066666666666668,1.0,0.0,-1.0,0.0,0.0,1.0,-150.0,0.0006295402804660233,0.0008000000000000229,0.0003738507011648018,-0.004444444444444362,0.0,0.0,0.0,0.0,0.0,0.0,2.0
158,escaped,0.06596521999995275,0.9289314713216958,0.8892,0.9885286783042394,0.64,1.0,0.0,0.0,0.0,2.0,1.0,23.0,escaped,0.307226817000128,0.9343076640200585,0.9128,0.9665691600501463,0.8533333333333334,1.0,0.0,0.0,0.0,2.0,1.0,82.0,escaped,0.1323021499999868,0.95824,0.9304,1.0,0.08888888888888889,1.0,0.0,0.0,0.0,2.0,1.0,126.0,escaped,0.06590313400010928,0.9289314713216958,0.8892,0.9885286783042394,0.64,1.0,0.0,0.0,0.0,2.0,1.0,23.0,-0.005376192698362647,-0.023599999999999954,0.021959518254093147,-0.21333333333333337,0.0,0.0,0.0,0.0,0.0,0.0,-59.0,-0.029308528678304135,-0.041200000000000014,-0.011471321695760595,0.5511111111111111,0.0,0.0,0.0,0.0,0.0,0.0,-103.0,0.0,0.0,0.0,0.0,0.0,0.0,0.0,0.0,0.0,0.0,0.0
159,caught,0.05765309899993554,0.44572725978647687,0.0876,0.9829181494661922,0.47555555555555556,0.0,1.0,0.0,0.0,1.0,0.0,19.0,escaped,0.2717790199999399,0.9399533645416631,0.9132,0.9800834113541578,0.9244444444444444,1.0,0.0,0.0,0.0,2.0,1.0,83.0,caught,0.1288683719999426,0.48208,0.1368,1.0,0.1111111111111111,0.0,1.0,0.0,0.0,1.0,0.0,142.0,caught,0.07060398499993426,0.4939017633042097,0.1708,0.9785544082605242,0.6488888888888888,0.0,1.0,0.0,0.0,2.0,0.0,27.0,-0.49422610475518625,-0.8256,0.002834738112034385,-0.44888888888888884,-1.0,1.0,0.0,0.0,-1.0,-1.0,-64.0,-0.03635274021352314,-0.04920000000000001,-0.01708185053380784,0.36444444444444446,0.0,0.0,0.0,0.0,0.0,0.0,-123.0,-0.048174503517732836,-0.08320000000000001,0.004363741205667959,-0.17333333333333328,0.0,0.0,0.0,0.0,-1.0,0.0,-8.0
160,caught,0.04451935600013712,0.3997491675025075,0.005599999999999995,0.9909729187562688,0.4533333333333333,0.0,1.0,0.0,0.0,0.0,0.0,14.0,escaped,0.27166778700006944,0.936455027517621,0.9116000000000001,0.9737375687940524,0.9688888888888889,1.0,0.0,0.0,0.0,2.0,1.0,79.0,timeout,0.18490991399994527,0.664,0.44,1.0,0.1111111111111111,0.0,0.0,1.0,0.0,2.0,0.0,200.0,caught,0.03503077599998505,0.39633860465116283,0.0031999999999999884,0.986046511627907,0.3511111111111111,0.0,1.0,0.0,0.0,0.0,0.0,8.0,-0.5367058600151136,-0.906,0.01723534996221643,-0.5155555555555555,-1.0,1.0,0.0,0.0,-2.0,-1.0,-65.0,-0.26425083249749254,-0.4344,-0.009027081243731194,0.3422222222222222,0.0,1.0,-1.0,0.0,-2.0,0.0,-186.0,0.0034105628513446673,0.0024000000000000063,0.004926407128361787,0.10222222222222221,0.0,0.0,0.0,0.0,0.0,0.0,6.0
161,escaped,0.23577674700004536,0.9445247694753578,0.9192,0.9825119236883942,0.9866666666666667,1.0,0.0,0.0,0.0,2.0,1.0,98.0,escaped,0.08189932100003716,0.9260724853228963,0.8944,0.9735812133072407,0.6755555555555556,1.0,0.0,0.0,0.0,2.0,1.0,36.0,escaped,0.06095776300003308,0.94024,0.9004,1.0,0.08888888888888889,1.0,0.0,0.0,0.0,2.0,1.0,51.0,escaped,0.046399546999964514,0.9287983565663978,0.8872000000000001,0.9911958914159942,0.5022222222222222,1.0,0.0,0.0,0.0,2.0,1.0,18.0,0.018452284152461473,0.024800000000000044,0.008930710381153562,0.3111111111111111,0.0,0.0,0.0,0.0,0.0,0.0,62.0,0.00428476947535783,0.01880000000000004,-0.01748807631160576,0.8977777777777778,0.0,0.0,0.0,0.0,0.0,0.0,47.0,0.01572641290896004,0.03199999999999992,-0.00868396772759994,0.48444444444444446,0.0,0.0,0.0,0.0,0.0,0.0,80.0
162,escaped,0.09549375099982171,0.9298493156636976,0.898,0.977623289159244,0.6755555555555556,1.0,0.0,0.0,0.0,2.0,1.0,45.0,escaped,0.2428057549998357,0.9333927399065532,0.906,0.9744818497663831,0.96,1.0,0.0,0.0,0.0,2.0,1.0,65.0,escaped,0.10014092700021138,0.94984,0.9164,1.0,0.08888888888888889,1.0,0.0,0.0,0.0,2.0,1.0,91.0,escaped,0.11446174299999257,0.9269589606171336,0.8964,0.9727974015428339,0.8755555555555555,1.0,0.0,0.0,0.0,2.0,1.0,41.0,-0.0035434242428556972,-0.008000000000000007,0.003141439392860934,-0.2844444444444444,0.0,0.0,0.0,0.0,0.0,0.0,-20.0,-0.019990684336302467,-0.018399999999999972,-0.022376710840755987,0.5866666666666667,0.0,0.0,0.0,0.0,0.0,0.0,-46.0,0.002890355046563986,0.0016000000000000458,0.004825887616410118,-0.19999999999999996,0.0,0.0,0.0,0.0,0.0,0.0,4.0
163,escaped,0.13006123400009528,0.9350714065780266,0.8996000000000001,0.9882785164450665,0.7866666666666666,1.0,0.0,0.0,0.0,2.0,1.0,49.0,escaped,0.2815639300001749,0.9371681355314692,0.9104,0.977320338828673,0.9822222222222222,1.0,0.0,0.0,0.0,2.0,1.0,76.0,escaped,0.1049101639998753,0.94984,0.9164,1.0,0.08888888888888889,1.0,0.0,0.0,0.0,2.0,1.0,91.0,caught,0.06155760399997234,0.4037717223650386,0.008,0.9974293059125964,0.5422222222222223,0.0,1.0,0.0,0.0,0.0,0.0,20.0,-0.002096728953442595,-0.01079999999999992,0.010958177616393505,-0.1955555555555556,0.0,0.0,0.0,0.0,0.0,0.0,-27.0,-0.014768593421973453,-0.016799999999999926,-0.01172148355493352,0.6977777777777777,0.0,0.0,0.0,0.0,0.0,0.0,-42.0,0.531299684212988,0.8916000000000001,-0.009150789467529896,0.24444444444444435,1.0,-1.0,0.0,0.0,2.0,1.0,29.0
164,escaped,0.11615897299998323,0.9300094751888912,0.902,0.9720236879722279,0.7333333333333333,1.0,0.0,0.0,0.0,2.0,1.0,55.0,escaped,0.26048770800002785,0.9385661300476662,0.912,0.9784153251191654,0.8977777777777778,1.0,0.0,0.0,0.0,2.0,1.0,80.0,timeout,0.1835630210000545,0.664,0.44,1.0,0.1111111111111111,0.0,0.0,1.0,0.0,2.0,0.0,200.0,escaped,0.07255463299998155,0.9257346273830156,0.8924,0.975736568457539,0.6844444444444444,1.0,0.0,0.0,0.0,2.0,1.0,31.0,-0.008556654858774992,-0.010000000000000009,-0.006391637146937468,-0.1644444444444445,0.0,0.0,0.0,0.0,0.0,0.0,-25.0,0.2660094751888912,0.462,-0.027976312027772066,0.6222222222222222,1.0,0.0,-1.0,0.0,0.0,1.0,-145.0,0.0042748478058756145,0.009600000000000053,-0.003712880485311043,0.04888888888888887,0.0,0.0,0.0,0.0,0.0,0.0,24.0
165,escaped,0.08118329800004176,0.9309902943516308,0.894,0.9864757358790772,0.6444444444444445,1.0,0.0,0.0,0.0,2.0,1.0,35.0,escaped,0.12082682000004752,0.9331491782086796,0.8972,0.987072945521699,0.8044444444444444,1.0,0.0,0.0,0.0,2.0,1.0,43.0,escaped,0.17962122600010844,0.97312,0.9552,1.0,0.08888888888888889,1.0,0.0,0.0,0.0,2.0,1.0,188.0,caught,0.06701655000006213,0.4995596689002759,0.1704,0.9932991722506898,0.6,0.0,1.0,0.0,0.0,2.0,0.0,26.0,-0.0021588838570487656,-0.0031999999999999806,-0.0005972096426217766,-0.15999999999999992,0.0,0.0,0.0,0.0,0.0,0.0,-8.0,-0.04212970564836915,-0.06120000000000003,-0.01352426412092278,0.5555555555555556,0.0,0.0,0.0,0.0,0.0,0.0,-153.0,0.4314306254513549,0.7236,-0.006823436371612535,0.04444444444444451,1.0,-1.0,0.0,0.0,0.0,1.0,9.0
166,escaped,0.10902322299989464,0.9354608937155064,0.8992,0.9898522342887662,0.8,1.0,0.0,0.0,0.0,2.0,1.0,48.0,escaped,0.08597138899995116,0.9335264367816092,0.894,0.992816091954023,0.6488888888888888,1.0,0.0,0.0,0.0,2.0,1.0,35.0,caught,0.10494983900002808,0.47296000000000005,0.1216,1.0,0.08888888888888889,0.0,1.0,0.0,0.0,1.0,0.0,104.0,escaped,0.11706451899999593,0.9348865397981135,0.8992,0.9884163494952838,0.8755555555555555,1.0,0.0,0.0,0.0,2.0,1.0,48.0,0.0019344569338972661,0.005199999999999982,-0.0029638576652567528,0.1511111111111112,0.0,0.0,0.0,0.0,0.0,0.0,13.0,0.4625008937155064,0.7776,-0.01014776571123377,0.7111111111111111,1.0,-1.0,0.0,0.0,1.0,1.0,-56.0,0.0005743539173929113,0.0,0.0014358847934824448,-0.07555555555555549,0.0,0.0,0.0,0.0,0.0,0.0,0.0
167,escaped,0.09984557300003871,0.9305079674796748,0.8896000000000001,0.991869918699187,0.5688888888888889,1.0,0.0,0.0,0.0,2.0,1.0,24.0,escaped,0.09553148500003772,0.9341800901838363,0.894,0.9944502254595907,0.5288888888888889,1.0,0.0,0.0,0.0,2.0,1.0,35.0,escaped,0.09846150299995315,0.94984,0.9164,1.0,0.08888888888888889,1.0,0.0,0.0,0.0,2.0,1.0,91.0,escaped,0.059010323999928005,0.9299259196617335,0.8892,0.991014799154334,0.5733333333333334,1.0,0.0,0.0,0.0,2.0,1.0,23.0,-0.0036721227041615068,-0.0043999999999999595,-0.002580306760403772,0.040000000000000036,0.0,0.0,0.0,0.0,0.0,0.0,-11.0,-0.019332032520325226,-0.026799999999999935,-0.008130081300813052,0.48,0.0,0.0,0.0,0.0,0.0,0.0,-67.0,0.0005820478179412447,0.00040000000000006697,0.0008551195448529558,-0.004444444444444473,0.0,0.0,0.0,0.0,0.0,0.0,1.0
168,escaped,0.3294953550000628,0.9505990434828109,0.9252,0.9886976087070274,0.9777777777777777,1.0,0.0,0.0,0.0,2.0,1.0,113.0,escaped,0.23247912600004383,0.9382158530183726,0.9084,0.9829396325459318,0.8711111111111111,1.0,0.0,0.0,0.0,2.0,1.0,71.0,timeout,0.1753199869999662,0.616,0.36,1.0,0.1111111111111111,0.0,0.0,1.0,0.0,1.0,0.0,200.0,escaped,0.31208077700011927,0.9496612458137976,0.9228,0.9899531145344943,0.9777777777777777,1.0,0.0,0.0,0.0,2.0,1.0,107.0,0.012383190464438254,0.016800000000000037,0.005757976161095635,0.10666666666666669,0.0,0.0,0.0,0.0,0.0,0.0,42.0,0.3345990434828109,0.5652,-0.011302391292972613,0.8666666666666667,1.0,0.0,-1.0,0.0,1.0,1.0,-87.0,0.0009377976690132517,0.0024000000000000687,-0.0012555058274669184,0.0,0.0,0.0,0.0,0.0,0.0,0.0,6.0
169,escaped,0.12419473499994638,0.9281565602955996,0.8984,0.972791400738999,0.8488888888888889,1.0,0.0,0.0,0.0,2.0,1.0,46.0,escaped,0.34516408100012086,0.941659143538095,0.9144,0.9825478588452372,1.0,1.0,0.0,0.0,0.0,2.0,1.0,86.0,timeout,0.17081860100006452,0.664,0.44,1.0,0.1111111111111111,0.0,0.0,1.0,0.0,2.0,0.0,200.0,escaped,0.12006284000017331,0.9281565602955996,0.8984,0.972791400738999,0.8488888888888889,1.0,0.0,0.0,0.0,2.0,1.0,46.0,-0.013502583242495425,-0.016000000000000014,-0.009756458106238264,-0.15111111111111108,0.0,0.0,0.0,0.0,0.0,0.0,-40.0,0.26415656029559953,0.4584,-0.027208599261001054,0.7377777777777779,1.0,0.0,-1.0,0.0,0.0,1.0,-154.0,0.0,0.0,0.0,0.0,0.0,0.0,0.0,0.0,0.0,0.0,0.0
170,escaped,0.22148182299997643,0.9414260642635786,0.912,0.9855651606589464,0.9333333333333333,1.0,0.0,0.0,0.0,2.0,1.0,80.0,caught,0.2293349900000976,0.5026744396256563,0.18519999999999998,0.9788860990641406,0.9866666666666667,0.0,1.0,0.0,0.0,2.0,0.0,63.0,timeout,0.17671480700005304,0.616,0.36,1.0,0.1111111111111111,0.0,0.0,1.0,0.0,1.0,0.0,200.0,escaped,0.1346687689999726,0.9363427457927369,0.9004,0.9902568644818424,0.8666666666666667,1.0,0.0,0.0,0.0,2.0,1.0,51.0,0.4387516246379223,0.7268000000000001,0.006679061594805802,-0.053333333333333344,1.0,-1.0,0.0,0.0,0.0,1.0,17.0,0.32542606426357856,0.552,-0.014434839341053607,0.8222222222222222,1.0,0.0,-1.0,0.0,1.0,1.0,-120.0,0.005083318470841647,0.011600000000000055,-0.004691703822895965,0.06666666666666665,0.0,0.0,0.0,0.0,0.0,0.0,29.0
171,escaped,0.11031543799981591,0.9353744284504657,0.902,0.9854360711261643,0.7422222222222222,1.0,0.0,0.0,0.0,2.0,1.0,55.0,caught,0.09252243499986434,0.44845333333333337,0.0932,0.9813333333333333,0.6711111111111111,0.0,1.0,0.0,0.0,1.0,0.0,33.0,escaped,0.09549461400001746,0.95056,0.9176,1.0,0.08888888888888889,1.0,0.0,0.0,0.0,2.0,1.0,94.0,caught,0.03895041700002366,0.44647748427672956,0.0848,0.9889937106918238,0.37777777777777777,0.0,1.0,0.0,0.0,1.0,0.0,12.0,0.48692109511713233,0.8088,0.0041027377928309905,0.07111111111111112,1.0,-1.0,0.0,0.0,1.0,1.0,22.0,-0.01518557154953426,-0.015599999999999947,-0.01456392887383573,0.6533333333333333,0.0,0.0,0.0,0.0,0.0,0.0,-39.0,0.48889694417373614,0.8172,-0.003557639565659576,0.36444444444444446,1.0,-1.0,0.0,0.0,1.0,1.0,43.0
172,escaped,0.13157889099989006,0.9311622845555931,0.898,0.9809057113889827,0.8577777777777778,1.0,0.0,0.0,0.0,2.0,1.0,45.0,escaped,0.09814537100010057,0.9235715983026874,0.8936000000000001,0.9685289957567186,0.5555555555555556,1.0,0.0,0.0,0.0,2.0,1.0,34.0,timeout,0.17192632999990565,0.664,0.44,1.0,0.1111111111111111,0.0,0.0,1.0,0.0,2.0,0.0,200.0,caught,0.056443327999886606,0.4449897924297924,0.0876,0.981074481074481,0.5911111111111111,0.0,1.0,0.0,0.0,1.0,0.0,19.0,0.0075906862529057095,0.0043999999999999595,0.012376715632264168,0.30222222222222217,0.0,0.0,0.0,0.0,0.0,0.0,11.0,0.2671622845555931,0.458,-0.01909428861101725,0.7466666666666666,1.0,0.0,-1.0,0.0,0.0,1.0,-155.0,0.4861724921258007,0.8104,-0.0001687696854982823,0.2666666666666666,1.0,-1.0,0.0,0.0,1.0,1.0,26.0
173,escaped,0.1309908840000844,0.9321809786034168,0.8987999999999999,0.982252446508542,0.84,1.0,0.0,0.0,0.0,2.0,1.0,47.0,escaped,0.20002981800007547,0.93524717818643,0.904,0.9821179454660748,0.8888888888888888,1.0,0.0,0.0,0.0,2.0,1.0,60.0,escaped,0.16682470599994303,0.97048,0.9508,1.0,0.08888888888888889,1.0,0.0,0.0,0.0,2.0,1.0,177.0,escaped,0.1274207489998389,0.9321809786034168,0.8987999999999999,0.982252446508542,0.84,1.0,0.0,0.0,0.0,2.0,1.0,47.0,-0.0030661995830132405,-0.0052000000000000934,0.00013450104246726102,-0.04888888888888887,0.0,0.0,0.0,0.0,0.0,0.0,-13.0,-0.038299021396583255,-0.052000000000000046,-0.017747553491457957,0.7511111111111111,0.0,0.0,0.0,0.0,0.0,0.0,-130.0,0.0,0.0,0.0,0.0,0.0,0.0,0.0,0.0,0.0,0.0,0.0
174,caught,0.1478795089999494,0.45308451033944597,0.102,0.979711275848615,0.9022222222222223,0.0,1.0,0.0,0.0,1.0,0.0,55.0,escaped,0.16435229100011384,0.9317267690541122,0.902,0.9763169226352806,0.84,1.0,0.0,0.0,0.0,2.0,1.0,55.0,escaped,0.14558313399993494,0.96616,0.9436,1.0,0.08888888888888889,1.0,0.0,0.0,0.0,2.0,1.0,159.0,escaped,0.1422154980000414,0.9319020773272262,0.9024,0.9761551933180654,0.7911111111111111,1.0,0.0,0.0,0.0,2.0,1.0,56.0,-0.47864225871466626,-0.8,0.003394353213334367,0.06222222222222229,-1.0,1.0,0.0,0.0,-1.0,-1.0,0.0,-0.513075489660554,-0.8416,-0.02028872415138505,0.8133333333333334,-1.0,1.0,0.0,0.0,-1.0,-1.0,-104.0,-0.4788175669877802,-0.8004,0.003556082530549509,0.11111111111111116,-1.0,1.0,0.0,0.0,-1.0,-1.0,-1.0
175,escaped,0.257331848999911,0.943164963816671,0.9168,0.9827124095416778,0.9866666666666667,1.0,0.0,0.0,0.0,2.0,1.0,92.0,escaped,0.2478928820000874,0.9366788921414096,0.9076000000000001,0.980297230353524,0.8755555555555555,1.0,0.0,0.0,0.0,2.0,1.0,69.0,escaped,0.0811509349998687,0.94792,0.9132,1.0,0.08888888888888889,1.0,0.0,0.0,0.0,2.0,1.0,83.0,escaped,0.2126567810000779,0.9390682647525248,0.9107999999999999,0.981470661881312,0.9822222222222222,1.0,0.0,0.0,0.0,2.0,1.0,77.0,0.0064860716752613845,0.009199999999999875,0.0024151791881538154,0.11111111111111116,0.0,0.0,0.0,0.0,0.0,0.0,23.0,-0.004755036183328953,0.0035999999999999366,-0.017287590458322177,0.8977777777777778,0.0,0.0,0.0,0.0,0.0,0.0,9.0,0.004096699064146225,0.006000000000000005,0.0012417476603657773,0.004444444444444473,0.0,0.0,0.0,0.0,0.0,0.0,15.0
176,escaped,0.09747992100005831,0.926424579976985,0.8964,0.9714614499424626,0.7777777777777778,1.0,0.0,0.0,0.0,2.0,1.0,41.0,escaped,0.2869393850000961,0.9351286354378819,0.9096000000000001,0.9734215885947047,0.9422222222222222,1.0,0.0,0.0,0.0,2.0,1.0,74.0,timeout,0.1866460300000199,0.664,0.44,1.0,0.08888888888888889,0.0,0.0,1.0,0.0,2.0,0.0,200.0,escaped,0.10657066700014184,0.926424579976985,0.8964,0.9714614499424626,0.7777777777777778,1.0,0.0,0.0,0.0,2.0,1.0,41.0,-0.00870405546089692,-0.0132000000000001,-0.001960138652242094,-0.1644444444444444,0.0,0.0,0.0,0.0,0.0,0.0,-33.0,0.262424579976985,0.4564,-0.02853855005753736,0.6888888888888889,1.0,0.0,-1.0,0.0,0.0,1.0,-159.0,0.0,0.0,0.0,0.0,0.0,0.0,0.0,0.0,0.0,0.0,0.0
177,escaped,0.10095782899998085,0.9311515537848605,0.8984,0.9802788844621514,0.6977777777777778,1.0,0.0,0.0,0.0,2.0,1.0,46.0,escaped,0.32189852900000915,0.9440578533367167,0.92,0.9801446333417915,1.0,1.0,0.0,0.0,0.0,2.0,1.0,100.0,timeout,0.16748604800000066,0.616,0.36,1.0,0.1111111111111111,0.0,0.0,1.0,0.0,1.0,0.0,200.0,caught,0.029875077000042438,0.45016,0.0836,1.0,0.26666666666666666,0.0,1.0,0.0,0.0,1.0,0.0,9.0,-0.012906299551856182,-0.021600000000000064,0.00013425112035991837,-0.30222222222222217,0.0,0.0,0.0,0.0,0.0,0.0,-54.0,0.3151515537848605,0.5384,-0.01972111553784861,0.5866666666666667,1.0,0.0,-1.0,0.0,1.0,1.0,-154.0,0.48099155378486047,0.8148,-0.01972111553784861,0.43111111111111117,1.0,-1.0,0.0,0.0,1.0,1.0,37.0
178,escaped,0.19976000599990584,0.9397297940832658,0.9104,0.9837244852081647,0.96,1.0,0.0,0.0,0.0,2.0,1.0,76.0,escaped,0.15508876000012606,0.9371016749104554,0.9004,0.9921541872761385,0.8711111111111111,1.0,0.0,0.0,0.0,2.0,1.0,51.0,timeout,0.17182887600006325,0.664,0.44,1.0,0.1111111111111111,0.0,0.0,1.0,0.0,2.0,0.0,200.0,escaped,0.10811484999999266,0.9293810007698229,0.8967999999999999,0.9782525019245574,0.9022222222222223,1.0,0.0,0.0,0.0,2.0,1.0,42.0,0.0026281191728104725,0.010000000000000009,-0.008429702067973777,0.0888888888888889,0.0,0.0,0.0,0.0,0.0,0.0,25.0,0.2757297940832658,0.4704,-0.01627551479183531,0.8488888888888888,1.0,0.0,-1.0,0.0,0.0,1.0,-124.0,0.010348793313442961,0.013600000000000056,0.005471983283607318,0.057777777777777706,0.0,0.0,0.0,0.0,0.0,0.0,34.0
179,escaped,0.47034328500012634,0.9615392755403566,0.9496,0.9794481888508915,0.8977777777777778,1.0,0.0,0.0,0.0,2.0,1.0,174.0,escaped,0.6162695410000651,0.958692777053455,0.9468,0.9765319426336375,0.9822222222222222,1.0,0.0,0.0,0.0,2.0,1.0,167.0,timeout,0.17836755600001197,0.616,0.36,1.0,0.08888888888888889,0.0,0.0,1.0,0.0,1.0,0.0,200.0,caught,0.1223997940001027,0.49879471520053925,0.17959999999999998,0.9775867880013481,0.9288888888888889,0.0,1.0,0.0,0.0,2.0,0.0,49.0,0.0028464984869015497,0.0028000000000000247,0.0029162462172539483,-0.08444444444444443,0.0,0.0,0.0,0.0,0.0,0.0,7.0,0.34553927554035657,0.5896,-0.020551811149108534,0.8088888888888889,1.0,0.0,-1.0,0.0,1.0,1.0,-26.0,0.4627445603398173,0.77,0.0018614008495433376,-0.03111111111111109,1.0,-1.0,0.0,0.0,0.0,1.0,125.0
180,escaped,0.2340181179999945,0.9517904161979752,0.9252,0.9916760404949382,0.6266666666666667,1.0,0.0,0.0,0.0,2.0,1.0,113.0,caught,0.08802202799984116,0.4995414432989691,0.1736,0.9884536082474227,0.5022222222222222,0.0,1.0,0.0,0.0,2.0,0.0,34.0,escaped,0.16197074100000464,0.97096,0.9516,1.0,0.08888888888888889,1.0,0.0,0.0,0.0,2.0,1.0,179.0,caught,0.06284822199995688,0.4985129927007299,0.1724,0.9876824817518248,0.49333333333333335,0.0,1.0,0.0,0.0,2.0,0.0,31.0,0.4522489728990061,0.7516,0.0032224322475155054,0.12444444444444447,1.0,-1.0,0.0,0.0,0.0,1.0,79.0,-0.019169583802024825,-0.02639999999999998,-0.008323959505061818,0.5377777777777778,0.0,0.0,0.0,0.0,0.0,0.0,-66.0,0.4532774234972453,0.7528,0.003993558743113357,0.13333333333333336,1.0,-1.0,0.0,0.0,0.0,1.0,82.0
181,escaped,0.14156378600000608,0.9357056839754327,0.9027999999999999,0.9850642099385818,0.9111111111111111,1.0,0.0,0.0,0.0,2.0,1.0,57.0,escaped,0.06685801400021774,0.9341165763813651,0.892,0.9972914409534128,0.3511111111111111,1.0,0.0,0.0,0.0,2.0,1.0,30.0,escaped,0.09135065999998915,0.9496,0.916,1.0,0.08888888888888889,1.0,0.0,0.0,0.0,2.0,1.0,90.0,caught,0.09235857699991357,0.4530446473029046,0.09559999999999999,0.9892116182572614,0.72,0.0,1.0,0.0,0.0,1.0,0.0,39.0,0.001589107594067607,0.01079999999999992,-0.01222723101483103,0.56,0.0,0.0,0.0,0.0,0.0,0.0,27.0,-0.013894316024567255,-0.0132000000000001,-0.014935790061418208,0.8222222222222222,0.0,0.0,0.0,0.0,0.0,0.0,-33.0,0.48266103667252813,0.8071999999999999,-0.004147408318679657,0.19111111111111112,1.0,-1.0,0.0,0.0,1.0,1.0,18.0
182,escaped,0.3017831140000453,0.9443657563049348,0.9216,0.978514390762337,0.9822222222222222,1.0,0.0,0.0,0.0,2.0,1.0,104.0,escaped,0.17348148999985824,0.932448345323741,0.9047999999999999,0.9739208633093526,0.8266666666666667,1.0,0.0,0.0,0.0,2.0,1.0,62.0,escaped,0.16568099000005532,0.97576,0.9596,1.0,0.08888888888888889,1.0,0.0,0.0,0.0,2.0,1.0,199.0,caught,0.05456841299996995,0.4008190192427064,0.008400000000000006,0.9894475481067659,0.5288888888888889,0.0,1.0,0.0,0.0,0.0,0.0,21.0,0.01191741098119381,0.016800000000000037,0.004593527452984469,0.15555555555555556,0.0,0.0,0.0,0.0,0.0,0.0,42.0,-0.03139424369506516,-0.038000000000000034,-0.02148560923766296,0.8933333333333333,0.0,0.0,0.0,0.0,0.0,0.0,-95.0,0.5435467370622284,0.9132,-0.010933157344428901,0.45333333333333337,1.0,-1.0,0.0,0.0,2.0,1.0,83.0
183,escaped,0.05196878199990351,0.9241272479901051,0.8887999999999999,0.9771181199752629,0.49333333333333335,1.0,0.0,0.0,0.0,2.0,1.0,22.0,escaped,0.052006543000061356,0.9233000520381613,0.8872000000000001,0.9774501300954033,0.41333333333333333,1.0,0.0,0.0,0.0,2.0,1.0,18.0,escaped,0.16136300199991638,0.97288,0.9548,1.0,0.08888888888888889,1.0,0.0,0.0,0.0,2.0,1.0,187.0,escaped,0.0518082470000536,0.9241272479901051,0.8887999999999999,0.9771181199752629,0.49333333333333335,1.0,0.0,0.0,0.0,2.0,1.0,22.0,0.0008271959519438044,0.0015999999999998238,-0.00033201012014039133,0.08000000000000002,0.0,0.0,0.0,0.0,0.0,0.0,4.0,-0.04875275200989482,-0.06600000000000006,-0.022881880024737122,0.40444444444444444,0.0,0.0,0.0,0.0,0.0,0.0,-165.0,0.0,0.0,0.0,0.0,0.0,0.0,0.0,0.0,0.0,0.0,0.0
184,escaped,0.12479795300009755,0.9289917493472585,0.9007999999999999,0.9712793733681462,0.7911111111111111,1.0,0.0,0.0,0.0,2.0,1.0,52.0,escaped,0.22008344599998964,0.9346701117257836,0.9084,0.9740752793144593,0.9688888888888889,1.0,0.0,0.0,0.0,2.0,1.0,71.0,caught,0.07092590100000962,0.5116,0.186,1.0,0.1111111111111111,0.0,1.0,0.0,0.0,2.0,0.0,65.0,escaped,0.27427119399999356,0.9386453708518122,0.9112,0.9798134271295305,0.9911111111111112,1.0,0.0,0.0,0.0,2.0,1.0,78.0,-0.005678362378525148,-0.007600000000000051,-0.002795905946313071,-0.1777777777777778,0.0,0.0,0.0,0.0,0.0,0.0,-19.0,0.4173917493472584,0.7147999999999999,-0.02872062663185382,0.6799999999999999,1.0,-1.0,0.0,0.0,0.0,1.0,-13.0,-0.009653621504553733,-0.010400000000000076,-0.008534053761384275,-0.20000000000000007,0.0,0.0,0.0,0.0,0.0,0.0,-26.0
185,escaped,0.1587055429999964,0.932498901698277,0.9032,0.9764472542456923,0.8711111111111111,1.0,0.0,0.0,0.0,2.0,1.0,58.0,escaped,0.3179651620000641,0.943260036892201,0.9196,0.9787500922305025,0.8488888888888889,1.0,0.0,0.0,0.0,2.0,1.0,99.0,timeout,0.1803826789998766,0.616,0.36,1.0,0.1111111111111111,0.0,0.0,1.0,0.0,1.0,0.0,200.0,caught,0.029385711000031733,0.4012,0.002,1.0,0.24444444444444444,0.0,1.0,0.0,0.0,0.0,0.0,5.0,-0.010761135193923965,-0.01639999999999997,-0.0023028379848101244,0.022222222222222143,0.0,0.0,0.0,0.0,0.0,0.0,-41.0,0.316498901698277,0.5432,-0.023552745754307658,0.76,1.0,0.0,-1.0,0.0,1.0,1.0,-142.0,0.531298901698277,0.9012,-0.023552745754307658,0.6266666666666666,1.0,-1.0,0.0,0.0,2.0,1.0,53.0
186,escaped,0.07934217799993348,0.9321151323883392,0.8972,0.9844878309708478,0.5066666666666667,1.0,0.0,0.0,0.0,2.0,1.0,43.0,caught,0.03702559599992128,0.4501002729044834,0.0848,0.9980506822612085,0.3022222222222222,0.0,1.0,0.0,0.0,1.0,0.0,12.0,escaped,0.13418331999992006,0.96712,0.9452,1.0,0.08888888888888889,1.0,0.0,0.0,0.0,2.0,1.0,163.0,escaped,0.06897880399992573,0.9284594548063128,0.8932,0.9813486370157819,0.52,1.0,0.0,0.0,0.0,2.0,1.0,33.0,0.4820148594838558,0.8124,-0.013562851290360722,0.20444444444444448,1.0,-1.0,0.0,0.0,1.0,1.0,31.0,-0.03500486761166077,-0.04800000000000004,-0.0155121690291522,0.4177777777777778,0.0,0.0,0.0,0.0,0.0,0.0,-120.0,0.003655677582026451,0.0040000000000000036,0.0031391939550659,-0.013333333333333308,0.0,0.0,0.0,0.0,0.0,0.0,10.0
187,escaped,0.11442194000005657,0.9291473711245644,0.8972,0.9770684278114108,0.9244444444444444,1.0,0.0,0.0,0.0,2.0,1.0,43.0,caught,0.1870991989999311,0.5058270050761421,0.1856,0.9861675126903553,0.8711111111111111,0.0,1.0,0.0,0.0,2.0,0.0,64.0,timeout,0.18145416700008354,0.616,0.36,1.0,0.08888888888888889,0.0,0.0,1.0,0.0,1.0,0.0,200.0,caught,0.05653362099997139,0.4525509339975094,0.088,0.9993773349937733,0.5866666666666667,0.0,1.0,0.0,0.0,1.0,0.0,20.0,0.42332036604842227,0.7116,-0.009099084878944508,0.053333333333333344,1.0,-1.0,0.0,0.0,0.0,1.0,-21.0,0.31314737112456437,0.5372,-0.02293157218858921,0.8355555555555555,1.0,0.0,-1.0,0.0,1.0,1.0,-157.0,0.47659643712705496,0.8092,-0.02230890718236256,0.33777777777777773,1.0,-1.0,0.0,0.0,1.0,1.0,23.0
188,escaped,0.08110088499984158,0.9276976555173492,0.892,0.9812441387933729,0.7688888888888888,1.0,0.0,0.0,0.0,2.0,1.0,30.0,caught,0.04897910199997568,0.40432,0.0071999999999999885,1.0,0.3288888888888889,0.0,1.0,0.0,0.0,0.0,0.0,18.0,timeout,0.17817824600001586,0.664,0.44,1.0,0.08888888888888889,0.0,0.0,1.0,0.0,2.0,0.0,200.0,escaped,0.07079772700012654,0.9295255373406193,0.8907999999999999,0.9876138433515482,0.7377777777777778,1.0,0.0,0.0,0.0,2.0,1.0,27.0,0.5233776555173492,0.8848,-0.01875586120662709,0.43999999999999995,1.0,-1.0,0.0,0.0,2.0,1.0,12.0,0.26369765551734914,0.452,-0.01875586120662709,0.6799999999999999,1.0,0.0,-1.0,0.0,0.0,1.0,-170.0,-0.0018278818232700944,0.0012000000000000899,-0.006369704558175315,0.03111111111111109,0.0,0.0,0.0,0.0,0.0,0.0,3.0
189,escaped,0.06720563599992602,0.9272612765957446,0.8904,0.9825531914893617,0.6488888888888888,1.0,0.0,0.0,0.0,2.0,1.0,26.0,escaped,0.17763765900008366,0.9312946831755281,0.902,0.9752367079388201,0.9733333333333334,1.0,0.0,0.0,0.0,2.0,1.0,55.0,escaped,0.13671610400001555,0.96496,0.9416,1.0,0.08888888888888889,1.0,0.0,0.0,0.0,2.0,1.0,154.0,escaped,0.16999563900003523,0.9305252173913043,0.9016000000000001,0.9739130434782609,0.9822222222222222,1.0,0.0,0.0,0.0,2.0,1.0,54.0,-0.004033406579783461,-0.011600000000000055,0.007316483550541597,-0.32444444444444454,0.0,0.0,0.0,0.0,0.0,0.0,-29.0,-0.037698723404255396,-0.05120000000000002,-0.01744680851063829,0.5599999999999999,0.0,0.0,0.0,0.0,0.0,0.0,-128.0,-0.0032639407955596944,-0.011200000000000099,0.008640148011100801,-0.33333333333333337,0.0,0.0,0.0,0.0,0.0,0.0,-28.0
190,escaped,0.1509782959999484,0.9299116323296355,0.8984,0.9771790808240888,0.84,1.0,0.0,0.0,0.0,2.0,1.0,46.0,escaped,0.19053806100009751,0.9340907137601178,0.9032,0.9804267844002943,0.9422222222222222,1.0,0.0,0.0,0.0,2.0,1.0,58.0,escaped,0.07454392499994356,0.9433600000000001,0.9056000000000001,1.0,0.08888888888888889,1.0,0.0,0.0,0.0,2.0,1.0,64.0,escaped,0.1822518899998613,0.9355954389747274,0.9027999999999999,0.9847885974368188,0.9111111111111111,1.0,0.0,0.0,0.0,2.0,1.0,57.0,-0.00417908143048229,-0.0048000000000000265,-0.0032477035762055184,-0.10222222222222221,0.0,0.0,0.0,0.0,0.0,0.0,-12.0,-0.013448367670364614,-0.007200000000000095,-0.022820919175911225,0.7511111111111111,0.0,0.0,0.0,0.0,0.0,0.0,-18.0,-0.005683806645091938,-0.0043999999999999595,-0.007609516612730016,-0.07111111111111112,0.0,0.0,0.0,0.0,0.0,0.0,-11.0
191,escaped,0.07757146999983888,0.9274043209096652,0.8947999999999999,0.976310802274163,0.7288888888888889,1.0,0.0,0.0,0.0,2.0,1.0,37.0,escaped,0.12234313599992674,0.9321812894375857,0.8984,0.9828532235939643,0.8044444444444444,1.0,0.0,0.0,0.0,2.0,1.0,46.0,timeout,0.17044314199984,0.664,0.44,1.0,0.1111111111111111,0.0,0.0,1.0,0.0,2.0,0.0,200.0,escaped,0.11953019599991421,0.930633608815427,0.9,0.9765840220385675,0.9511111111111111,1.0,0.0,0.0,0.0,2.0,1.0,50.0,-0.004776968527920533,-0.0036000000000000476,-0.006542421319801317,-0.07555555555555549,0.0,0.0,0.0,0.0,0.0,0.0,-9.0,0.26340432090966515,0.4547999999999999,-0.023689197725836997,0.6177777777777778,1.0,0.0,-1.0,0.0,0.0,1.0,-163.0,-0.003229287905761824,-0.0052000000000000934,-0.0002732197644045309,-0.2222222222222222,0.0,0.0,0.0,0.0,0.0,0.0,-13.0
192,escaped,0.06621556999994027,0.9324558514931397,0.892,0.9931396287328491,0.6133333333333333,1.0,0.0,0.0,0.0,2.0,1.0,30.0,escaped,0.08218886700001349,0.9310288372093023,0.8927999999999999,0.9883720930232558,0.6622222222222223,1.0,0.0,0.0,0.0,2.0,1.0,32.0,caught,0.06869283899982292,0.4156,0.026,1.0,0.1111111111111111,0.0,1.0,0.0,0.0,0.0,0.0,65.0,caught,0.04389873200011607,0.40384000000000003,0.0064000000000000055,1.0,0.35555555555555557,0.0,1.0,0.0,0.0,0.0,0.0,16.0,0.0014270142838374023,-0.0007999999999999119,0.004767535709593318,-0.04888888888888898,0.0,0.0,0.0,0.0,0.0,0.0,-2.0,0.5168558514931396,0.866,-0.006860371267150889,0.5022222222222221,1.0,-1.0,0.0,0.0,2.0,1.0,-35.0,0.5286158514931396,0.8856,-0.006860371267150889,0.2577777777777777,1.0,-1.0,0.0,0.0,2.0,1.0,14.0
193,escaped,0.1464152969999759,0.9315337227105188,0.9012,0.9770343067762971,0.9155555555555556,1.0,0.0,0.0,0.0,2.0,1.0,53.0,caught,0.1282166779999443,0.4526519241192412,0.1004,0.981029810298103,0.6711111111111111,0.0,1.0,0.0,0.0,1.0,0.0,51.0,timeout,0.17848742699993636,0.616,0.36,1.0,0.1111111111111111,0.0,0.0,1.0,0.0,1.0,0.0,200.0,caught,0.028543220000074143,0.4012,0.002,1.0,0.25333333333333335,0.0,1.0,0.0,0.0,0.0,0.0,5.0,0.4788817985912776,0.8008,-0.003995503521805888,0.24444444444444446,1.0,-1.0,0.0,0.0,1.0,1.0,2.0,0.3155337227105188,0.5412,-0.0229656932237029,0.8044444444444445,1.0,0.0,-1.0,0.0,1.0,1.0,-147.0,0.5303337227105188,0.8992,-0.0229656932237029,0.6622222222222223,1.0,-1.0,0.0,0.0,2.0,1.0,48.0
194,caught,0.03157364599996981,0.44968,0.0828,1.0,0.28,0.0,1.0,0.0,0.0,1.0,0.0,7.0,escaped,0.3452544649999254,0.9375162967483219,0.9144,0.9721907418708047,1.0,1.0,0.0,0.0,0.0,2.0,1.0,86.0,escaped,0.0657402589999947,0.9385600000000001,0.8976000000000001,1.0,0.08888888888888889,1.0,0.0,0.0,0.0,2.0,1.0,44.0,caught,0.15766442000017378,0.49985343927355286,0.18080000000000002,0.978433598183882,0.9244444444444444,0.0,1.0,0.0,0.0,2.0,0.0,52.0,-0.4878362967483219,-0.8316,0.027809258129195324,-0.72,-1.0,1.0,0.0,0.0,-1.0,-1.0,-79.0,-0.48888000000000004,-0.8148000000000001,0.0,0.19111111111111112,-1.0,1.0,0.0,0.0,-1.0,-1.0,-37.0,-0.05017343927355283,-0.09800000000000002,0.02156640181611802,-0.6444444444444444,0.0,0.0,0.0,0.0,-1.0,0.0,-45.0
195,escaped,0.10852768800009471,0.9336735737045112,0.8984,0.9865839342612779,0.8266666666666667,1.0,0.0,0.0,0.0,2.0,1.0,46.0,escaped,0.07579518900001858,0.9268787860394536,0.8927999999999999,0.9779969650986343,0.6177777777777778,1.0,0.0,0.0,0.0,2.0,1.0,32.0,escaped,0.05975687599993762,0.9385600000000001,0.8976000000000001,1.0,0.08888888888888889,1.0,0.0,0.0,0.0,2.0,1.0,44.0,caught,0.10269087999995463,0.4997081053307643,0.1756,0.9858702633269107,0.8177777777777778,0.0,1.0,0.0,0.0,2.0,0.0,39.0,0.006794787665057589,0.005600000000000049,0.008586969162643565,0.2088888888888889,0.0,0.0,0.0,0.0,0.0,0.0,14.0,-0.004886426295488855,0.0007999999999999119,-0.013416065738722116,0.7377777777777778,0.0,0.0,0.0,0.0,0.0,0.0,2.0,0.4339654683737469,0.7228,0.0007136709343671388,0.008888888888888835,1.0,-1.0,0.0,0.0,0.0,1.0,7.0
196,escaped,0.08375219399999878,0.9298559963395105,0.8956000000000001,0.981239990848776,0.7422222222222222,1.0,0.0,0.0,0.0,2.0,1.0,39.0,escaped,0.16737287199998718,0.9358821986499518,0.9072,0.9789054966248795,0.7466666666666667,1.0,0.0,0.0,0.0,2.0,1.0,68.0,escaped,0.13517821799996455,0.96616,0.9436,1.0,0.08888888888888889,1.0,0.0,0.0,0.0,2.0,1.0,159.0,escaped,0.0871239840000726,0.9298559963395105,0.8956000000000001,0.981239990848776,0.7422222222222222,1.0,0.0,0.0,0.0,2.0,1.0,39.0,-0.006026202310441264,-0.011599999999999944,0.0023344942238965327,-0.004444444444444473,0.0,0.0,0.0,0.0,0.0,0.0,-29.0,-0.03630400366048947,-0.04799999999999993,-0.018760009151224,0.6533333333333333,0.0,0.0,0.0,0.0,0.0,0.0,-120.0,0.0,0.0,0.0,0.0,0.0,0.0,0.0,0.0,0.0,0.0,0.0
197,escaped,0.1393394280000848,0.9372224551647435,0.9064,0.9834561379118587,0.8933333333333333,1.0,0.0,0.0,0.0,2.0,1.0,66.0,caught,0.12894176000008883,0.4999343894669781,0.1776,0.9834359736674453,0.7777777777777778,0.0,1.0,0.0,0.0,2.0,0.0,44.0,escaped,0.06080777500005752,0.93928,0.8987999999999999,1.0,0.08888888888888889,1.0,0.0,0.0,0.0,2.0,1.0,47.0,caught,0.031172896000043693,0.40192,0.0031999999999999884,1.0,0.24888888888888888,0.0,1.0,0.0,0.0,0.0,0.0,8.0,0.43728806569776535,0.7288,2.0164244413423127e-05,0.11555555555555552,1.0,-1.0,0.0,0.0,0.0,1.0,22.0,-0.002057544835256553,0.007600000000000051,-0.016543862088141292,0.8044444444444444,0.0,0.0,0.0,0.0,0.0,0.0,19.0,0.5353024551647434,0.9032,-0.016543862088141292,0.6444444444444444,1.0,-1.0,0.0,0.0,2.0,1.0,58.0
198,escaped,0.1767666029998054,0.9369255742585594,0.9047999999999999,0.9851139356463987,0.9733333333333334,1.0,0.0,0.0,0.0,2.0,1.0,62.0,escaped,0.18469837099996766,0.9383899851949333,0.9027999999999999,0.9917749629873335,0.6622222222222223,1.0,0.0,0.0,0.0,2.0,1.0,57.0,escaped,0.11550469200005864,0.9544,0.924,1.0,0.08888888888888889,1.0,0.0,0.0,0.0,2.0,1.0,110.0,escaped,0.17615776599996025,0.9343471459381739,0.9027999999999999,0.9816678648454349,0.9911111111111112,1.0,0.0,0.0,0.0,2.0,1.0,57.0,-0.00146441093637395,0.0020000000000000018,-0.0066610273409347664,0.3111111111111111,0.0,0.0,0.0,0.0,0.0,0.0,5.0,-0.017474425741440647,-0.019200000000000106,-0.014886064353601292,0.8844444444444445,0.0,0.0,0.0,0.0,0.0,0.0,-48.0,0.002578428320385462,0.0020000000000000018,0.0034460708009638186,-0.01777777777777778,0.0,0.0,0.0,0.0,0.0,0.0,5.0
199,escaped,0.040009740000186866,0.9313600000000001,0.8856,1.0,0.4088888888888889,1.0,0.0,0.0,0.0,2.0,1.0,14.0,escaped,0.04682516499997291,0.9316,0.886,1.0,0.4,1.0,0.0,0.0,0.0,2.0,1.0,15.0,escaped,0.038971950999894034,0.93304,0.8884,1.0,0.08888888888888889,1.0,0.0,0.0,0.0,2.0,1.0,21.0,escaped,0.040786956000147256,0.9313600000000001,0.8856,1.0,0.4088888888888889,1.0,0.0,0.0,0.0,2.0,1.0,14.0,-0.00023999999999990695,-0.00039999999999995595,0.0,0.00888888888888889,0.0,0.0,0.0,0.0,0.0,0.0,-1.0,-0.0016799999999999038,-0.0027999999999999137,0.0,0.32,0.0,0.0,0.0,0.0,0.0,0.0,-7.0,0.0,0.0,0.0,0.0,0.0,0.0,0.0,0.0,0.0,0.0,0.0
200,escaped,0.08756533099995067,0.9315618644067797,0.896,0.9849046610169492,0.7333333333333333,1.0,0.0,0.0,0.0,2.0,1.0,40.0,escaped,0.0873034149999512,0.9321630443311102,0.894,0.9894076108277756,0.6,1.0,0.0,0.0,0.0,2.0,1.0,35.0,timeout,0.17545833100007258,0.664,0.44,1.0,0.08888888888888889,0.0,0.0,1.0,0.0,2.0,0.0,200.0,caught,0.034825471999965885,0.44933559845559845,0.0848,0.9961389961389961,0.27555555555555555,0.0,1.0,0.0,0.0,1.0,0.0,12.0,-0.0006011799243305083,0.0020000000000000018,-0.00450294981082644,0.1333333333333333,0.0,0.0,0.0,0.0,0.0,0.0,5.0,0.26756186440677965,0.456,-0.015095338983050821,0.6444444444444444,1.0,0.0,-1.0,0.0,0.0,1.0,-160.0,0.48222626595118123,0.8112,-0.011234335122046968,0.45777777777777773,1.0,-1.0,0.0,0.0,1.0,1.0,28.0
201,escaped,0.2281967800001894,0.9384388776900028,0.9112,0.9792971942250068,0.96,1.0,0.0,0.0,0.0,2.0,1.0,78.0,caught,0.0881146249998892,0.49917232815964524,0.1712,0.991130820399113,0.4622222222222222,0.0,1.0,0.0,0.0,2.0,0.0,28.0,escaped,0.0487241810001251,0.93568,0.8927999999999999,1.0,0.08888888888888889,1.0,0.0,0.0,0.0,2.0,1.0,32.0,escaped,0.22086856500004615,0.9391972756683127,0.912,0.9799931891707816,0.9822222222222222,1.0,0.0,0.0,0.0,2.0,1.0,80.0,0.43926654953035754,0.74,-0.011833626174106215,0.49777777777777776,1.0,-1.0,0.0,0.0,0.0,1.0,50.0,0.0027588776900028256,0.018400000000000083,-0.02070280577499317,0.8711111111111111,0.0,0.0,0.0,0.0,0.0,0.0,46.0,-0.0007583979783098993,-0.0008000000000000229,-0.0006959949457747694,-0.022222222222222254,0.0,0.0,0.0,0.0,0.0,0.0,-2.0
202,escaped,0.048535600000150225,0.9265213865271419,0.888,0.9843034663178548,0.5555555555555556,1.0,0.0,0.0,0.0,2.0,1.0,20.0,escaped,0.1287457620001078,0.9240221215733015,0.8984,0.9624553039332538,0.84,1.0,0.0,0.0,0.0,2.0,1.0,46.0,caught,0.05642936700019163,0.5068,0.178,1.0,0.1111111111111111,0.0,1.0,0.0,0.0,2.0,0.0,45.0,escaped,0.05107180999993943,0.9276588645306352,0.8887999999999999,0.985947161326588,0.5866666666666667,1.0,0.0,0.0,0.0,2.0,1.0,22.0,0.002499264953840341,-0.010399999999999965,0.021848162384600966,-0.2844444444444444,0.0,0.0,0.0,0.0,0.0,0.0,-26.0,0.41972138652714186,0.71,-0.015696533682145186,0.4444444444444445,1.0,-1.0,0.0,0.0,0.0,1.0,-25.0,-0.0011374780034932863,-0.0007999999999999119,-0.0016436950087331814,-0.03111111111111109,0.0,0.0,0.0,0.0,0.0,0.0,-2.0
203,escaped,0.14703208300011283,0.932525906945381,0.9004,0.9807147673634524,0.9244444444444444,1.0,0.0,0.0,0.0,2.0,1.0,51.0,escaped,0.15096968800003197,0.9344127421162158,0.902,0.9830318552905395,0.7822222222222223,1.0,0.0,0.0,0.0,2.0,1.0,55.0,timeout,0.22554193600012695,0.664,0.44,1.0,0.1111111111111111,0.0,0.0,1.0,0.0,2.0,0.0,200.0,caught,0.10107540900003187,0.4946439024390244,0.174,0.975609756097561,0.8577777777777778,0.0,1.0,0.0,0.0,2.0,0.0,35.0,-0.0018868351708348774,-0.0016000000000000458,-0.0023170879270870692,0.14222222222222214,0.0,0.0,0.0,0.0,0.0,0.0,-4.0,0.2685259069453809,0.4604,-0.019285232636547578,0.8133333333333332,1.0,0.0,-1.0,0.0,0.0,1.0,-149.0,0.43788200450635656,0.7263999999999999,0.005105011265891468,0.06666666666666665,1.0,-1.0,0.0,0.0,0.0,1.0,16.0
204,escaped,0.17694042399989485,0.9316283322018557,0.904,0.973070830504639,0.9866666666666667,1.0,0.0,0.0,0.0,2.0,1.0,60.0,escaped,0.3243750029998864,0.9354552039262143,0.912,0.9706380098155356,0.9955555555555555,1.0,0.0,0.0,0.0,2.0,1.0,80.0,timeout,0.180599108000024,0.616,0.36,1.0,0.1111111111111111,0.0,0.0,1.0,0.0,1.0,0.0,200.0,escaped,0.1439018380001471,0.9288519850984567,0.9012,0.9703299627461416,0.9866666666666667,1.0,0.0,0.0,0.0,2.0,1.0,53.0,-0.0038268717243585826,-0.008000000000000007,0.002432820689103443,-0.008888888888888835,0.0,0.0,0.0,0.0,0.0,0.0,-20.0,0.3156283322018557,0.544,-0.02692916949536095,0.8755555555555556,1.0,0.0,-1.0,0.0,1.0,1.0,-140.0,0.002776347103399024,0.0028000000000000247,0.0027408677584974672,0.0,0.0,0.0,0.0,0.0,0.0,0.0,7.0
205,escaped,0.17958764500008328,0.9353299214184969,0.908,0.9763248035462422,0.9911111111111112,1.0,0.0,0.0,0.0,2.0,1.0,70.0,escaped,0.2287025339999218,0.9341805843872657,0.9076000000000001,0.974051460968164,0.9733333333333334,1.0,0.0,0.0,0.0,2.0,1.0,69.0,escaped,0.13030781299994487,0.96256,0.9376,1.0,0.08888888888888889,1.0,0.0,0.0,0.0,2.0,1.0,144.0,escaped,0.16317820399990524,0.9332480993090526,0.9027999999999999,0.9789202482726315,0.9688888888888889,1.0,0.0,0.0,0.0,2.0,1.0,57.0,0.0011493370312312123,0.00039999999999995595,0.002273342578078208,0.01777777777777778,0.0,0.0,0.0,0.0,0.0,0.0,1.0,-0.02723007858150306,-0.02959999999999996,-0.02367519645375782,0.9022222222222223,0.0,0.0,0.0,0.0,0.0,0.0,-74.0,0.002081822109444298,0.0052000000000000934,-0.0025954447263892844,0.022222222222222254,0.0,0.0,0.0,0.0,0.0,0.0,13.0
206,escaped,0.17813747700006388,0.9330613333333333,0.906,0.9736533333333334,0.9911111111111112,1.0,0.0,0.0,0.0,2.0,1.0,65.0,escaped,0.29603494499997396,0.9413773442068011,0.9144,0.9818433605170026,0.9955555555555555,1.0,0.0,0.0,0.0,2.0,1.0,86.0,timeout,0.18338478800001212,0.664,0.44,1.0,0.1111111111111111,0.0,0.0,1.0,0.0,2.0,0.0,200.0,escaped,0.18320079299996905,0.9334455103318723,0.9064,0.9740137758296806,0.9911111111111112,1.0,0.0,0.0,0.0,2.0,1.0,66.0,-0.008316010873467783,-0.008399999999999963,-0.008190027183669235,-0.004444444444444362,0.0,0.0,0.0,0.0,0.0,0.0,-21.0,0.26906133333333326,0.466,-0.02634666666666663,0.8800000000000001,1.0,0.0,-1.0,0.0,0.0,1.0,-135.0,-0.00038417699853898757,-0.00039999999999995595,-0.00036044249634725745,0.0,0.0,0.0,0.0,0.0,0.0,0.0,-1.0
207,escaped,0.5142374750000727,0.9669066514350992,0.9596,0.9778666285877481,0.9155555555555556,1.0,0.0,0.0,0.0,2.0,1.0,199.0,escaped,0.3092696370001704,0.940039128186184,0.9176,0.9736978204654599,0.96,1.0,0.0,0.0,0.0,2.0,1.0,94.0,escaped,0.1402975159999187,0.96568,0.9428,1.0,0.08888888888888889,1.0,0.0,0.0,0.0,2.0,1.0,157.0,escaped,0.22976039900004253,0.9389030516329929,0.9156,0.9738576290824824,0.9777777777777777,1.0,0.0,0.0,0.0,2.0,1.0,89.0,0.02686752324891528,0.04200000000000004,0.004168808122288148,-0.0444444444444444,0.0,0.0,0.0,0.0,0.0,0.0,105.0,0.0012266514350992574,0.016800000000000037,-0.022133371412251912,0.8266666666666667,0.0,0.0,0.0,0.0,0.0,0.0,42.0,0.028003599802106316,0.04400000000000004,0.004008999505265676,-0.06222222222222218,0.0,0.0,0.0,0.0,0.0,0.0,110.0
208,escaped,0.2973037470001145,0.9438928383604022,0.9168,0.9845320959010054,1.0,1.0,0.0,0.0,0.0,2.0,1.0,92.0,escaped,0.2569184840001526,0.9369719744620477,0.9052,0.9846299361551194,0.9333333333333333,1.0,0.0,0.0,0.0,2.0,1.0,63.0,escaped,0.15095697199990354,0.96712,0.9452,1.0,0.08888888888888889,1.0,0.0,0.0,0.0,2.0,1.0,163.0,escaped,0.3061392980000619,0.9450092596503579,0.9184,0.9849231491258946,0.9911111111111112,1.0,0.0,0.0,0.0,2.0,1.0,96.0,0.006920863898354446,0.011599999999999944,-9.78402541139678e-05,0.06666666666666665,0.0,0.0,0.0,0.0,0.0,0.0,29.0,-0.023227161639597815,-0.028400000000000092,-0.015467904098994567,0.9111111111111111,0.0,0.0,0.0,0.0,0.0,0.0,-71.0,-0.0011164212899557047,-0.0016000000000000458,-0.0003910532248891929,0.008888888888888835,0.0,0.0,0.0,0.0,0.0,0.0,-4.0
209,escaped,0.2557957209999131,0.9452177362595175,0.92,0.9830443406487939,0.9866666666666667,1.0,0.0,0.0,0.0,2.0,1.0,100.0,escaped,0.3008205630001157,0.9377885565398645,0.9116000000000001,0.9770713913496613,0.9155555555555556,1.0,0.0,0.0,0.0,2.0,1.0,79.0,escaped,0.13562048200014942,0.96328,0.9388,1.0,0.08888888888888889,1.0,0.0,0.0,0.0,2.0,1.0,147.0,escaped,0.1558061320001798,0.9352878898399701,0.9047999999999999,0.9810197245999256,0.9822222222222222,1.0,0.0,0.0,0.0,2.0,1.0,62.0,0.007429179719653067,0.008399999999999963,0.005972949299132613,0.07111111111111112,0.0,0.0,0.0,0.0,0.0,0.0,21.0,-0.018062263740482476,-0.018799999999999928,-0.01695565935120613,0.8977777777777778,0.0,0.0,0.0,0.0,0.0,0.0,-47.0,0.009929846419547417,0.015200000000000102,0.0020246160488682774,0.004444444444444473,0.0,0.0,0.0,0.0,0.0,0.0,38.0
210,escaped,0.14997363800011954,0.9360048724781119,0.904,0.9840121811952798,0.8622222222222222,1.0,0.0,0.0,0.0,2.0,1.0,60.0,caught,0.20728763300007813,0.5030844977511244,0.18680000000000002,0.9775112443778111,0.9555555555555556,0.0,1.0,0.0,0.0,2.0,0.0,67.0,timeout,0.17870974600009504,0.664,0.44,1.0,0.1111111111111111,0.0,0.0,1.0,0.0,2.0,0.0,200.0,caught,0.12187329099992894,0.4972317925247903,0.1768,0.9778794813119756,0.8977777777777778,0.0,1.0,0.0,0.0,2.0,0.0,42.0,0.4329203747269875,0.7172000000000001,0.006500936817468661,-0.09333333333333338,1.0,-1.0,0.0,0.0,0.0,1.0,-7.0,0.2720048724781119,0.464,-0.015987818804720222,0.7511111111111111,1.0,0.0,-1.0,0.0,0.0,1.0,-140.0,0.43877307995332165,0.7272000000000001,0.006132699883304227,-0.03555555555555556,1.0,-1.0,0.0,0.0,0.0,1.0,18.0
211,escaped,0.19514867699990646,0.9353906984211935,0.9032,0.9836767460529837,0.8,1.0,0.0,0.0,0.0,2.0,1.0,58.0,escaped,0.13003903699996044,0.931730802919708,0.8996000000000001,0.9799270072992701,0.6933333333333334,1.0,0.0,0.0,0.0,2.0,1.0,49.0,timeout,0.18900272800010498,0.664,0.44,1.0,0.1111111111111111,0.0,0.0,1.0,0.0,2.0,0.0,200.0,caught,0.046929331000001184,0.45280000000000004,0.088,1.0,0.5555555555555556,0.0,1.0,0.0,0.0,1.0,0.0,20.0,0.0036598955014854884,0.0035999999999999366,0.0037497387537136495,0.10666666666666669,0.0,0.0,0.0,0.0,0.0,0.0,9.0,0.27139069842119345,0.4632,-0.01632325394701628,0.6888888888888889,1.0,0.0,-1.0,0.0,0.0,1.0,-142.0,0.48259069842119345,0.8152,-0.01632325394701628,0.24444444444444446,1.0,-1.0,0.0,0.0,1.0,1.0,38.0
212,escaped,0.08418985000002976,0.9306436007827787,0.8967999999999999,0.9814090019569471,0.5911111111111111,1.0,0.0,0.0,0.0,2.0,1.0,42.0,escaped,0.08515834199988603,0.9303120865533231,0.8956000000000001,0.9823802163833075,0.5333333333333333,1.0,0.0,0.0,0.0,2.0,1.0,39.0,escaped,0.06003388299996004,0.93904,0.8984,1.0,0.08888888888888889,1.0,0.0,0.0,0.0,2.0,1.0,46.0,escaped,0.064651541999865,0.9302180795500201,0.892,0.9875451988750502,0.5555555555555556,1.0,0.0,0.0,0.0,2.0,1.0,30.0,0.0003315142294556539,0.0011999999999998678,-0.0009712144263603895,0.05777777777777782,0.0,0.0,0.0,0.0,0.0,0.0,3.0,-0.00839639921722124,-0.0016000000000000458,-0.018590998043052864,0.5022222222222222,0.0,0.0,0.0,0.0,0.0,0.0,-4.0,0.00042552123275862996,0.0047999999999999154,-0.006136196918103076,0.03555555555555556,0.0,0.0,0.0,0.0,0.0,0.0,12.0
213,escaped,0.09306796999999278,0.9307172258669166,0.8964,0.9821930646672915,0.6888888888888889,1.0,0.0,0.0,0.0,2.0,1.0,41.0,escaped,0.12968824400013546,0.9304254962435745,0.8992,0.9772637406089364,0.7822222222222223,1.0,0.0,0.0,0.0,2.0,1.0,48.0,escaped,0.0843711490001624,0.94672,0.9112,1.0,0.08888888888888889,1.0,0.0,0.0,0.0,2.0,1.0,78.0,escaped,0.08050458000002436,0.9302829686641011,0.8947999999999999,0.9835074216602528,0.6666666666666666,1.0,0.0,0.0,0.0,2.0,1.0,37.0,0.0002917296233421185,-0.0028000000000000247,0.004929324058355111,-0.09333333333333338,0.0,0.0,0.0,0.0,0.0,0.0,-7.0,-0.016002774133083375,-0.014800000000000035,-0.017806935332708496,0.6,0.0,0.0,0.0,0.0,0.0,0.0,-37.0,0.0004342572028155356,0.0016000000000000458,-0.0013143569929613408,0.022222222222222254,0.0,0.0,0.0,0.0,0.0,0.0,4.0
214,escaped,0.16005498599997736,0.9374247774990095,0.9067999999999999,0.9833619437475241,0.8311111111111111,1.0,0.0,0.0,0.0,2.0,1.0,67.0,escaped,0.18383998600006635,0.9369676928848317,0.9052,0.9846192322120795,0.88,1.0,0.0,0.0,0.0,2.0,1.0,63.0,timeout,0.1746874250000019,0.664,0.44,1.0,0.1111111111111111,0.0,0.0,1.0,0.0,2.0,0.0,200.0,caught,0.05319213199982187,0.4993756920799408,0.1676,0.997039230199852,0.5377777777777778,0.0,1.0,0.0,0.0,2.0,0.0,19.0,0.0004570846141778162,0.0015999999999999348,-0.0012572884645554172,-0.04888888888888887,0.0,0.0,0.0,0.0,0.0,0.0,4.0,0.2734247774990095,0.46679999999999994,-0.01663805625247594,0.72,1.0,0.0,-1.0,0.0,0.0,1.0,-133.0,0.43804908541906873,0.7392,-0.013677286452327908,0.29333333333333333,1.0,-1.0,0.0,0.0,0.0,1.0,48.0
215,escaped,0.06693703099995219,0.9264929173508484,0.8887999999999999,0.983032293377121,0.5377777777777778,1.0,0.0,0.0,0.0,2.0,1.0,22.0,escaped,0.31932093699992947,0.9381967696339235,0.9124,0.9768919240848091,1.0,1.0,0.0,0.0,0.0,2.0,1.0,81.0,escaped,0.10187735700014855,0.95128,0.9188,1.0,0.08888888888888889,1.0,0.0,0.0,0.0,2.0,1.0,97.0,caught,0.1193103840000731,0.4462356462585034,0.0952,0.9727891156462585,0.7688888888888888,0.0,1.0,0.0,0.0,1.0,0.0,38.0,-0.011703852283075133,-0.023600000000000065,0.006140369292311876,-0.4622222222222222,0.0,0.0,0.0,0.0,0.0,0.0,-59.0,-0.024787082649151637,-0.030000000000000027,-0.016967706622879053,0.4488888888888889,0.0,0.0,0.0,0.0,0.0,0.0,-75.0,0.48025727109234495,0.7935999999999999,0.010243177730862474,-0.23111111111111104,1.0,-1.0,0.0,0.0,1.0,1.0,-16.0
216,escaped,0.16705978400000276,0.9355404634114413,0.904,0.9828511585286033,0.6933333333333334,1.0,0.0,0.0,0.0,2.0,1.0,60.0,escaped,0.3090358929998729,0.9400767461430575,0.9124,0.9815918653576438,0.9955555555555555,1.0,0.0,0.0,0.0,2.0,1.0,81.0,timeout,0.19316015899994454,0.664,0.44,1.0,0.1111111111111111,0.0,0.0,1.0,0.0,2.0,0.0,200.0,caught,0.06319921499994052,0.49933747714808047,0.168,0.9963436928702011,0.5555555555555556,0.0,1.0,0.0,0.0,2.0,0.0,20.0,-0.004536282731616215,-0.008399999999999963,0.001259293170959519,-0.30222222222222217,0.0,0.0,0.0,0.0,0.0,0.0,-21.0,0.2715404634114412,0.464,-0.017148841471396725,0.5822222222222222,1.0,0.0,-1.0,0.0,0.0,1.0,-140.0,0.4362029862633608,0.736,-0.013492534341597806,0.13777777777777778,1.0,-1.0,0.0,0.0,0.0,1.0,40.0
217,escaped,0.23787993599989932,0.9408644736281678,0.9172,0.9763611840704195,0.9644444444444444,1.0,0.0,0.0,0.0,2.0,1.0,93.0,escaped,0.35785097000007227,0.9398949906402096,0.9152,0.9769374766005241,0.9866666666666667,1.0,0.0,0.0,0.0,2.0,1.0,88.0,timeout,0.2094337020000694,0.616,0.36,1.0,0.1111111111111111,0.0,0.0,1.0,0.0,1.0,0.0,200.0,escaped,0.15552593399979742,0.9292031503579952,0.9007999999999999,0.9718078758949881,0.8755555555555555,1.0,0.0,0.0,0.0,2.0,1.0,52.0,0.0009694829879581812,0.0020000000000000018,-0.0005762925301046051,-0.022222222222222254,0.0,0.0,0.0,0.0,0.0,0.0,5.0,0.32486447362816784,0.5572,-0.023638815929580503,0.8533333333333333,1.0,0.0,-1.0,0.0,1.0,1.0,-107.0,0.011661323270172663,0.01640000000000008,0.004553308175431425,0.0888888888888889,0.0,0.0,0.0,0.0,0.0,0.0,41.0
218,escaped,0.2134879230000024,0.9342400347335287,0.9047999999999999,0.9784000868338217,0.9822222222222222,1.0,0.0,0.0,0.0,2.0,1.0,62.0,escaped,0.2409971659999428,0.9333699874815068,0.9064,0.9738249687037669,0.9822222222222222,1.0,0.0,0.0,0.0,2.0,1.0,66.0,caught,0.15742626600012954,0.538,0.23,1.0,0.07111111111111111,0.0,1.0,0.0,0.0,2.0,0.0,175.0,escaped,0.18693753599995944,0.9342400347335287,0.9047999999999999,0.9784000868338217,0.9822222222222222,1.0,0.0,0.0,0.0,2.0,1.0,62.0,0.0008700472520218883,-0.0016000000000000458,0.004575118130054845,0.0,0.0,0.0,0.0,0.0,0.0,0.0,-4.0,0.39624003473352865,0.6748,-0.021599913166178264,0.9111111111111111,1.0,-1.0,0.0,0.0,0.0,1.0,-113.0,0.0,0.0,0.0,0.0,0.0,0.0,0.0,0.0,0.0,0.0,0.0
219,escaped,0.06544015500003297,0.9314049122807018,0.8924,0.9899122807017544,0.6044444444444445,1.0,0.0,0.0,0.0,2.0,1.0,31.0,escaped,0.11673351600006754,0.9328490949665261,0.898,0.9851227374163154,0.7288888888888889,1.0,0.0,0.0,0.0,2.0,1.0,45.0,escaped,0.048539325000092504,0.9354399999999999,0.8924,1.0,0.08888888888888889,1.0,0.0,0.0,0.0,2.0,1.0,31.0,escaped,0.06719148000001951,0.9314049122807018,0.8924,0.9899122807017544,0.6044444444444445,1.0,0.0,0.0,0.0,2.0,1.0,31.0,-0.0014441826858243578,-0.005600000000000049,0.004789543285439013,-0.12444444444444447,0.0,0.0,0.0,0.0,0.0,0.0,-14.0,-0.004035087719298169,0.0,-0.01008771929824559,0.5155555555555555,0.0,0.0,0.0,0.0,0.0,0.0,0.0,0.0,0.0,0.0,0.0,0.0,0.0,0.0,0.0,0.0,0.0,0.0
220,escaped,0.13517170199997963,0.9377764157005168,0.9084,0.9818410392512921,0.5466666666666666,1.0,0.0,0.0,0.0,2.0,1.0,71.0,escaped,0.31594344499990257,0.9396232103927131,0.9152,0.9762580259817829,0.9511111111111111,1.0,0.0,0.0,0.0,2.0,1.0,88.0,caught,0.07655405399987103,0.5132800000000001,0.18880000000000002,1.0,0.07111111111111111,0.0,1.0,0.0,0.0,2.0,0.0,72.0,caught,0.03219888900002843,0.44992000000000004,0.0832,1.0,0.28444444444444444,0.0,1.0,0.0,0.0,1.0,0.0,8.0,-0.0018467946921962852,-0.006800000000000028,0.005583013269509163,-0.4044444444444445,0.0,0.0,0.0,0.0,0.0,0.0,-17.0,0.42449641570051677,0.7196,-0.01815896074870793,0.4755555555555555,1.0,-1.0,0.0,0.0,0.0,1.0,-1.0,0.4878564157005168,0.8251999999999999,-0.01815896074870793,0.2622222222222222,1.0,-1.0,0.0,0.0,1.0,1.0,63.0
221,escaped,0.10394754099979764,0.9279317671092951,0.898,0.972829417773238,0.7644444444444445,1.0,0.0,0.0,0.0,2.0,1.0,45.0,caught,0.05888421700001345,0.40504,0.008400000000000006,1.0,0.31555555555555553,0.0,1.0,0.0,0.0,0.0,0.0,21.0,escaped,0.08261079799990512,0.94528,0.9087999999999999,1.0,0.08888888888888889,1.0,0.0,0.0,0.0,2.0,1.0,72.0,escaped,0.1296676160000061,0.9291149969933854,0.9007999999999999,0.9715874924834637,0.9866666666666667,1.0,0.0,0.0,0.0,2.0,1.0,52.0,0.5228917671092952,0.8896000000000001,-0.027170582226762052,0.44888888888888895,1.0,-1.0,0.0,0.0,2.0,1.0,24.0,-0.017348232890704862,-0.01079999999999992,-0.027170582226762052,0.6755555555555556,0.0,0.0,0.0,0.0,0.0,0.0,-27.0,-0.0011832298840902533,-0.0027999999999999137,0.0012419252897742927,-0.2222222222222222,0.0,0.0,0.0,0.0,0.0,0.0,-7.0
222,escaped,0.10630619200014735,0.9328391575742198,0.8972,0.9862978939355493,0.6311111111111111,1.0,0.0,0.0,0.0,2.0,1.0,43.0,escaped,0.1687049230001776,0.9341239229300469,0.9012,0.9835098073251172,0.9022222222222223,1.0,0.0,0.0,0.0,2.0,1.0,53.0,escaped,0.0907759840001745,0.94864,0.9144,1.0,0.08888888888888889,1.0,0.0,0.0,0.0,2.0,1.0,86.0,escaped,0.10777615500001048,0.9337230129005409,0.898,0.9873075322513525,0.7955555555555556,1.0,0.0,0.0,0.0,2.0,1.0,45.0,-0.001284765355827111,-0.0040000000000000036,0.002788086610432172,-0.2711111111111112,0.0,0.0,0.0,0.0,0.0,0.0,-10.0,-0.01580084242578028,-0.017199999999999993,-0.013702106064450659,0.5422222222222222,0.0,0.0,0.0,0.0,0.0,0.0,-43.0,-0.0008838553263211812,-0.0008000000000000229,-0.0010096383158031408,-0.1644444444444445,0.0,0.0,0.0,0.0,0.0,0.0,-2.0
223,escaped,0.12393735199998446,0.9296841433079637,0.8984,0.976610358269909,0.9111111111111111,1.0,0.0,0.0,0.0,2.0,1.0,46.0,escaped,0.22820000399997298,0.9373988133810225,0.9092,0.9796970334525563,0.9066666666666666,1.0,0.0,0.0,0.0,2.0,1.0,73.0,escaped,0.16742966699985118,0.9726400000000001,0.9544,1.0,0.08888888888888889,1.0,0.0,0.0,0.0,2.0,1.0,186.0,escaped,0.13368671900002482,0.9291692596944771,0.8984,0.9753231492361927,0.9288888888888889,1.0,0.0,0.0,0.0,2.0,1.0,46.0,-0.007714670073058816,-0.010800000000000032,-0.0030866751826472694,0.004444444444444473,0.0,0.0,0.0,0.0,0.0,0.0,-27.0,-0.04295585669203639,-0.05600000000000005,-0.02338964173009095,0.8222222222222222,0.0,0.0,0.0,0.0,0.0,0.0,-140.0,0.0005148836134866164,0.0,0.0012872090337163744,-0.01777777777777778,0.0,0.0,0.0,0.0,0.0,0.0,0.0
224,escaped,0.2586017250000623,0.9434989499290493,0.9184,0.9811473748226232,0.9777777777777777,1.0,0.0,0.0,0.0,2.0,1.0,96.0,escaped,0.48427506099983475,0.9470938604998135,0.9324,0.9691346512495338,0.9955555555555555,1.0,0.0,0.0,0.0,2.0,1.0,131.0,timeout,0.17280660200003695,0.616,0.36,1.0,0.1111111111111111,0.0,0.0,1.0,0.0,1.0,0.0,200.0,escaped,0.23149154199995792,0.941461806341577,0.9136,0.9832545158539422,0.9777777777777777,1.0,0.0,0.0,0.0,2.0,1.0,84.0,-0.0035949105707642204,-0.014000000000000012,0.012012723573089357,-0.01777777777777778,0.0,0.0,0.0,0.0,0.0,0.0,-35.0,0.32749894992904927,0.5584,-0.018852625177376847,0.8666666666666667,1.0,0.0,-1.0,0.0,1.0,1.0,-104.0,0.002037143587472312,0.0048000000000000265,-0.0021071410313190375,0.0,0.0,0.0,0.0,0.0,0.0,0.0,12.0
225,caught,0.049717492999889146,0.4022953036944271,0.008,0.9937382592360676,0.5111111111111111,0.0,1.0,0.0,0.0,0.0,0.0,20.0,escaped,0.2488385730000573,0.9377440158259149,0.912,0.9763600395647873,1.0,1.0,0.0,0.0,0.0,2.0,1.0,80.0,escaped,0.15419655899995632,0.97072,0.9512,1.0,0.08888888888888889,1.0,0.0,0.0,0.0,2.0,1.0,178.0,caught,0.17834664799988786,0.5032650285040299,0.186,0.9791625712600747,0.9466666666666667,0.0,1.0,0.0,0.0,2.0,0.0,65.0,-0.5354487121314878,-0.904,0.01737821967128028,-0.48888888888888893,-1.0,1.0,0.0,0.0,-2.0,-1.0,-60.0,-0.5684246963055729,-0.9432,-0.0062617407639323774,0.42222222222222217,-1.0,1.0,0.0,0.0,-2.0,-1.0,-158.0,-0.10096972480960276,-0.178,0.014575687975992957,-0.4355555555555556,0.0,0.0,0.0,0.0,-2.0,0.0,-45.0
226,escaped,0.19370248599989282,0.933102630250172,0.9047999999999999,0.9755565756254303,0.8666666666666667,1.0,0.0,0.0,0.0,2.0,1.0,62.0,caught,0.09156180000013592,0.4468960391198044,0.0912,0.980440097799511,0.5022222222222222,0.0,1.0,0.0,0.0,1.0,0.0,28.0,escaped,0.17263229900004262,0.97072,0.9512,1.0,0.08888888888888889,1.0,0.0,0.0,0.0,2.0,1.0,178.0,caught,0.11532147200000509,0.49535595857112663,0.1764,0.9737898964278165,0.8177777777777778,0.0,1.0,0.0,0.0,2.0,0.0,41.0,0.4862065911303676,0.8135999999999999,-0.004883522174080723,0.36444444444444446,1.0,-1.0,0.0,0.0,1.0,1.0,34.0,-0.03761736974982799,-0.04640000000000011,-0.0244434243745697,0.7777777777777778,0.0,0.0,0.0,0.0,0.0,0.0,-116.0,0.4377466716790454,0.7283999999999999,0.001766679197613752,0.04888888888888887,1.0,-1.0,0.0,0.0,0.0,1.0,21.0
227,escaped,0.11806819000003088,0.9271665630144503,0.898,0.9709164075361258,0.8577777777777778,1.0,0.0,0.0,0.0,2.0,1.0,45.0,caught,0.2613126609999199,0.502459548156956,0.18880000000000002,0.97294887039239,0.9288888888888889,0.0,1.0,0.0,0.0,2.0,0.0,72.0,escaped,0.04940344700003152,0.93472,0.8912,1.0,0.08888888888888889,1.0,0.0,0.0,0.0,2.0,1.0,28.0,escaped,0.12411800099994252,0.9272397292847997,0.898,0.9710993232119993,0.8577777777777778,1.0,0.0,0.0,0.0,2.0,1.0,45.0,0.4247070148574943,0.7092,-0.002032462856264128,-0.07111111111111112,1.0,-1.0,0.0,0.0,0.0,1.0,-27.0,-0.007553436985549666,0.006800000000000028,-0.029083592463874153,0.7688888888888888,0.0,0.0,0.0,0.0,0.0,0.0,17.0,-7.31662703493674e-05,0.0,-0.00018291567587347402,0.0,0.0,0.0,0.0,0.0,0.0,0.0,0.0
228,escaped,0.14652758099987295,0.932491727748691,0.9052,0.9734293193717277,0.8088888888888889,1.0,0.0,0.0,0.0,2.0,1.0,63.0,escaped,0.16830480900011935,0.9275172889014403,0.9032,0.9639932222536006,0.8844444444444445,1.0,0.0,0.0,0.0,2.0,1.0,58.0,escaped,0.08011968300002081,0.9440799999999999,0.9067999999999999,1.0,0.08888888888888889,1.0,0.0,0.0,0.0,2.0,1.0,67.0,caught,0.04457882599990626,0.44437034547152193,0.0864,0.9813258636788048,0.4533333333333333,0.0,1.0,0.0,0.0,1.0,0.0,16.0,0.004974438847250795,0.0020000000000000018,0.009436097118127096,-0.0755555555555556,0.0,0.0,0.0,0.0,0.0,0.0,5.0,-0.011588272251308873,-0.0015999999999999348,-0.02657068062827228,0.72,0.0,0.0,0.0,0.0,0.0,0.0,-4.0,0.4881213822771691,0.8188,-0.007896544307077091,0.35555555555555557,1.0,-1.0,0.0,0.0,1.0,1.0,47.0
229,escaped,0.1573930259999088,0.9368742430414121,0.9052,0.9843856076035302,0.9511111111111111,1.0,0.0,0.0,0.0,2.0,1.0,63.0,escaped,0.14492940500008444,0.9295323292469353,0.8996000000000001,0.974430823117338,0.8,1.0,0.0,0.0,0.0,2.0,1.0,49.0,timeout,0.17466903099989395,0.664,0.44,1.0,0.1111111111111111,0.0,0.0,1.0,0.0,2.0,0.0,200.0,escaped,0.17205932199999552,0.9335378331257783,0.9016000000000001,0.9814445828144458,0.9688888888888889,1.0,0.0,0.0,0.0,2.0,1.0,54.0,0.007341913794476795,0.005599999999999938,0.009954784486192247,0.15111111111111108,0.0,0.0,0.0,0.0,0.0,0.0,14.0,0.27287424304141206,0.4652,-0.015614392396469778,0.8400000000000001,1.0,0.0,-1.0,0.0,0.0,1.0,-137.0,0.0033364099156337756,0.0035999999999999366,0.0029410247890844232,-0.01777777777777778,0.0,0.0,0.0,0.0,0.0,0.0,9.0
230,escaped,0.17146241099999315,0.930833789359392,0.8992,0.9782844733984799,0.8622222222222222,1.0,0.0,0.0,0.0,2.0,1.0,48.0,escaped,0.4323097120000057,0.9442917764398223,0.9196,0.981329441099556,0.9644444444444444,1.0,0.0,0.0,0.0,2.0,1.0,99.0,escaped,0.12718165100000078,0.95896,0.9316,1.0,0.08888888888888889,1.0,0.0,0.0,0.0,2.0,1.0,129.0,caught,0.09100358600016989,0.4983871197205462,0.1716,0.9885677993013655,0.7466666666666667,0.0,1.0,0.0,0.0,2.0,0.0,29.0,-0.013457987080430334,-0.020399999999999974,-0.0030449677010760956,-0.10222222222222221,0.0,0.0,0.0,0.0,0.0,0.0,-51.0,-0.02812621064060805,-0.032399999999999984,-0.021715526601520097,0.7733333333333333,0.0,0.0,0.0,0.0,0.0,0.0,-81.0,0.43244666963884576,0.7276,-0.01028332590288561,0.11555555555555552,1.0,-1.0,0.0,0.0,0.0,1.0,19.0
231,escaped,0.28089104900004713,0.9474037208046442,0.9208,0.9873093020116106,0.8,1.0,0.0,0.0,0.0,2.0,1.0,102.0,escaped,0.23186302200019782,0.9372634711428868,0.9096000000000001,0.9787586778572168,0.8222222222222222,1.0,0.0,0.0,0.0,2.0,1.0,74.0,escaped,0.0639813340001183,0.94024,0.9004,1.0,0.08888888888888889,1.0,0.0,0.0,0.0,2.0,1.0,51.0,escaped,0.26905022000005374,0.9457682570593964,0.92,0.9844206426484907,0.9644444444444444,1.0,0.0,0.0,0.0,2.0,1.0,100.0,0.010140249661757417,0.011199999999999877,0.008550624154393782,-0.022222222222222143,0.0,0.0,0.0,0.0,0.0,0.0,28.0,0.007163720804644225,0.020399999999999974,-0.012690697988389399,0.7111111111111111,0.0,0.0,0.0,0.0,0.0,0.0,51.0,0.0016354637452478116,0.0007999999999999119,0.002888659363119883,-0.1644444444444444,0.0,0.0,0.0,0.0,0.0,0.0,2.0
232,escaped,0.2656723109998893,0.9446672055199605,0.9224,0.9780680137999014,0.9733333333333334,1.0,0.0,0.0,0.0,2.0,1.0,106.0,caught,0.17667738099999042,0.5042274533233757,0.1884,0.9779686333084391,0.8666666666666667,0.0,1.0,0.0,0.0,2.0,0.0,71.0,timeout,0.1628802079999332,0.736,0.56,1.0,0.08888888888888889,0.0,0.0,1.0,0.0,2.0,1.0,200.0,escaped,0.16739435399995273,0.9355984120127533,0.9072,0.9781960300318832,0.9822222222222222,1.0,0.0,0.0,0.0,2.0,1.0,68.0,0.4404397521965848,0.734,9.938049146229755e-05,0.10666666666666669,1.0,-1.0,0.0,0.0,0.0,1.0,35.0,0.20866720551996054,0.36239999999999994,-0.02193198620009862,0.8844444444444445,1.0,0.0,-1.0,0.0,0.0,0.0,-94.0,0.00906879350720724,0.015199999999999991,-0.0001280162319817757,-0.008888888888888835,0.0,0.0,0.0,0.0,0.0,0.0,38.0
233,escaped,0.10872012699996958,0.9293253770926571,0.9,0.9733134427316427,0.6755555555555556,1.0,0.0,0.0,0.0,2.0,1.0,50.0,caught,0.163588880999896,0.450334438305709,0.102,0.9728360957642725,0.6088888888888889,0.0,1.0,0.0,0.0,1.0,0.0,55.0,escaped,0.16640045799999825,0.96928,0.9488,1.0,0.08888888888888889,1.0,0.0,0.0,0.0,2.0,1.0,172.0,caught,0.05664480700011154,0.45004403982930297,0.0872,0.9943100995732574,0.5688888888888889,0.0,1.0,0.0,0.0,1.0,0.0,18.0,0.47899093878694804,0.798,0.00047734696737011806,0.06666666666666665,1.0,-1.0,0.0,0.0,1.0,1.0,-5.0,-0.039954622907342974,-0.048799999999999955,-0.026686557268357336,0.5866666666666667,0.0,0.0,0.0,0.0,0.0,0.0,-122.0,0.4792813372633541,0.8128,-0.02099665684161478,0.10666666666666669,1.0,-1.0,0.0,0.0,1.0,1.0,32.0
234,escaped,0.09869996299994455,0.9317051189343482,0.8967999999999999,0.9840627973358707,0.6977777777777778,1.0,0.0,0.0,0.0,2.0,1.0,42.0,escaped,0.11368739999988975,0.9311579781962339,0.896,0.9838949454905848,0.6666666666666666,1.0,0.0,0.0,0.0,2.0,1.0,40.0,escaped,0.09387742200010507,0.9496,0.916,1.0,0.08888888888888889,1.0,0.0,0.0,0.0,2.0,1.0,90.0,escaped,0.08415404800007309,0.9307292298948565,0.8944,0.9852230747371412,0.6977777777777778,1.0,0.0,0.0,0.0,2.0,1.0,36.0,0.0005471407381142379,0.0007999999999999119,0.00016785184528589348,0.0311111111111112,0.0,0.0,0.0,0.0,0.0,0.0,2.0,-0.017894881065651846,-0.019200000000000106,-0.015937202664129346,0.6088888888888889,0.0,0.0,0.0,0.0,0.0,0.0,-48.0,0.0009758890394916397,0.0023999999999999577,-0.0011602774012705597,0.0,0.0,0.0,0.0,0.0,0.0,0.0,6.0
235,escaped,0.261677200999884,0.940627318057357,0.9144,0.9799682951433925,0.9866666666666667,1.0,0.0,0.0,0.0,2.0,1.0,86.0,escaped,0.2519414600001255,0.9359334325889165,0.9087999999999999,0.9766335814722912,0.9155555555555556,1.0,0.0,0.0,0.0,2.0,1.0,72.0,timeout,0.17383819900010167,0.664,0.44,1.0,0.1111111111111111,0.0,0.0,1.0,0.0,2.0,0.0,200.0,escaped,0.16637223900011122,0.9320313063854715,0.9032,0.975278265963679,0.9866666666666667,1.0,0.0,0.0,0.0,2.0,1.0,58.0,0.004693885468440517,0.005600000000000049,0.003334713671101275,0.07111111111111112,0.0,0.0,0.0,0.0,0.0,0.0,14.0,0.27662731805735696,0.4744,-0.020031704856607546,0.8755555555555556,1.0,0.0,-1.0,0.0,0.0,1.0,-114.0,0.008596011671885506,0.011199999999999988,0.004690029179713506,0.0,0.0,0.0,0.0,0.0,0.0,0.0,28.0
236,escaped,0.24484873899996273,0.9451318950918979,0.9192,0.9840297377297446,0.9377777777777778,1.0,0.0,0.0,0.0,2.0,1.0,98.0,escaped,0.18667381000000205,0.9399037767812656,0.9064,0.990159441953164,0.8088888888888889,1.0,0.0,0.0,0.0,2.0,1.0,66.0,timeout,0.17116238100015835,0.664,0.44,1.0,0.08888888888888889,0.0,0.0,1.0,0.0,2.0,0.0,200.0,caught,0.1850305450000178,0.5026555186064925,0.1864,0.9770387965162312,0.9555555555555556,0.0,1.0,0.0,0.0,2.0,0.0,66.0,0.0052281183106323015,0.012800000000000034,-0.006129704223419408,0.12888888888888894,0.0,0.0,0.0,0.0,0.0,0.0,32.0,0.28113189509189784,0.4792,-0.015970262270255442,0.8488888888888889,1.0,0.0,-1.0,0.0,0.0,1.0,-102.0,0.4424763764854054,0.7328,0.006990941213513402,-0.01777777777777778,1.0,-1.0,0.0,0.0,0.0,1.0,32.0
237,escaped,0.2913171920001787,0.9434832853171594,0.9208,0.9775082132928986,0.9822222222222222,1.0,0.0,0.0,0.0,2.0,1.0,102.0,escaped,0.14930173600009766,0.9250913156913902,0.9,0.9627282892284756,0.76,1.0,0.0,0.0,0.0,2.0,1.0,50.0,escaped,0.14915634900012265,0.96856,0.9476,1.0,0.08888888888888889,1.0,0.0,0.0,0.0,2.0,1.0,169.0,caught,0.04525599799990232,0.5008,0.168,1.0,0.52,0.0,1.0,0.0,0.0,2.0,0.0,20.0,0.018391969625769167,0.02079999999999993,0.014779924064422967,0.2222222222222222,0.0,0.0,0.0,0.0,0.0,0.0,52.0,-0.025076714682840562,-0.026800000000000046,-0.02249178670710139,0.8933333333333333,0.0,0.0,0.0,0.0,0.0,0.0,-67.0,0.4426832853171594,0.7527999999999999,-0.02249178670710139,0.4622222222222222,1.0,-1.0,0.0,0.0,0.0,1.0,82.0
238,escaped,0.1258404249999785,0.9292092086330935,0.9012,0.9712230215827338,0.8311111111111111,1.0,0.0,0.0,0.0,2.0,1.0,53.0,escaped,0.08131776599998375,0.9321171830985915,0.8932,0.9904929577464788,0.68,1.0,0.0,0.0,0.0,2.0,1.0,33.0,caught,0.1723473140000351,0.54232,0.2372,1.0,0.1111111111111111,0.0,1.0,0.0,0.0,2.0,0.0,193.0,escaped,0.12169638099999247,0.9281243085018912,0.8972,0.9745107712547278,0.9377777777777778,1.0,0.0,0.0,0.0,2.0,1.0,43.0,-0.0029079744654979534,0.008000000000000007,-0.01926993616374506,0.15111111111111108,0.0,0.0,0.0,0.0,0.0,0.0,20.0,0.3868892086330935,0.664,-0.02877697841726623,0.72,1.0,-1.0,0.0,0.0,0.0,1.0,-140.0,0.0010849001312023265,0.0040000000000000036,-0.003287749671994078,-0.10666666666666669,0.0,0.0,0.0,0.0,0.0,0.0,10.0
239,escaped,0.08111268000016025,0.9326136838887191,0.8936000000000001,0.9911342097217977,0.7688888888888888,1.0,0.0,0.0,0.0,2.0,1.0,34.0,escaped,0.10312866700019185,0.9310224390243902,0.8952,0.9847560975609756,0.7822222222222223,1.0,0.0,0.0,0.0,2.0,1.0,38.0,escaped,0.13795241499997246,0.9623200000000001,0.9372,1.0,0.08888888888888889,1.0,0.0,0.0,0.0,2.0,1.0,143.0,caught,0.03933437099999537,0.49936,0.1656,1.0,0.43555555555555553,0.0,1.0,0.0,0.0,2.0,0.0,14.0,0.0015912448643289334,-0.0015999999999999348,0.006378112160822069,-0.01333333333333342,0.0,0.0,0.0,0.0,0.0,0.0,-4.0,-0.02970631611128094,-0.04359999999999997,-0.008865790278202335,0.6799999999999999,0.0,0.0,0.0,0.0,0.0,0.0,-109.0,0.4332536838887191,0.7280000000000001,-0.008865790278202335,0.3333333333333333,1.0,-1.0,0.0,0.0,0.0,1.0,20.0
240,escaped,0.17049248400007855,0.9402101866854526,0.9107999999999999,0.9843254667136315,0.8266666666666667,1.0,0.0,0.0,0.0,2.0,1.0,77.0,escaped,0.1949386730000242,0.9374662044514477,0.9116000000000001,0.9762655111286193,0.8977777777777778,1.0,0.0,0.0,0.0,2.0,1.0,79.0,timeout,0.2157285400001001,0.664,0.44,1.0,0.08888888888888889,0.0,0.0,1.0,0.0,2.0,0.0,200.0,caught,0.09927622599980168,0.499623725447874,0.1764,0.9844593136196849,0.8355555555555556,0.0,1.0,0.0,0.0,2.0,0.0,41.0,0.0027439822340049602,-0.0008000000000001339,0.008059955585012268,-0.07111111111111112,0.0,0.0,0.0,0.0,0.0,0.0,-2.0,0.2762101866854526,0.47079999999999994,-0.015674533286368475,0.7377777777777778,1.0,0.0,-1.0,0.0,0.0,1.0,-123.0,0.44058646123757866,0.7343999999999999,-0.0001338469060533365,-0.008888888888888946,1.0,-1.0,0.0,0.0,0.0,1.0,36.0
241,escaped,0.0793341399999008,0.9280450894363821,0.892,0.9821127235909551,0.6266666666666667,1.0,0.0,0.0,0.0,2.0,1.0,30.0,escaped,0.35914464899997256,0.9394560507629551,0.914,0.9776401269073878,0.9866666666666667,1.0,0.0,0.0,0.0,2.0,1.0,85.0,escaped,0.09296706599980098,0.9500799999999999,0.9168,1.0,0.08888888888888889,1.0,0.0,0.0,0.0,2.0,1.0,92.0,escaped,0.06732320500009337,0.929043986409966,0.8907999999999999,0.986409966024915,0.5866666666666667,1.0,0.0,0.0,0.0,2.0,1.0,27.0,-0.011410961326573044,-0.02200000000000002,0.004472596683567365,-0.36,0.0,0.0,0.0,0.0,0.0,0.0,-55.0,-0.022034910563617838,-0.024799999999999933,-0.01788727640904486,0.5377777777777778,0.0,0.0,0.0,0.0,0.0,0.0,-62.0,-0.000998896973583907,0.0012000000000000899,-0.0042972424339599025,0.040000000000000036,0.0,0.0,0.0,0.0,0.0,0.0,3.0
242,escaped,0.20233572600000116,0.9382881927710843,0.9104,0.9801204819277108,0.9866666666666667,1.0,0.0,0.0,0.0,2.0,1.0,76.0,escaped,0.145903565000026,0.9310671808605606,0.8987999999999999,0.9794679521514016,0.84,1.0,0.0,0.0,0.0,2.0,1.0,47.0,escaped,0.11792713599993476,0.95776,0.9296,1.0,0.08888888888888889,1.0,0.0,0.0,0.0,2.0,1.0,124.0,caught,0.047317853000095056,0.4983502420856611,0.1664,0.9962756052141527,0.4666666666666667,0.0,1.0,0.0,0.0,2.0,0.0,16.0,0.007221011910523711,0.011600000000000055,0.0006525297763092519,0.14666666666666672,0.0,0.0,0.0,0.0,0.0,0.0,29.0,-0.019471807228915616,-0.019199999999999995,-0.01987951807228916,0.8977777777777778,0.0,0.0,0.0,0.0,0.0,0.0,-48.0,0.43993795068542324,0.744,-0.016155123286441864,0.52,1.0,-1.0,0.0,0.0,0.0,1.0,60.0
243,escaped,0.2238264259999596,0.9401393963057516,0.9156,0.9769484907643791,0.9111111111111111,1.0,0.0,0.0,0.0,2.0,1.0,89.0,escaped,0.28072135000002163,0.9386982797673706,0.9164,0.9721456994184267,0.9066666666666666,1.0,0.0,0.0,0.0,2.0,1.0,91.0,timeout,0.1650513110000702,0.664,0.44,1.0,0.1111111111111111,0.0,0.0,1.0,0.0,2.0,0.0,200.0,escaped,0.23988628300003256,0.9396609032996922,0.9148,0.9769522582492306,0.8933333333333333,1.0,0.0,0.0,0.0,2.0,1.0,87.0,0.001441116538380971,-0.0008000000000000229,0.004802791345952406,0.004444444444444473,0.0,0.0,0.0,0.0,0.0,0.0,-2.0,0.27613939630575157,0.47559999999999997,-0.023051509235620937,0.8,1.0,0.0,-1.0,0.0,0.0,1.0,-111.0,0.0004784930060593995,0.0008000000000000229,-3.767484851535663e-06,0.01777777777777778,0.0,0.0,0.0,0.0,0.0,0.0,2.0
244,escaped,0.08986351699991246,0.9279693349455865,0.8972,0.9741233373639662,0.7422222222222222,1.0,0.0,0.0,0.0,2.0,1.0,43.0,escaped,0.3697003649999715,0.9410396659707725,0.92,0.9725991649269311,1.0,1.0,0.0,0.0,0.0,2.0,1.0,100.0,escaped,0.17486608299986983,0.97408,0.9568,1.0,0.08888888888888889,1.0,0.0,0.0,0.0,2.0,1.0,192.0,escaped,0.16374576899988824,0.9347658851004205,0.9056000000000001,0.978514712751051,0.9955555555555555,1.0,0.0,0.0,0.0,2.0,1.0,64.0,-0.013070331025185955,-0.022800000000000042,0.0015241724370350651,-0.2577777777777778,0.0,0.0,0.0,0.0,0.0,0.0,-57.0,-0.04611066505441341,-0.059599999999999986,-0.02587666263603383,0.6533333333333333,0.0,0.0,0.0,0.0,0.0,0.0,-149.0,-0.006796550154833936,-0.008400000000000074,-0.004391375387084784,-0.2533333333333333,0.0,0.0,0.0,0.0,0.0,0.0,-21.0
245,escaped,0.14256152899997687,0.9335700328587075,0.9047999999999999,0.9767250821467689,0.7422222222222222,1.0,0.0,0.0,0.0,2.0,1.0,62.0,escaped,0.2910977720000574,0.9377183733186502,0.9156,0.9708959332966255,0.9911111111111112,1.0,0.0,0.0,0.0,2.0,1.0,89.0,escaped,0.10799029199984034,0.95536,0.9256,1.0,0.08888888888888889,1.0,0.0,0.0,0.0,2.0,1.0,114.0,escaped,0.08045830800006115,0.9276072313814667,0.8927999999999999,0.9798180784536669,0.7288888888888889,1.0,0.0,0.0,0.0,2.0,1.0,32.0,-0.004148340459942612,-0.010800000000000032,0.005829148850143406,-0.24888888888888894,0.0,0.0,0.0,0.0,0.0,0.0,-27.0,-0.021789967141292443,-0.02080000000000004,-0.023274917853231103,0.6533333333333333,0.0,0.0,0.0,0.0,0.0,0.0,-52.0,0.00596280147724082,0.01200000000000001,-0.003092996306897966,0.013333333333333308,0.0,0.0,0.0,0.0,0.0,0.0,30.0
246,escaped,0.19591910499980258,0.9357960390300454,0.908,0.9774900975751135,0.9866666666666667,1.0,0.0,0.0,0.0,2.0,1.0,70.0,escaped,0.22482977600020604,0.9363984725928968,0.9096000000000001,0.9765961814822418,0.8622222222222222,1.0,0.0,0.0,0.0,2.0,1.0,74.0,escaped,0.07592472700002872,0.9424,0.904,1.0,0.08888888888888889,1.0,0.0,0.0,0.0,2.0,1.0,60.0,caught,0.03015923299994938,0.39868427672955975,0.002,0.9937106918238994,0.17777777777777778,0.0,1.0,0.0,0.0,0.0,0.0,5.0,-0.0006024335628513899,-0.0016000000000000458,0.0008939160928717049,0.12444444444444447,0.0,0.0,0.0,0.0,0.0,0.0,-4.0,-0.0066039609699546364,0.0040000000000000036,-0.022509902424886485,0.8977777777777778,0.0,0.0,0.0,0.0,0.0,0.0,10.0,0.5371117623004856,0.906,-0.016220594248785858,0.8088888888888889,1.0,-1.0,0.0,0.0,2.0,1.0,65.0
247,escaped,0.195192064000139,0.9388167741935484,0.9112,0.980241935483871,0.9333333333333333,1.0,0.0,0.0,0.0,2.0,1.0,78.0,escaped,0.3064502879999509,0.9466832754342431,0.9252,0.9789081885856079,0.8044444444444444,1.0,0.0,0.0,0.0,2.0,1.0,113.0,escaped,0.1390513699998337,0.96688,0.9448,1.0,0.08888888888888889,1.0,0.0,0.0,0.0,2.0,1.0,162.0,escaped,0.17672343200001706,0.9376362423299629,0.9096000000000001,0.9796906058249071,0.9555555555555556,1.0,0.0,0.0,0.0,2.0,1.0,74.0,-0.007866501240694768,-0.014000000000000012,0.001333746898263044,0.12888888888888894,0.0,0.0,0.0,0.0,0.0,0.0,-35.0,-0.028063225806451597,-0.03359999999999996,-0.019758064516129048,0.8444444444444444,0.0,0.0,0.0,0.0,0.0,0.0,-84.0,0.0011805318635854656,0.0015999999999999348,0.0005513296589638728,-0.022222222222222254,0.0,0.0,0.0,0.0,0.0,0.0,4.0
248,escaped,0.1260614739999255,0.9309734113060428,0.9012,0.9756335282651072,0.8577777777777778,1.0,0.0,0.0,0.0,2.0,1.0,53.0,caught,0.1305441100000735,0.5006924911106463,0.178,0.9847312277766158,0.7422222222222222,0.0,1.0,0.0,0.0,2.0,0.0,45.0,escaped,0.15186873700008618,0.97048,0.9508,1.0,0.08888888888888889,1.0,0.0,0.0,0.0,2.0,1.0,177.0,caught,0.035943610999993325,0.40264,0.0044000000000000055,1.0,0.35555555555555557,0.0,1.0,0.0,0.0,0.0,0.0,11.0,0.43028092019539654,0.7232000000000001,-0.009097699511508628,0.11555555555555552,1.0,-1.0,0.0,0.0,0.0,1.0,8.0,-0.03950658869395718,-0.04959999999999998,-0.024366471734892814,0.7688888888888888,0.0,0.0,0.0,0.0,0.0,0.0,-124.0,0.5283334113060428,0.8968,-0.024366471734892814,0.5022222222222221,1.0,-1.0,0.0,0.0,2.0,1.0,42.0
249,escaped,0.24576814099987132,0.9430199434495758,0.9176,0.9811498586239397,0.9866666666666667,1.0,0.0,0.0,0.0,2.0,1.0,94.0,escaped,0.16391650199989272,0.9329595068410765,0.9027999999999999,0.9781987671026914,0.8444444444444444,1.0,0.0,0.0,0.0,2.0,1.0,57.0,escaped,0.10171253799990154,0.95392,0.9232,1.0,0.08888888888888889,1.0,0.0,0.0,0.0,2.0,1.0,108.0,caught,0.028690178000033484,0.44896,0.08159999999999999,1.0,0.19555555555555557,0.0,1.0,0.0,0.0,1.0,0.0,4.0,0.010060436608499312,0.014800000000000035,0.0029510915212482836,0.14222222222222225,0.0,0.0,0.0,0.0,0.0,0.0,37.0,-0.010900056550424142,-0.005600000000000049,-0.018850141376060336,0.8977777777777778,0.0,0.0,0.0,0.0,0.0,0.0,-14.0,0.4940599434495758,0.836,-0.018850141376060336,0.7911111111111111,1.0,-1.0,0.0,0.0,1.0,1.0,90.0
250,escaped,0.11739881900007276,0.9317202279924003,0.8976000000000001,0.9829005699810006,0.7688888888888888,1.0,0.0,0.0,0.0,2.0,1.0,44.0,escaped,0.19121542299990324,0.932152285151979,0.898,0.9833807128799475,0.7155555555555555,1.0,0.0,0.0,0.0,2.0,1.0,45.0,escaped,0.1474221309999848,0.96064,0.9344,1.0,0.08888888888888889,1.0,0.0,0.0,0.0,2.0,1.0,136.0,caught,0.049077945000135514,0.4979903420523139,0.166,0.9959758551307847,0.4488888888888889,0.0,1.0,0.0,0.0,2.0,0.0,15.0,-0.0004320571595787248,-0.00039999999999995595,-0.00048014289894693363,0.053333333333333344,0.0,0.0,0.0,0.0,0.0,0.0,-1.0,-0.028919772007599764,-0.036799999999999944,-0.017099430018999384,0.6799999999999999,0.0,0.0,0.0,0.0,0.0,0.0,-92.0,0.4337298859400864,0.7316,-0.013075285149784066,0.31999999999999995,1.0,-1.0,0.0,0.0,0.0,1.0,29.0
251,escaped,0.295707425000046,0.9419121013394751,0.9204,0.9741802533486879,0.9777777777777777,1.0,0.0,0.0,0.0,2.0,1.0,101.0,escaped,0.2558647729999848,0.9390612281612178,0.9136,0.9772530704030444,0.8622222222222222,1.0,0.0,0.0,0.0,2.0,1.0,84.0,timeout,0.16531334199999037,0.664,0.44,1.0,0.08888888888888889,0.0,0.0,1.0,0.0,2.0,0.0,200.0,caught,0.1085437650001495,0.4514771944497244,0.09720000000000001,0.982892986124311,0.8666666666666667,0.0,1.0,0.0,0.0,1.0,0.0,43.0,0.002850873178257274,0.006800000000000028,-0.0030728170543565803,0.11555555555555552,0.0,0.0,0.0,0.0,0.0,0.0,17.0,0.2779121013394751,0.4804,-0.025819746651312148,0.8888888888888888,1.0,0.0,-1.0,0.0,0.0,1.0,-99.0,0.4904349068897507,0.8231999999999999,-0.008712732775623122,0.11111111111111105,1.0,-1.0,0.0,0.0,1.0,1.0,58.0
252,escaped,0.10338337500002126,0.933905938084355,0.8976000000000001,0.9883648452108872,0.7555555555555555,1.0,0.0,0.0,0.0,2.0,1.0,44.0,escaped,0.05056994400001713,0.9301953488372092,0.888,0.9934883720930232,0.3466666666666667,1.0,0.0,0.0,0.0,2.0,1.0,20.0,escaped,0.060725636999904964,0.93976,0.8996000000000001,1.0,0.08888888888888889,1.0,0.0,0.0,0.0,2.0,1.0,49.0,caught,0.10600315400006366,0.5002083483199243,0.1708,0.9943208707998107,0.6266666666666667,0.0,1.0,0.0,0.0,2.0,0.0,27.0,0.0037105892471457347,0.009600000000000053,-0.00512352688213602,0.40888888888888886,0.0,0.0,0.0,0.0,0.0,0.0,24.0,-0.005854061915645081,-0.0020000000000000018,-0.011635154789112812,0.6666666666666666,0.0,0.0,0.0,0.0,0.0,0.0,-5.0,0.4336975897644306,0.7268000000000001,-0.005956025588923497,0.12888888888888883,1.0,-1.0,0.0,0.0,0.0,1.0,17.0
253,escaped,0.13969383900007415,0.9284934775888717,0.9004,0.9706336939721792,0.84,1.0,0.0,0.0,0.0,2.0,1.0,51.0,escaped,0.23883621000004496,0.9351951664421781,0.9104,0.9723879161054455,0.9066666666666666,1.0,0.0,0.0,0.0,2.0,1.0,76.0,timeout,0.18019812700003968,0.664,0.44,1.0,0.1111111111111111,0.0,0.0,1.0,0.0,2.0,0.0,200.0,escaped,0.125189588000012,0.9283661769883182,0.8996000000000001,0.9715154424707954,0.84,1.0,0.0,0.0,0.0,2.0,1.0,49.0,-0.0067016888533064645,-0.010000000000000009,-0.0017542221332662589,-0.06666666666666665,0.0,0.0,0.0,0.0,0.0,0.0,-25.0,0.26449347758887165,0.4604,-0.029366306027820754,0.7288888888888889,1.0,0.0,-1.0,0.0,0.0,1.0,-149.0,0.00012730060055343717,0.0007999999999999119,-0.0008817484986161084,0.0,0.0,0.0,0.0,0.0,0.0,0.0,2.0
254,escaped,0.10040166199996747,0.9320512165660051,0.8984,0.9825280414150129,0.7288888888888889,1.0,0.0,0.0,0.0,2.0,1.0,46.0,escaped,0.37244692199988094,0.9396841356844415,0.9168,0.974010339211104,1.0,1.0,0.0,0.0,0.0,2.0,1.0,92.0,escaped,0.0700941799998418,0.94192,0.9032,1.0,0.08888888888888889,1.0,0.0,0.0,0.0,2.0,1.0,58.0,caught,0.07821213100010027,0.45056058394160586,0.094,0.9854014598540146,0.6311111111111111,0.0,1.0,0.0,0.0,1.0,0.0,35.0,-0.007632919118436443,-0.018399999999999972,0.008517702203908906,-0.2711111111111111,0.0,0.0,0.0,0.0,0.0,0.0,-46.0,-0.009868783433994888,-0.0048000000000000265,-0.01747195858498707,0.64,0.0,0.0,0.0,0.0,0.0,0.0,-12.0,0.48149063262439923,0.8044,-0.002873418439001685,0.09777777777777785,1.0,-1.0,0.0,0.0,1.0,1.0,11.0
255,escaped,0.12085145299988653,0.9302549196141479,0.9007999999999999,0.9744372990353698,0.6933333333333334,1.0,0.0,0.0,0.0,2.0,1.0,52.0,escaped,0.1192603050001253,0.9292722125474437,0.8976000000000001,0.9767805313686091,0.7022222222222222,1.0,0.0,0.0,0.0,2.0,1.0,44.0,timeout,0.1798618150000948,0.664,0.44,1.0,0.1111111111111111,0.0,0.0,1.0,0.0,2.0,0.0,200.0,escaped,0.10648105899986149,0.929131743119266,0.8984,0.9752293577981651,0.6977777777777778,1.0,0.0,0.0,0.0,2.0,1.0,46.0,0.0009827070667041138,0.0031999999999998696,-0.002343232333239298,-0.008888888888888835,0.0,0.0,0.0,0.0,0.0,0.0,8.0,0.2662549196141478,0.46079999999999993,-0.025562700964630203,0.5822222222222222,1.0,0.0,-1.0,0.0,0.0,1.0,-148.0,0.0011231764948818057,0.0023999999999999577,-0.0007920587627953113,-0.004444444444444473,0.0,0.0,0.0,0.0,0.0,0.0,6.0
