episode,agent,reason,steps,keys,door,task,model_score,combined_score,brier_near_sum,brier_near_n,brier_audit_sum,brier_audit_n,brier_threat_sum,brier_threat_n,persistence_near_sum,persistence_near_n,base_near_sum,base_near_n,updates
0,frozen,escaped,30,2,True,0.9925,0.9840805671296297,0.9891322268518519,2.0236999999999967,270,8.76372499999999,360,2.0205499999999996,99,3.0,270,2.027999999999995,270,0
1,frozen,escaped,67,2,True,0.9832500000000001,0.9881576544361524,0.985213061774461,2.5286749999999993,603,15.670925000000242,804,2.5199000000000016,108,6.0,603,2.161199999999992,603,0
2,frozen,escaped,90,2,True,0.9775,0.993184648919753,0.9837738595679013,1.1874999999999936,810,13.137825000000232,1080,1.1779500000000003,261,2.0,810,3.2039999999999766,810,0
3,frozen,caught,21,0,False,0.0,0.9897280753968254,0.3958912301587302,2.25225,189,2.174049999999995,252,2.2502500000000003,72,5.0,189,1.9955999999999967,189,0
4,frozen,escaped,44,2,True,0.9890000000000001,0.9847511521464647,0.9873004608585859,3.995124999999992,396,10.77595000000002,528,3.990024999999999,90,5.0,396,4.958399999999988,396,0
5,frozen,escaped,56,2,True,0.9860000000000001,0.9871685081845237,0.9864674032738096,2.213099999999994,504,14.294725000000117,672,2.207074999999999,171,4.0,504,2.1215999999999893,504,0
6,frozen,escaped,69,2,True,0.98275,0.9854286936392913,0.9838214774557166,7.7874249999999865,621,13.746850000000277,828,7.779700000000002,180,13.0,621,9.848400000000254,621,0
7,frozen,caught,28,2,False,0.2,0.9831956225198413,0.5132782490079365,4.050799999999996,252,5.891474999999987,336,4.048075,117,5.0,252,4.900799999999992,252,0
8,frozen,escaped,64,2,True,0.9840000000000001,0.9905329644097222,0.9866131857638889,1.408099999999996,576,12.663900000000167,768,1.3998749999999995,108,1.0,576,2.150399999999997,576,0
9,frozen,escaped,79,2,True,0.9802500000000001,0.9907523558368494,0.9844509423347398,3.5579499999999857,711,12.789600000000211,948,3.5482000000000005,153,5.0,711,5.084399999999974,711,0
10,frozen,escaped,84,2,True,0.9790000000000001,0.987042927414021,0.9822171709656085,3.3469749999999796,756,21.65882500000027,1008,3.335025000000001,117,6.0,756,4.142399999999976,756,0
11,frozen,escaped,12,2,True,0.9970000000000001,0.993157494212963,0.9954629976851852,0.0019250000000000018,108,1.9680749999999965,144,0,0,0.0,108,0.04319999999999996,108,0
12,frozen,escaped,29,2,True,0.99275,0.986070785440613,0.9900783141762453,1.4140749999999962,261,7.809299999999987,348,1.4104249999999994,54,4.0,261,1.0643999999999951,261,0
13,frozen,escaped,44,2,True,0.9890000000000001,0.9948492029671717,0.9913396811868688,1.783399999999989,396,3.061374999999983,528,1.7775749999999975,81,2.0,396,2.0783999999999883,396,0
14,frozen,caught,34,1,False,0.1,0.9864082107843137,0.4545632843137255,3.364799999999996,306,6.6044999999999865,408,3.3611499999999994,90,5.0,306,3.962399999999993,306,0
15,frozen,caught,30,0,False,0.0,0.9801049768518518,0.39204199074074075,6.7289749999999975,270,5.352449999999989,360,6.726325000000002,126,11.0,270,6.8279999999999905,270,0
16,frozen,escaped,16,2,True,0.9960000000000001,0.9897987413194445,0.9935194965277778,0.008725000000000023,144,3.905649999999996,192,0.006475,9,0.0,144,0.057599999999999874,144,0
17,frozen,escaped,53,2,True,0.98675,0.987170774371069,0.9869183097484275,2.4182249999999867,477,13.094475000000234,636,2.412824999999998,189,4.0,477,3.0707999999999815,477,0
18,frozen,caught,62,2,False,0.2,0.985338429659498,0.5141353718637992,5.005174999999985,558,15.142850000000273,744,4.99735,153,7.0,558,5.98319999999998,558,0
19,frozen,caught,32,0,False,0.0,0.9842943793402777,0.3937177517361111,3.179299999999999,288,7.8228499999999865,384,3.175224999999999,63,4.0,288,3.955199999999998,288,0
20,frozen,caught,52,2,False,0.2,0.9847115852029914,0.5138846340811966,4.654099999999986,468,12.87447500000007,624,4.647775,117,9.0,468,4.027199999999981,468,0
21,frozen,escaped,44,2,True,0.9890000000000001,0.9822521622474746,0.9863008648989899,3.3592999999999997,396,14.262650000000137,528,3.3552750000000007,162,6.0,396,3.9983999999999877,396,0
22,frozen,escaped,61,2,True,0.98475,0.983899163251366,0.9844096653005464,4.422225000000016,549,17.67532500000018,732,4.4143250000000025,126,5.0,549,5.979599999999979,549,0
23,frozen,escaped,19,2,True,0.9952500000000001,0.9929150402046784,0.9943160160818714,0.20157499999999975,171,2.961974999999992,228,0.1989,27,1.0,171,0.06839999999999981,171,0
24,frozen,escaped,24,2,True,0.9940000000000001,0.9964295572916667,0.9949718229166667,0.02265000000000006,216,2.0263749999999887,288,0.019650000000000008,27,0.0,216,0.0863999999999997,216,0
25,frozen,escaped,69,2,True,0.98275,0.9865884913446052,0.9842853965378422,6.614799999999993,621,13.38972500000031,828,6.606500000000002,180,11.0,621,7.928399999999984,621,0
26,frozen,escaped,39,2,True,0.9902500000000001,0.9955348824786325,0.9923639529914531,0.018600000000000158,351,4.154549999999985,468,0.012875000000000001,9,0.0,351,0.1403999999999999,351,0
27,frozen,escaped,17,2,True,0.99575,0.9929423202614379,0.9946269281045752,0.028075000000000003,153,2.8420999999999945,204,0.02585,27,0.0,153,0.06119999999999985,153,0
28,frozen,escaped,73,2,True,0.9817500000000001,0.9888454195205478,0.9845881678082192,4.659224999999985,657,13.3305250000003,876,4.651224999999996,216,7.0,657,6.02279999999998,657,0
29,frozen,escaped,49,2,True,0.9877500000000001,0.9861747023809523,0.9871198809523809,2.675924999999997,441,12.69065000000012,588,2.669974999999999,126,4.0,441,4.01639999999999,441,0
30,frozen,escaped,32,2,True,0.9920000000000001,0.986737109375,0.9898948437500001,1.8512249999999992,288,7.717599999999987,384,1.848150000000001,108,2.0,288,2.0351999999999952,288,0
31,frozen,escaped,70,2,True,0.9825,0.9853423363095237,0.9836369345238095,4.929374999999989,630,18.052375000000186,840,4.9205000000000005,144,6.0,630,6.011999999999983,630,0
32,frozen,escaped,49,2,True,0.9877500000000001,0.9851487032312923,0.986709481292517,2.034749999999992,441,14.752125000000206,588,2.0285999999999977,108,3.0,441,3.05639999999999,441,0
33,frozen,escaped,21,2,True,0.99475,0.9845175595238096,0.9906570238095238,2.272275,189,4.7734499999999915,252,2.269250000000001,45,5.0,189,1.9955999999999976,189,0
34,frozen,escaped,60,2,True,0.9850000000000001,0.9897725405092592,0.9869090162037037,3.597874999999992,540,9.930375000000007,720,3.591199999999998,162,8.0,540,3.09599999999999,540,0
35,frozen,escaped,46,2,True,0.9885,0.9936992602657005,0.9905797041062803,0.03972499999999962,414,6.903049999999978,552,0.032449999999999986,27,0.0,414,0.16560000000000064,414,0
36,frozen,escaped,53,2,True,0.98675,0.9878076519916142,0.9871730607966457,4.411324999999991,477,9.626900000000026,636,4.405600000000001,162,9.0,477,4.030799999999983,477,0
37,frozen,caught,13,2,False,0.2,0.9800418803418803,0.5120167521367521,4.361575,117,0.4115000000000005,156,4.360775,81,7.0,117,4.846799999999997,117,0
38,frozen,escaped,65,2,True,0.9837500000000001,0.9854280074786324,0.984421202991453,4.44024999999999,585,16.811975000000235,780,4.433225000000001,207,9.0,585,5.993999999999979,585,0
39,frozen,caught,56,1,False,0.1,0.9884097408234126,0.4553638963293651,1.829800000000005,504,13.137575000000163,672,1.8228,126,2.0,504,2.121599999999992,504,0
40,frozen,escaped,17,2,True,0.99575,0.9924403799019608,0.9944261519607844,0.009375000000000027,153,3.0718249999999925,204,0.006575,9,0.0,153,0.06119999999999985,153,0
41,frozen,escaped,56,2,True,0.9860000000000001,0.9901724144345238,0.9876689657738096,1.2000749999999865,504,11.608175000000157,672,1.1938999999999964,135,2.0,504,1.1615999999999838,504,0
42,frozen,escaped,54,2,True,0.9865,0.9848283757716049,0.985831350308642,4.7522999999999875,486,13.326025000000145,648,4.746999999999999,207,8.0,486,4.994399999999979,486,0
43,frozen,escaped,37,2,True,0.99075,0.9894007132132132,0.9902102852852853,1.2688249999999894,333,7.720399999999985,444,1.2651999999999959,135,2.0,333,2.053199999999988,333,0
44,frozen,escaped,83,2,True,0.9792500000000001,0.989424799196787,0.9833199196787148,6.239100000000002,747,12.747000000000197,996,6.230350000000001,279,10.0,747,7.978799999999971,747,0
45,frozen,escaped,52,2,True,0.9870000000000001,0.9839616987179486,0.9857846794871795,5.549699999999995,468,12.616200000000118,624,5.544275000000001,171,7.0,468,7.86719999999999,468,0
46,frozen,escaped,60,2,True,0.9850000000000001,0.9855026793981481,0.9852010717592593,6.795724999999989,540,11.815175000000101,720,6.789174999999999,189,8.0,540,9.81600000000007,540,0
47,frozen,escaped,30,2,True,0.9925,0.9809894791666667,0.9878957916666667,3.7227749999999973,270,8.72387500000002,360,3.7197249999999995,108,7.0,270,3.9479999999999933,270,0
48,frozen,escaped,76,2,True,0.9810000000000001,0.9843703718932748,0.98234814875731,6.351949999999979,684,20.039175000000007,912,6.343649999999998,207,12.0,684,6.993599999999972,684,0
49,frozen,caught,25,0,False,0.0,0.9895847083333333,0.39583388333333336,1.0101749999999998,225,4.902274999999989,300,1.006775,45,1.0,225,1.0499999999999994,225,0
50,frozen,escaped,38,2,True,0.9905,0.9945232730263158,0.9921093092105264,0.025200000000000118,342,4.961174999999983,456,0.0195,18,0.0,342,0.1367999999999998,342,0
51,frozen,escaped,63,2,True,0.9842500000000001,0.9891571208112874,0.986212848324515,3.9657999999999864,567,11.106700000000126,756,3.9583000000000013,135,6.0,567,5.0267999999999775,567,0
52,frozen,escaped,36,2,True,0.9910000000000001,0.992808632330247,0.9917234529320988,0.08322499999999951,324,6.102374999999989,432,0.07824999999999993,81,0.0,324,0.1295999999999996,324,0
53,frozen,escaped,55,2,True,0.9862500000000001,0.9875388068181817,0.9867655227272727,2.8991999999999996,495,12.583175000000168,660,2.8920250000000007,135,6.0,495,3.0779999999999816,495,0
54,frozen,escaped,39,2,True,0.9902500000000001,0.9894467503561254,0.9899287001424503,0.08329999999999961,351,9.766774999999999,468,0.07782499999999996,63,0.0,351,0.1403999999999999,351,0
55,frozen,escaped,64,2,True,0.9840000000000001,0.9905041395399306,0.9866016558159723,1.3683499999999948,576,12.761175000000089,768,1.3600749999999986,108,2.0,576,1.1903999999999955,576,0
56,frozen,escaped,72,2,True,0.9820000000000001,0.9906967930169753,0.9854787172067903,5.746774999999989,648,8.41357500000004,864,5.738225000000002,189,12.0,648,5.059199999999978,648,0
57,frozen,escaped,41,2,True,0.9897500000000001,0.9881304454607046,0.9891021781842819,3.128374999999992,369,7.508474999999982,492,3.123800000000001,99,5.0,369,3.987599999999986,369,0
58,frozen,escaped,61,2,True,0.98475,0.9876930954007285,0.9859272381602914,3.0420999999999876,549,13.961175000000232,732,3.033925000000001,126,5.0,549,3.0995999999999824,549,0
59,frozen,escaped,46,2,True,0.9885,0.9875339371980676,0.988113574879227,1.264974999999987,414,12.075900000000084,552,1.2582249999999995,45,1.0,414,2.085599999999986,414,0
60,frozen,escaped,52,2,True,0.9870000000000001,0.9869511818910256,0.9869804727564103,5.4970499999999936,468,8.955525000000012,624,5.491350000000001,144,7.0,468,6.907199999999989,468,0
61,frozen,escaped,67,2,True,0.9832500000000001,0.9897489894278606,0.9858495957711442,2.164199999999994,603,13.598025000000158,804,2.1553499999999985,117,4.0,603,2.1611999999999925,603,0
62,frozen,escaped,65,2,True,0.9837500000000001,0.9912782905982905,0.9867613162393163,1.355449999999987,585,11.798600000000041,780,1.3473249999999979,126,3.0,585,1.1939999999999855,585,0
63,frozen,escaped,68,2,True,0.9830000000000001,0.9870909313725489,0.9846363725490196,7.525574999999992,612,11.033500000000222,816,7.517750000000002,225,12.0,612,8.884799999999998,612,0
64,frozen,escaped,62,2,True,0.9845,0.9940609094982079,0.9883243637992831,2.022350000000007,558,6.140899999999971,744,2.01425,126,3.0,558,2.1431999999999887,558,0
65,frozen,escaped,67,2,True,0.9832500000000001,0.9905032131011607,0.9861512852404644,3.1129,603,11.120300000000215,804,3.104425000000002,126,6.0,603,3.1211999999999738,603,0
66,frozen,escaped,55,2,True,0.9862500000000001,0.9854173989898989,0.9859169595959596,4.3496499999999925,495,13.449500000000217,660,4.3440999999999965,162,6.0,495,5.9579999999999895,495,0
67,frozen,escaped,65,2,True,0.9837500000000001,0.9845886057692307,0.9840854423076923,6.663449999999993,585,15.15717500000019,780,6.6567500000000015,234,14.0,585,6.953999999999983,585,0
68,frozen,escaped,47,2,True,0.9882500000000001,0.9856194592198579,0.9871977836879432,1.217849999999991,423,14.597450000000194,564,1.2113749999999996,18,3.0,423,1.1291999999999889,423,0
69,frozen,escaped,60,2,True,0.9850000000000001,0.9898798495370369,0.9869519398148149,1.1438749999999944,540,13.04785000000022,720,1.1359499999999996,108,2.0,540,1.1759999999999953,540,0
70,frozen,escaped,20,2,True,0.9950000000000001,0.9857200347222222,0.991288013888889,0.04149999999999974,180,6.799049999999994,240,0.03899999999999996,36,0.0,180,0.07199999999999979,180,0
71,frozen,escaped,57,2,True,0.9857500000000001,0.9851667884990252,0.98551671539961,2.95255,513,16.355100000000256,684,2.9458250000000015,144,4.0,513,4.045199999999983,513,0
72,frozen,escaped,28,2,True,0.9930000000000001,0.9869645337301587,0.9905858134920635,0.004449999999999987,252,8.7539,336,0,0,0.0,252,0.10079999999999961,252,0
73,frozen,escaped,67,2,True,0.9832500000000001,0.9845658271144279,0.9837763308457712,3.9493500000000012,603,19.55235,804,3.9412750000000014,171,5.0,603,7.921199999999976,603,0
74,frozen,escaped,41,2,True,0.9897500000000001,0.9883600694444444,0.9891940277777779,2.6922499999999925,369,7.8640249999999865,492,2.6872750000000005,81,5.0,369,3.0275999999999903,369,0
75,frozen,escaped,20,2,True,0.9950000000000001,0.9897014236111111,0.9928805694444446,0.04107499999999998,180,4.888549999999992,240,0.038924999999999994,45,0.0,180,0.07199999999999979,180,0
76,frozen,caught,43,1,False,0.1,0.9867709221576227,0.4547083688630491,2.6672499999999983,387,10.09607500000003,516,2.661999999999999,99,5.0,387,3.0347999999999975,387,0
77,frozen,escaped,32,2,True,0.9920000000000001,0.9864512478298612,0.9897804991319445,2.5229750000000006,288,7.041474999999987,384,2.5200250000000013,117,6.0,288,2.0351999999999943,288,0
78,frozen,caught,56,2,False,0.2,0.9879279389880953,0.5151711755952382,7.6603499999999904,504,6.011049999999972,672,7.655075000000001,225,10.0,504,11.721600000000148,504,0
79,frozen,escaped,60,2,True,0.9850000000000001,0.9870415798611111,0.9858166319444446,5.977124999999991,540,10.690625000000114,720,5.970225000000003,180,12.0,540,5.975999999999982,540,0
80,frozen,escaped,46,2,True,0.9885,0.9897323218599033,0.9889929287439614,1.1484499999999838,414,9.804250000000046,552,1.1422999999999963,99,2.0,414,1.125599999999984,414,0
81,frozen,escaped,51,2,True,0.9872500000000001,0.9884437772331155,0.9877275108932463,2.520949999999992,459,10.783550000000025,612,2.5151249999999985,117,4.0,459,3.063599999999988,459,0
82,frozen,escaped,48,2,True,0.9880000000000001,0.9925995370370371,0.9898398148148149,1.1100999999999923,432,7.045199999999982,576,1.103275,63,2.0,432,1.132799999999992,432,0
83,frozen,escaped,69,2,True,0.98275,0.990516978663446,0.9858567914653784,3.413424999999995,621,11.152650000000076,828,3.4048000000000034,135,7.0,621,3.1283999999999814,621,0
84,frozen,caught,25,2,False,0.2,0.9891907361111111,0.5156762944444444,3.223000000000004,225,2.1882249999999894,300,3.220350000000002,90,4.0,225,3.929999999999995,225,0
85,frozen,escaped,80,2,True,0.9800000000000001,0.988643572048611,0.9834574288194444,4.007299999999985,720,16.461275000000185,960,3.9977249999999995,189,6.0,720,5.087999999999978,720,0
86,frozen,escaped,29,2,True,0.99275,0.9913422413793104,0.9921868965517242,1.7870999999999948,261,3.642999999999987,348,1.7838250000000002,90,2.0,261,2.024399999999991,261,0
87,frozen,escaped,25,2,True,0.99375,0.987603138888889,0.9912912555555555,2.2870999999999952,225,4.3886499999999895,300,2.2835500000000004,36,3.0,225,2.9699999999999926,225,0
88,frozen,caught,53,1,False,0.1,0.9897670400943396,0.45590681603773586,2.4765749999999995,477,9.714224999999988,636,2.469475,63,4.0,477,3.0707999999999998,477,0
89,frozen,caught,49,1,False,0.1,0.9891274801587301,0.4556509920634921,1.6095250000000014,441,10.640050000000056,588,1.6026250000000002,81,5.0,441,1.1364000000000005,441,0
90,frozen,escaped,33,2,True,0.99175,0.9867463804713805,0.9897485521885522,2.6223499999999995,297,7.000399999999988,396,2.6190250000000006,108,3.0,297,4.918799999999993,297,0
91,frozen,escaped,49,2,True,0.9877500000000001,0.9931913619614513,0.9899265447845805,1.1226249999999964,441,6.510124999999982,588,1.1164749999999988,90,2.0,441,1.1363999999999963,441,0
92,frozen,escaped,38,2,True,0.9905,0.985983360745614,0.9886933442982457,2.3526000000000002,342,9.646375000000043,456,2.3479500000000004,81,3.0,342,3.016799999999996,342,0
93,frozen,escaped,54,2,True,0.9865,0.990641512345679,0.9881566049382716,0.25799999999999956,486,11.78460000000007,648,0.25087499999999996,81,1.0,486,0.19440000000000146,486,0
94,frozen,escaped,62,2,True,0.9845,0.9836777049731181,0.9841710819892473,5.594549999999991,558,16.82817500000022,744,5.588449999999997,216,7.0,558,6.943199999999987,558,0
95,frozen,caught,38,2,False,0.2,0.9890865222953216,0.5156346089181286,0.8714750000000002,342,8.791125000000015,456,0.8661500000000002,36,1.0,342,1.0967999999999993,342,0
96,frozen,escaped,57,2,True,0.9857500000000001,0.9865511147660818,0.9860704459064328,5.398575000000006,513,11.199975000000123,684,5.3917250000000045,126,11.0,513,5.00519999999999,513,0
97,frozen,escaped,52,2,True,0.9870000000000001,0.9890867120726494,0.9878346848290598,0.43217499999999914,468,13.043550000000124,624,0.42489999999999983,63,0.0,468,1.1471999999999822,468,0
98,frozen,escaped,68,2,True,0.9830000000000001,0.9862190308415032,0.9842876123366013,4.523975000000013,612,16.458575000000142,816,4.516950000000005,216,9.0,612,7.924799999999974,612,0
99,frozen,escaped,28,2,True,0.9930000000000001,0.9883818576388889,0.9911527430555556,0.010850000000000071,252,7.792924999999987,336,0.006525,9,0.0,252,0.10079999999999961,252,0
100,frozen,escaped,39,2,True,0.9902500000000001,0.9792925658831907,0.9858670263532764,2.7383499999999943,351,15.7310250000002,468,2.734049999999998,99,3.0,351,3.980399999999989,351,0
101,frozen,caught,18,0,False,0.0,0.9854593364197531,0.3941837345679013,1.7588750000000009,162,3.936399999999992,216,1.7572750000000004,45,2.0,162,1.984799999999998,162,0
102,frozen,escaped,34,2,True,0.9915,0.9846135008169935,0.9887454003267975,4.132974999999997,306,7.0447499999999845,408,4.128700000000001,72,8.0,306,3.9623999999999935,306,0
103,frozen,escaped,22,2,True,0.9945,0.9960818181818182,0.9951327272727273,0.04199999999999978,198,2.012799999999992,264,0.03887499999999997,27,0.0,198,0.07919999999999974,198,0
104,frozen,escaped,55,2,True,0.9862500000000001,0.9902218749999999,0.98783875,0.9507000000000159,495,11.639525000000097,660,0.9433000000000014,63,1.0,495,1.1579999999999797,495,0
105,frozen,escaped,49,2,True,0.9877500000000001,0.9920064200680272,0.9894525680272109,1.1355749999999938,441,7.886349999999978,588,1.1295249999999994,99,2.0,441,1.1363999999999916,441,0
106,frozen,caught,37,1,False,0.1,0.9764674268018017,0.4505869707207207,7.5765749999999965,333,10.794825000000094,444,7.572749999999998,135,16.0,333,7.813199999999993,333,0
107,frozen,escaped,65,2,True,0.9837500000000001,0.9951419497863248,0.98830677991453,1.4723500000000054,585,5.615424999999971,780,1.4633000000000003,72,2.0,585,2.1539999999999786,585,0
108,frozen,caught,48,2,False,0.2,0.9892611255787037,0.5157044502314815,3.247524999999996,432,8.041149999999986,576,3.242424999999998,162,3.0,432,6.892799999999989,432,0
109,frozen,escaped,36,2,True,0.9910000000000001,0.9858579378858024,0.988943175154321,5.095024999999995,324,5.425374999999985,432,5.091125000000003,126,9.0,324,4.929599999999987,324,0
110,frozen,caught,61,2,False,0.2,0.9890682946265938,0.5156273178506375,6.114949999999991,549,7.850749999999976,732,6.107500000000003,162,8.0,549,7.89959999999998,549,0
111,frozen,escaped,56,2,True,0.9860000000000001,0.9915416046626984,0.9882166418650794,0.45039999999999963,504,10.767550000000119,672,0.4450250000000001,207,1.0,504,0.20160000000000167,504,0
112,frozen,escaped,46,2,True,0.9885,0.9885789930555555,0.9885315972222222,2.514574999999997,414,9.256025000000065,552,2.5082249999999995,63,3.0,414,3.045599999999996,414,0
113,frozen,escaped,18,2,True,0.9955,0.9975128472222222,0.9963051388888889,0.028650000000000075,162,1.036249999999992,216,0.026100000000000005,27,0.0,162,0.06479999999999983,162,0
114,frozen,escaped,71,2,True,0.9822500000000001,0.9907329714397496,0.9856431885758998,5.692999999999989,639,8.200350000000062,852,5.685925000000002,252,9.0,639,8.895600000000126,639,0
115,frozen,escaped,52,2,True,0.9870000000000001,0.9896896100427349,0.988075844017094,1.4850499999999989,468,10.887300000000145,624,1.4768749999999993,63,2.0,468,4.027199999999999,468,0
116,frozen,escaped,47,2,True,0.9882500000000001,0.9829278221040187,0.9861211288416075,5.147599999999988,423,12.39395000000021,564,5.1424,144,4.0,423,8.809199999999997,423,0
117,frozen,escaped,66,2,True,0.9835,0.9811783617424241,0.9825713446969696,9.941550000000085,594,16.55807500000017,792,9.934675000000006,207,15.0,594,11.757600000000158,594,0
118,frozen,escaped,39,2,True,0.9902500000000001,0.9852522346866096,0.9882508938746439,0.8723500000000118,351,12.640775000000087,468,0.8659000000000003,18,1.0,351,1.1003999999999867,351,0
119,frozen,escaped,49,2,True,0.9877500000000001,0.9889756448412698,0.9882402579365079,2.3675750000000004,441,9.807875000000147,588,2.3608000000000002,81,3.0,441,3.056399999999998,441,0
120,frozen,escaped,38,2,True,0.9905,0.984164519371345,0.987965807748538,4.058424999999991,342,9.030725000000032,456,4.054499999999999,117,5.0,342,4.936799999999986,342,0
121,frozen,escaped,41,2,True,0.9897500000000001,0.9857827235772358,0.9881630894308945,5.213474999999993,369,7.038499999999981,492,5.208325,99,8.0,369,6.867599999999989,369,0
122,frozen,escaped,24,2,True,0.9940000000000001,0.992587818287037,0.9934351273148149,0.2403499999999998,216,3.9489499999999906,288,0.23744999999999997,54,1.0,216,0.0863999999999997,216,0
123,frozen,escaped,50,2,True,0.9875,0.986511423611111,0.9871045694444445,2.5269499999999967,450,12.817025000000093,600,2.521475,117,4.0,450,3.059999999999988,450,0
124,frozen,escaped,66,2,True,0.9835,0.9898439972643097,0.9860375989057238,3.5905749999999834,594,11.299675000000072,792,3.5828499999999974,171,3.0,594,5.997599999999978,594,0
125,frozen,escaped,32,2,True,0.9920000000000001,0.9853417643229166,0.9893367057291668,3.286124999999992,288,6.876024999999985,384,3.282275000000001,63,7.0,288,2.9951999999999877,288,0
126,frozen,escaped,58,2,True,0.9855,0.9906025981800766,0.9875410392720307,3.2350749999999873,522,8.767750000000058,696,3.227725,135,4.0,522,4.04879999999998,522,0
127,frozen,escaped,54,2,True,0.9865,0.990419727366255,0.988067890946502,0.09834999999999978,486,12.284900000000064,648,0.09084999999999993,72,0.0,486,0.19440000000000146,486,0
128,frozen,escaped,31,2,True,0.9922500000000001,0.9868632056451613,0.9900952822580646,0.0051749999999999826,279,9.766875000000045,372,0,0,0.0,279,0.11159999999999955,279,0
129,frozen,escaped,77,2,True,0.98075,0.9899094787157287,0.9844137914862915,5.007024999999991,693,11.971250000000214,924,4.997825,189,8.0,693,6.037199999999984,693,0
130,frozen,escaped,24,2,True,0.9940000000000001,0.9790905671296296,0.9880362268518519,3.2729500000000007,216,7.67989999999999,288,3.271275000000002,117,6.0,216,3.926399999999993,216,0
131,frozen,escaped,37,2,True,0.99075,0.9813956831831832,0.9870082732732733,4.992774999999994,333,9.863600000000053,444,4.988275,81,8.0,333,4.93319999999999,333,0
132,frozen,caught,7,0,False,0.0,0.9775438492063492,0.3910175396825397,1.8165999999999993,63,1.3504999999999976,84,1.8162749999999996,36,2.0,63,2.9051999999999976,63,0
133,frozen,escaped,44,2,True,0.9890000000000001,0.9881724431818182,0.9886689772727273,2.000324999999997,396,9.822800000000042,528,1.9947749999999989,81,4.0,396,2.0783999999999834,396,0
134,frozen,escaped,89,2,True,0.9777500000000001,0.9868504837702872,0.9813901935081148,4.2185749999999835,801,22.462600000000023,1068,4.207850000000001,180,7.0,801,5.120399999999971,801,0
135,frozen,escaped,48,2,True,0.9880000000000001,0.9863510054976851,0.987340402199074,3.687499999999995,432,10.806975000000085,576,3.6809,72,7.0,432,4.0127999999999915,432,0
136,frozen,escaped,58,2,True,0.9855,0.9904675227490422,0.987487009099617,5.110449999999998,522,6.4552749999999754,696,5.103700000000003,126,9.0,522,5.008799999999991,522,0
137,frozen,escaped,84,2,True,0.9790000000000001,0.9896935515873014,0.9832774206349206,4.615724999999995,756,14.623500000000337,1008,4.605000000000001,162,9.0,756,6.062399999999991,756,0
138,frozen,escaped,22,2,True,0.9945,0.9925215277777778,0.9937086111111111,0.016075000000000048,198,3.9271999999999894,264,0.012950000000000005,9,0.0,198,0.07919999999999974,198,0
139,frozen,escaped,45,2,True,0.98875,0.9840627391975307,0.9868750956790122,4.000775,405,11.87787500000016,540,3.994625000000001,72,7.0,405,4.001999999999995,405,0
140,frozen,escaped,38,2,True,0.9905,0.9878005116959064,0.9894202046783627,2.2944249999999946,342,8.066699999999983,456,2.2915499999999986,171,4.0,342,3.016799999999987,342,0
141,frozen,escaped,88,2,True,0.9780000000000001,0.9877650213068182,0.9819060085227274,1.7003249999999976,792,23.573175000000045,1056,1.6871749999999996,54,3.0,792,2.2368000000000015,792,0
142,frozen,escaped,40,2,True,0.9900000000000001,0.9842328385416665,0.9876931354166667,5.0571749999999955,360,8.393575000000094,480,5.052200000000002,81,9.0,360,4.943999999999989,360,0
143,frozen,escaped,47,2,True,0.9882500000000001,0.9828033614066194,0.9860713445626478,7.353774999999992,423,9.59277500000006,564,7.349175000000002,153,13.0,423,7.849199999999983,423,0
144,frozen,escaped,26,2,True,0.9935,0.9834648504273504,0.9894859401709402,2.2872249999999994,234,7.2682999999999875,312,2.2838999999999996,54,3.0,234,2.973599999999998,234,0
145,frozen,escaped,61,2,True,0.98475,0.9884581454918032,0.9862332581967213,3.530625000000003,549,12.189775000000127,732,3.523450000000002,144,5.0,549,5.019599999999993,549,0
146,frozen,escaped,18,2,True,0.9955,0.9855804591049383,0.9915321836419754,1.6393999999999966,162,4.043374999999992,216,1.6373749999999987,45,1.0,162,2.944799999999996,162,0
147,frozen,escaped,64,2,True,0.9840000000000001,0.9853555881076387,0.9845422352430555,5.139274999999985,576,15.641450000000289,768,5.131925000000001,180,9.0,576,6.950399999999979,576,0
148,frozen,escaped,31,2,True,0.9922500000000001,0.9894953181003584,0.9911481272401435,0.004974999999999984,279,7.8088499999999845,372,0,0,0.0,279,0.11159999999999955,279,0
149,frozen,caught,26,0,False,0.0,0.9841141693376068,0.3936456677350427,0.869425,234,8.75352500000003,312,0.8657250000000001,18,1.0,234,1.0535999999999994,234,0
150,frozen,escaped,92,2,True,0.9770000000000001,0.9929544384057971,0.9833817753623189,5.330624999999992,828,8.44910000000007,1104,5.319925,234,6.0,828,8.011199999999999,828,0
151,frozen,caught,44,2,False,0.2,0.9850745975378788,0.5140298390151515,6.719024999999999,396,6.8025249999999815,528,6.713325000000002,108,11.0,396,6.878399999999989,396,0
152,frozen,escaped,60,2,True,0.9850000000000001,0.9931645081018516,0.9882658032407408,1.061649999999982,540,8.427575000000251,720,1.0539999999999983,99,1.0,540,2.1359999999999775,540,0
153,frozen,escaped,32,2,True,0.9920000000000001,0.9876633572048611,0.9902653428819446,1.8517999999999977,288,7.005474999999993,384,1.8488249999999988,126,3.0,288,2.995199999999996,288,0
154,frozen,escaped,52,2,True,0.9870000000000001,0.9878972422542734,0.9873588969017095,1.097824999999983,468,13.640475000000109,624,1.0900999999999996,45,2.0,468,1.1471999999999822,468,0
155,frozen,escaped,33,2,True,0.99175,0.988041571969697,0.9902666287878787,1.2420749999999896,297,7.814974999999986,396,1.2372749999999992,45,3.0,297,1.0787999999999887,297,0
156,frozen,escaped,35,2,True,0.9912500000000001,0.9927678273809524,0.9918571309523809,0.044025,315,6.016324999999987,420,0.03922500000000002,45,0.0,315,0.1259999999999995,315,0
157,frozen,escaped,10,2,True,0.9975,0.9918132986111111,0.9952253194444445,0.0016750000000000011,90,1.9625749999999988,120,0,0,0.0,90,0.036000000000000004,90,0
158,frozen,escaped,32,2,True,0.9920000000000001,0.9880170464409722,0.990406818576389,1.0503249999999882,288,7.802474999999984,384,1.0453499999999993,36,2.0,288,1.075199999999988,288,0
159,frozen,caught,40,1,False,0.1,0.9807331857638888,0.45229327430555555,5.713025000000002,360,10.878775000000116,480,5.7084750000000035,117,8.0,360,6.863999999999994,360,0
160,frozen,escaped,73,2,True,0.9817500000000001,0.9848366818873666,0.9829846727549467,10.813975000000067,657,12.14750000000018,876,10.80790000000001,315,17.0,657,12.742800000000186,657,0
161,frozen,escaped,48,2,True,0.9880000000000001,0.9929272063078703,0.9899708825231481,2.447574999999989,432,4.884424999999981,576,2.442999999999998,126,4.0,432,2.0927999999999836,432,0
162,frozen,escaped,82,2,True,0.9795,0.990383909214092,0.9838535636856368,1.691374999999996,738,16.669300000000263,984,1.682374999999998,153,2.0,738,3.1751999999999807,738,0
163,frozen,escaped,66,2,True,0.9835,0.9865273989898989,0.9847109595959596,2.811674999999984,594,17.591700000000085,792,2.8028500000000003,90,5.0,594,4.077599999999981,594,0
164,frozen,escaped,75,2,True,0.9812500000000001,0.9855259444444443,0.9829603777777778,11.814150000000073,675,10.3011000000001,900,11.806100000000022,243,20.0,675,12.750000000000256,675,0
165,frozen,escaped,67,2,True,0.9832500000000001,0.9869960613598673,0.9847484245439468,2.587899999999994,603,17.459800000000097,804,2.5794249999999996,135,4.0,603,3.1211999999999946,603,0
166,frozen,escaped,12,2,True,0.9970000000000001,0.9930632523148148,0.995425300925926,0.02117500000000001,108,1.9695499999999968,144,0.019475000000000003,27,0.0,108,0.04319999999999996,108,0
167,frozen,escaped,35,2,True,0.9912500000000001,0.9915302480158731,0.9913620992063492,0.18529999999999944,315,6.867524999999982,420,0.179325,9,1.0,315,0.1259999999999995,315,0
168,frozen,escaped,47,2,True,0.9882500000000001,0.9888407136524823,0.9884862854609929,4.245674999999994,423,6.9267749999999815,564,4.241075000000001,162,7.0,423,5.929199999999987,423,0
169,frozen,caught,51,2,False,0.2,0.9842941040305009,0.5137176416122003,3.4443499999999934,459,14.631550000000237,612,3.439225,180,5.0,459,4.023599999999989,459,0
170,frozen,escaped,77,2,True,0.98075,0.986872682178932,0.9831990728715728,5.814999999999986,693,16.505950000000283,924,5.805175000000001,162,8.0,693,6.99719999999998,693,0
171,frozen,escaped,92,2,True,0.9770000000000001,0.9860837409420289,0.9806334963768116,8.823375000000011,828,18.96260000000011,1104,8.813750000000011,261,13.0,828,10.891200000000191,828,0
172,frozen,escaped,57,2,True,0.9857500000000001,0.983739138645224,0.9849456554580897,6.119124999999997,513,14.08602500000019,684,6.112775,180,10.0,513,6.92519999999999,513,0
173,frozen,escaped,44,2,True,0.9890000000000001,0.9873882891414141,0.9883553156565656,1.9369999999999918,396,10.735300000000043,528,1.9304249999999996,54,3.0,396,2.078399999999991,396,0
174,frozen,caught,57,2,False,0.2,0.9803178240740741,0.5121271296296297,3.272299999999987,513,22.56215000000006,684,3.2654250000000005,99,4.0,513,4.045199999999979,513,0
175,frozen,escaped,81,2,True,0.9797500000000001,0.9919792052469134,0.9846416820987655,2.6105999999999976,729,12.111625000000283,972,2.60075,162,3.0,729,5.091599999999971,729,0
176,frozen,escaped,74,2,True,0.9815,0.9893602336711709,0.9846440934684684,3.088574999999996,666,14.778125000000466,888,3.0784250000000015,117,6.0,666,3.1463999999999768,666,0
177,frozen,escaped,31,2,True,0.9922500000000001,0.9876954525089606,0.9904281810035843,2.454399999999998,279,5.882049999999986,372,2.4503249999999994,54,4.0,279,2.9915999999999965,279,0
178,frozen,escaped,84,2,True,0.9790000000000001,0.9895438450727512,0.9832175380291005,4.303224999999984,756,15.341975000000238,1008,4.293474999999999,180,5.0,756,6.062399999999976,756,0
179,frozen,caught,56,2,False,0.2,0.9859869667658729,0.5143947867063492,0.9707000000000001,504,17.539250000000138,672,0.9628500000000001,90,1.0,504,1.1616000000000013,504,0
180,frozen,escaped,48,2,True,0.9880000000000001,0.9863888961226851,0.9873555584490741,2.1034249999999903,432,12.875425000000098,576,2.0968999999999993,54,4.0,432,2.092799999999987,432,0
181,frozen,escaped,37,2,True,0.99075,0.9921192004504504,0.9912976801801803,2.8712999999999935,333,3.1697499999999845,444,2.8673249999999992,126,4.0,333,3.0131999999999923,333,0
182,frozen,escaped,46,2,True,0.9885,0.9895148475241546,0.9889059390096618,2.7381249999999917,414,7.924774999999983,552,2.7330750000000013,135,5.0,414,3.045599999999985,414,0
183,frozen,escaped,15,2,True,0.9962500000000001,0.9918310879629629,0.9944824351851852,0.0025749999999999983,135,2.937374999999995,180,0,0,0.0,135,0.053999999999999895,135,0
184,frozen,escaped,56,2,True,0.9860000000000001,0.9844472780257936,0.9853789112103175,7.675825,504,10.668425000000068,672,7.669725000000003,180,12.0,504,8.841599999999989,504,0
185,frozen,escaped,66,2,True,0.9835,0.9835888573232323,0.9835355429292929,4.108124999999988,594,20.517750000000003,792,4.09835,99,7.0,594,5.037599999999977,594,0
186,frozen,escaped,69,2,True,0.98275,0.9864745420692431,0.9842398168276973,2.062225,621,19.648525000000053,828,2.0531750000000026,144,4.0,621,2.1683999999999837,621,0
187,frozen,escaped,45,2,True,0.98875,0.9879560879629629,0.9884324351851851,0.25642499999999974,405,12.665525000000136,540,0.25042499999999995,81,1.0,405,0.16200000000000053,405,0
188,frozen,escaped,73,2,True,0.9817500000000001,0.9909535150304413,0.9854314060121766,3.0316249999999996,657,11.807275000000303,876,3.024250000000002,216,4.0,657,6.0227999999999895,657,0
189,frozen,escaped,39,2,True,0.9902500000000001,0.9830308938746439,0.9873623575498577,7.249599999999993,351,6.216949999999988,468,7.246599999999999,162,12.0,351,7.820399999999985,351,0
190,frozen,caught,41,2,False,0.2,0.9859115345528455,0.5143646138211382,4.9113750000000005,369,7.314549999999987,492,4.906375000000001,72,7.0,369,5.907599999999996,369,0
191,frozen,escaped,53,2,True,0.98675,0.98732294942348,0.986979179769392,3.2592999999999956,477,11.779475000000138,636,3.2528499999999982,117,4.0,477,4.030799999999994,477,0
192,frozen,escaped,31,2,True,0.9922500000000001,0.9920546594982079,0.9921718637992832,0.017800000000000107,279,5.887599999999985,372,0.012925000000000002,9,0.0,279,0.11159999999999955,279,0
193,frozen,escaped,40,2,True,0.9900000000000001,0.993827717013889,0.9915310868055557,0.006574999999999974,360,5.916624999999983,480,0.00017500000000000003,9,0.0,360,0.14400000000000002,360,0
194,frozen,escaped,46,2,True,0.9885,0.9854070048309179,0.9872628019323672,6.444949999999995,414,7.517399999999982,552,6.440625,171,9.0,414,7.845599999999987,414,0
195,frozen,escaped,64,2,True,0.9840000000000001,0.9920678222656251,0.9872271289062501,3.6209999999999924,576,7.355824999999977,768,3.615124999999999,234,4.0,576,5.990399999999979,576,0
196,frozen,escaped,56,2,True,0.9860000000000001,0.9930897755456348,0.988835910218254,0.9387500000000173,504,8.035675000000058,672,0.9310250000000019,90,1.0,504,1.1615999999999806,504,0
197,frozen,caught,69,2,False,0.2,0.9829137429549113,0.5131654971819646,6.124324999999985,621,20.12907500000021,828,6.116375,207,6.0,621,8.888399999999981,621,0
198,frozen,escaped,34,2,True,0.9915,0.9885176062091503,0.9903070424836602,3.3064749999999927,306,4.960999999999985,408,3.3015750000000006,63,7.0,306,3.002399999999991,306,0
199,frozen,caught,31,1,False,0.1,0.9945019153225807,0.4578007661290323,0.8899500000000004,279,2.9039749999999938,372,0.8854000000000002,36,1.0,279,1.0715999999999992,279,0
200,frozen,escaped,76,2,True,0.9810000000000001,0.9897492461622807,0.9844996984649124,4.377899999999981,684,12.860175000000176,912,4.369075,171,5.0,684,5.073599999999973,684,0
201,frozen,escaped,86,2,True,0.9785,0.9869366480943152,0.9818746592377261,7.072224999999982,774,17.533125000000055,1032,7.062500000000001,243,10.0,774,7.989599999999969,774,0
202,frozen,escaped,39,2,True,0.9902500000000001,0.9810901887464387,0.9865860754985756,7.4741499999999945,351,7.734049999999983,468,7.471275,189,12.0,351,8.780400000000109,351,0
203,frozen,escaped,63,2,True,0.9842500000000001,0.9882033840388006,0.9858313536155203,0.933325000000006,567,16.592050000000224,756,0.9241500000000009,54,1.0,567,1.1867999999999934,567,0
204,frozen,escaped,58,2,True,0.9855,0.9875287236590038,0.9863114894636016,4.163674999999991,522,11.80845000000007,696,4.157849999999999,126,5.0,522,5.968799999999978,522,0
205,frozen,escaped,44,2,True,0.9890000000000001,0.9928035195707071,0.9905214078282829,0.3202749999999997,396,7.172449999999987,528,0.3150250000000001,99,1.0,396,0.15840000000000043,396,0
206,frozen,escaped,51,2,True,0.9872500000000001,0.9910403458605664,0.9887661383442267,2.2138999999999855,459,8.014749999999998,612,2.2072,81,4.0,459,3.063599999999981,459,0
207,frozen,escaped,48,2,True,0.9880000000000001,0.9911604745370369,0.9892641898148148,0.9819250000000124,432,8.87390000000005,576,0.9751500000000002,54,2.0,432,1.1327999999999852,432,0
208,frozen,caught,26,1,False,0.1,0.9856646367521368,0.45426585470085473,0.8698250000000001,234,7.785499999999987,312,0.8657750000000001,18,1.0,234,1.0535999999999994,234,0
209,frozen,escaped,50,2,True,0.9875,0.9934092152777778,0.9898636861111112,2.264074999999998,450,4.890174999999983,600,2.256375000000001,36,5.0,450,2.099999999999995,450,0
210,frozen,escaped,41,2,True,0.9897500000000001,0.9896127117208672,0.989695084688347,1.0644499999999877,369,8.801825000000052,492,1.058599999999998,63,2.0,369,1.107599999999987,369,0
211,frozen,escaped,63,2,True,0.9842500000000001,0.9931135085978835,0.9877954034391534,0.498149999999999,567,9.74817500000014,756,0.4897749999999998,108,0.0,567,1.1867999999999945,567,0
212,frozen,caught,45,2,False,0.2,0.987455663580247,0.5149822654320988,3.9375250000000026,405,8.29784999999998,540,3.931775000000002,90,6.0,405,4.961999999999983,405,0
213,frozen,escaped,75,2,True,0.9812500000000001,0.9847319444444443,0.9826427777777778,8.16652500000004,675,16.593800000000176,900,8.159375000000017,270,12.0,675,8.910000000000062,675,0
214,frozen,escaped,63,2,True,0.9842500000000001,0.9905767250881833,0.9867806900352734,2.2528249999999934,567,11.244225000000146,756,2.2452999999999976,153,3.0,567,2.146799999999993,567,0
215,frozen,escaped,34,2,True,0.9915,0.9859062295751634,0.9892624918300654,2.7623,306,7.817449999999984,408,2.757925,81,4.0,306,3.0023999999999984,306,0
216,frozen,escaped,38,2,True,0.9905,0.9814367690058478,0.9868747076023392,1.1083999999999972,342,15.45180000000023,456,1.103649999999999,81,2.0,342,1.0967999999999969,342,0
217,frozen,escaped,38,2,True,0.9905,0.9864208059210526,0.9888683223684211,2.501474999999995,342,9.048925000000043,456,2.496999999999998,117,3.0,342,3.976799999999987,342,0
218,frozen,caught,58,2,False,0.2,0.9854716594827585,0.5141886637931035,5.593499999999988,522,12.765450000000229,696,5.5870999999999995,162,7.0,522,6.928799999999981,522,0
219,frozen,escaped,39,2,True,0.9902500000000001,0.9790943732193732,0.9857877492877494,5.679424999999999,351,11.995100000000045,468,5.674475000000001,81,10.0,351,5.900399999999995,351,0
220,frozen,escaped,62,2,True,0.9845,0.9857486055107525,0.984999442204301,5.789324999999994,558,13.486975000000227,744,5.782824999999998,189,7.0,558,8.863200000000063,558,0
221,frozen,escaped,54,2,True,0.9865,0.9854362847222221,0.9860745138888889,2.366699999999991,486,15.718975000000173,648,2.35985,108,5.0,486,2.114399999999989,486,0
222,frozen,escaped,57,2,True,0.9857500000000001,0.9833498842592591,0.9847899537037037,6.45069999999999,513,14.176425000000274,684,6.444825000000002,198,12.0,513,6.92519999999998,513,0
223,frozen,caught,13,1,False,0.1,0.9838720352564103,0.45354881410256415,0.8547000000000003,117,3.892324999999994,156,0.8530750000000004,18,1.0,117,1.0067999999999997,117,0
224,frozen,escaped,59,2,True,0.9852500000000001,0.9933129590395481,0.9884751836158193,1.142999999999997,531,7.944849999999976,708,1.1356249999999997,90,2.0,531,1.1723999999999979,531,0
225,frozen,escaped,75,2,True,0.9812500000000001,0.9913705046296295,0.9852982018518518,2.1463249999999756,675,12.671325000000241,900,2.1363749999999966,117,4.0,675,2.189999999999973,675,0
226,frozen,escaped,30,2,True,0.9925,0.9890003356481482,0.9911001342592594,0.055824999999999854,270,7.8453249999999874,360,0.05199999999999998,54,0.0,270,0.10799999999999957,270,0
227,frozen,escaped,35,2,True,0.9912500000000001,0.9929191170634921,0.9919176468253968,0.037249999999999554,315,5.898274999999987,420,0.03230000000000001,18,0.0,315,0.1259999999999995,315,0
228,frozen,caught,37,2,False,0.2,0.9947342342342342,0.5178936936936938,1.9167749999999997,333,2.1202999999999848,444,1.9132749999999998,144,2.0,333,3.013199999999987,333,0
229,frozen,escaped,36,2,True,0.9910000000000001,0.9896531732253087,0.9904612692901236,2.960649999999996,324,4.992124999999985,432,2.9580499999999983,189,5.0,324,3.009599999999993,324,0
230,frozen,escaped,15,2,True,0.9962500000000001,0.9944917824074074,0.9955467129629629,0.0024999999999999988,135,1.9796249999999938,180,0,0,0.0,135,0.053999999999999895,135,0
231,frozen,caught,70,2,False,0.2,0.9879367708333332,0.5151747083333333,0.9026999999999995,630,19.06262500000022,840,0.8922,72,1.0,630,1.2120000000000029,630,0
232,frozen,escaped,93,2,True,0.97675,0.9922208594683392,0.9829383437873356,6.194524999999978,837,9.103675000000253,1116,6.183475000000001,207,9.0,837,7.054799999999966,837,0
233,frozen,escaped,38,2,True,0.9905,0.9900298245614035,0.9903119298245615,2.877824999999996,342,5.255699999999984,456,2.8748000000000014,153,5.0,342,3.9767999999999892,342,0
234,frozen,caught,13,0,False,0.0,0.976384829059829,0.39055393162393165,1.8806500000000004,117,4.860399999999997,156,1.8786250000000004,18,3.0,117,1.9667999999999992,117,0
235,frozen,escaped,52,2,True,0.9870000000000001,0.9878920539529914,0.9873568215811966,3.644374999999988,468,10.251550000000053,624,3.638875,153,4.0,468,4.987199999999984,468,0
236,frozen,escaped,59,2,True,0.9852500000000001,0.9826510534369113,0.9842104213747647,8.255875000000023,531,13.558275000000215,708,8.250325000000004,234,10.0,531,10.772400000000067,531,0
237,frozen,caught,42,2,False,0.2,0.9835404348544973,0.513416173941799,2.955499999999995,378,12.650575000000098,504,2.94945,54,5.0,378,3.031199999999993,378,0
238,frozen,escaped,48,2,True,0.9880000000000001,0.9829689380787037,0.9859875752314815,4.546074999999994,432,13.558350000000102,576,4.540425000000003,108,8.0,432,4.972799999999985,432,0
239,frozen,escaped,58,2,True,0.9855,0.9898206297892719,0.9872282519157088,0.14897499999999922,522,13.971050000000218,696,0.14244999999999988,117,0.0,522,0.20880000000000187,522,0
240,frozen,caught,43,0,False,0.0,0.9860518895348838,0.3944207558139535,4.166699999999995,387,8.838849999999994,516,4.161174999999999,90,8.0,387,3.9947999999999917,387,0
241,frozen,escaped,58,2,True,0.9855,0.9793552502394635,0.9830421000957854,6.713524999999996,522,19.78612500000023,696,6.707075000000005,162,12.0,522,6.928799999999985,522,0
242,frozen,escaped,82,2,True,0.9795,0.987814371612466,0.9828257486449864,7.641349999999995,738,13.792850000000248,984,7.632775000000002,234,11.0,738,8.935199999999991,738,0
243,frozen,escaped,69,2,True,0.98275,0.9916482035024153,0.9863092814009662,1.428224999999985,621,11.926275000000173,828,1.419374999999996,126,2.0,621,3.1283999999999828,621,0
244,frozen,escaped,53,2,True,0.98675,0.9873500655136267,0.9869900262054507,3.2394499999999886,477,11.771450000000183,636,3.23315,90,5.0,477,4.030799999999984,477,0
245,frozen,escaped,40,2,True,0.9900000000000001,0.9913339149305556,0.9905335659722223,2.508574999999989,360,4.974674999999985,480,2.502874999999999,45,2.0,360,3.9839999999999867,360,0
246,frozen,escaped,39,2,True,0.9902500000000001,0.9864790687321936,0.9887416274928775,2.5834249999999916,351,9.211025000000088,468,2.5795249999999985,135,4.0,351,3.020399999999988,351,0
247,frozen,caught,57,2,False,0.2,0.9893335404483429,0.5157334161793372,2.8298000000000014,513,10.818650000000275,684,2.821975,99,4.0,513,3.0851999999999977,513,0
248,frozen,escaped,76,2,True,0.9810000000000001,0.9836541072733916,0.9820616429093567,10.264975000000142,684,16.128275000000173,912,10.257675000000031,261,14.0,684,12.7536000000003,684,0
249,frozen,escaped,40,2,True,0.9900000000000001,0.9852764843749999,0.9881105937500001,1.1092499999999872,360,12.655575000000068,480,1.1032749999999996,63,2.0,360,1.103999999999987,360,0
250,frozen,escaped,45,2,True,0.98875,0.9908261805555555,0.9895804722222221,0.7128000000000037,405,8.957325000000035,540,0.7078250000000019,153,1.0,405,1.1219999999999943,405,0
251,frozen,escaped,40,2,True,0.9900000000000001,0.9888688454861111,0.9895475381944445,2.1354999999999893,360,7.838574999999982,480,2.1304499999999993,90,2.0,360,3.0239999999999867,360,0
252,frozen,caught,73,2,False,0.2,0.9876163289573819,0.5150465315829528,8.146024999999991,657,10.834825000000098,876,8.139675000000002,288,12.0,657,8.902799999999981,657,0
253,frozen,caught,68,2,False,0.2,0.987976873978758,0.5151907495915032,5.646499999999991,612,12.093075000000244,816,5.638625000000001,162,8.0,612,6.964799999999983,612,0
254,frozen,escaped,59,2,True,0.9852500000000001,0.9877414724576271,0.986246588983051,5.053049999999988,531,10.620675000000066,708,5.046675000000001,144,9.0,531,5.01239999999998,531,0
255,frozen,caught,54,2,False,0.2,0.987520023148148,0.5150080092592593,3.398699999999992,486,11.642450000000142,648,3.392199999999999,117,6.0,486,3.074399999999989,486,0
0,frozen_no_planning,escaped,62,2,True,0.9845,0.9865840613799282,0.9853336245519713,4.087549999999995,558,14.512850000000261,744,4.080849999999999,171,5.0,558,5.023199999999988,558,0
1,frozen_no_planning,caught,62,2,False,0.2,0.9870861671146952,0.5148344668458781,3.2156499999999903,558,14.928250000000203,744,3.207849999999999,99,4.0,558,4.063199999999987,558,0
2,frozen_no_planning,escaped,62,2,True,0.9845,0.991261878360215,0.987204751344086,1.3190249999999937,558,11.243625000000119,744,1.3110999999999993,108,1.0,558,4.063199999999992,558,0
3,frozen_no_planning,escaped,173,2,True,0.9567500000000001,0.985173719492614,0.9681194877970457,24.90380000000039,1557,28.353649999999494,2076,24.887275000000137,684,37.0,1557,28.462799999999547,1557,0
4,frozen_no_planning,escaped,48,2,True,0.9880000000000001,0.9853216218171296,0.9869286487268518,3.168800000000001,432,12.684425000000047,576,3.1630750000000005,108,4.0,432,4.012799999999985,432,0
5,frozen_no_planning,escaped,72,2,True,0.9820000000000001,0.9876387827932098,0.984255513117284,3.942699999999988,648,16.10325000000019,864,3.9339249999999986,180,4.0,648,5.059199999999983,648,0
6,frozen_no_planning,escaped,74,2,True,0.9815,0.9896044669669668,0.9847417867867867,1.2613999999999739,666,16.780600000000327,888,1.2506499999999976,81,3.0,666,1.2263999999999726,666,0
7,frozen_no_planning,escaped,48,2,True,0.9880000000000001,0.9880073567708333,0.9880029427083333,2.3460750000000012,432,10.687425000000012,576,2.342824999999999,252,3.0,432,2.0927999999999862,432,0
8,frozen_no_planning,escaped,50,2,True,0.9875,0.9881717152777778,0.9877686861111112,3.361474999999988,450,9.711975000000042,600,3.3550249999999986,90,5.0,450,4.019999999999985,450,0
9,frozen_no_planning,escaped,120,2,True,0.9700000000000001,0.9902870717592592,0.9781148287037038,5.043099999999977,1080,21.249100000000222,1440,5.029475,342,8.0,1080,5.231999999999964,1080,0
10,frozen_no_planning,escaped,83,2,True,0.9792500000000001,0.9867594001004014,0.9822537600401606,4.296449999999987,747,20.64667500000028,996,4.285175,162,6.0,747,5.098799999999984,747,0
11,frozen_no_planning,escaped,75,2,True,0.9812500000000001,0.9887142777777777,0.9842357111111111,2.569874999999983,675,16.887800000000237,900,2.559924999999998,108,4.0,675,3.149999999999979,675,0
12,frozen_no_planning,escaped,29,2,True,0.99275,0.9864202466475096,0.9902180986590039,1.2349749999999962,261,7.804874999999987,348,1.230974999999999,36,3.0,261,1.0643999999999951,261,0
13,frozen_no_planning,escaped,40,2,True,0.9900000000000001,0.9907622482638889,0.9903048993055557,4.352224999999998,360,3.065274999999986,480,4.347400000000001,117,9.0,360,3.9839999999999938,360,0
14,frozen_no_planning,escaped,45,2,True,0.98875,0.9947807330246914,0.9911622932098765,0.2884749999999997,405,5.25217499999998,540,0.28342500000000004,117,1.0,405,0.16200000000000053,405,0
15,frozen_no_planning,caught,21,0,False,0.0,0.976685763888889,0.3906743055555556,6.930225,189,2.510074999999993,252,6.929350000000001,144,8.0,189,9.675599999999998,189,0
16,frozen_no_planning,escaped,16,2,True,0.9960000000000001,0.9897987413194445,0.9935194965277778,0.008725000000000023,144,3.905649999999996,192,0.006475,9,0.0,144,0.057599999999999874,144,0
17,frozen_no_planning,escaped,89,2,True,0.9777500000000001,0.9839004915730337,0.9802101966292135,9.814575000000051,801,21.302450000000007,1068,9.80490000000001,252,16.0,801,9.920400000000095,801,0
18,frozen_no_planning,escaped,31,2,True,0.9922500000000001,0.9820482190860215,0.9881692876344086,1.9665000000000004,279,10.734125000000029,372,1.9626250000000003,72,3.0,279,2.0315999999999947,279,0
19,frozen_no_planning,escaped,24,2,True,0.9940000000000001,0.989775072337963,0.9923100289351853,0.016675000000000054,216,5.8673249999999895,288,0.013125000000000005,27,0.0,216,0.0863999999999997,216,0
20,frozen_no_planning,escaped,66,2,True,0.9835,0.9823739267676767,0.9830495707070707,9.099225,594,15.787400000000188,792,9.091700000000007,171,16.0,594,8.877600000000019,594,0
21,frozen_no_planning,escaped,67,2,True,0.9832500000000001,0.9846155472636815,0.9837962189054725,6.478499999999993,603,16.10020000000015,804,6.4715250000000015,189,9.0,603,6.961199999999975,603,0
22,frozen_no_planning,escaped,76,2,True,0.9810000000000001,0.9842922240497076,0.9823168896198831,6.505449999999997,684,19.977050000000073,912,6.497125000000001,216,10.0,684,6.993599999999992,684,0
23,frozen_no_planning,caught,46,2,False,0.2,0.9887758303140097,0.5155103321256039,4.058199999999995,414,6.980549999999979,552,4.053250000000001,144,7.0,414,4.0055999999999905,414,0
24,frozen_no_planning,escaped,24,2,True,0.9940000000000001,0.9964740596064815,0.9949896238425926,0.003424999999999993,216,2.0263749999999887,288,0.00015000000000000001,9,0.0,216,0.0863999999999997,216,0
25,frozen_no_planning,escaped,63,2,True,0.9842500000000001,0.9848923335537918,0.9845069334215167,9.14569999999999,567,10.648525000000213,756,9.139575,243,17.0,567,10.786800000000001,567,0
26,frozen_no_planning,escaped,45,2,True,0.98875,0.9943304938271605,0.9909821975308641,0.01932500000000018,405,6.097299999999982,540,0.012875000000000001,9,0.0,405,0.16200000000000053,405,0
27,frozen_no_planning,escaped,79,2,True,0.9802500000000001,0.9879094672995778,0.9833137869198312,4.769399999999983,711,16.564450000000353,948,4.75915,171,9.0,711,5.084399999999976,711,0
28,frozen_no_planning,escaped,90,2,True,0.9775,0.9882898919753085,0.9818159567901235,6.316074999999993,810,16.87240000000041,1080,6.308900000000001,405,9.0,810,8.003999999999982,810,0
29,frozen_no_planning,escaped,93,2,True,0.97675,0.9880066756272401,0.981252670250896,2.406899999999968,837,23.55990000000011,1116,2.3944749999999955,153,3.0,837,3.214799999999965,837,0
30,frozen_no_planning,escaped,36,2,True,0.9910000000000001,0.9849849922839506,0.9885939969135803,4.019600000000001,324,7.613499999999984,432,4.015625000000001,90,5.0,324,4.929599999999992,324,0
31,frozen_no_planning,escaped,41,2,True,0.9897500000000001,0.9836615345528454,0.9873146138211383,4.057574999999998,369,10.66695000000009,492,4.053374999999999,144,7.0,369,3.987599999999995,369,0
32,frozen_no_planning,escaped,40,2,True,0.9900000000000001,0.9853779427083332,0.9881511770833333,1.9291499999999904,360,11.464975000000127,480,1.9247999999999978,117,3.0,360,2.0639999999999894,360,0
33,frozen_no_planning,caught,19,2,False,0.2,0.9810096308479532,0.5124038523391813,2.9203750000000004,171,4.7657749999999925,228,2.9172500000000006,36,5.0,171,2.9483999999999986,171,0
34,frozen_no_planning,escaped,48,2,True,0.9880000000000001,0.9906733796296296,0.9890693518518519,2.9560999999999855,432,6.802799999999979,576,2.9497999999999993,81,5.0,432,3.0527999999999818,432,0
35,frozen_no_planning,escaped,40,2,True,0.9900000000000001,0.9928199652777778,0.9911279861111113,0.005799999999999979,360,6.885099999999981,480,0,0,0.0,360,0.14400000000000002,360,0
36,frozen_no_planning,escaped,63,2,True,0.9842500000000001,0.9881526344797178,0.9858110537918872,5.293249999999992,567,10.855550000000115,756,5.285475,153,8.0,567,5.986799999999987,567,0
37,frozen_no_planning,escaped,39,2,True,0.9902500000000001,0.9757817574786324,0.984462702991453,14.380275000000061,351,3.494574999999993,468,14.378300000000024,243,23.0,351,16.460400000000014,351,0
38,frozen_no_planning,escaped,54,2,True,0.9865,0.984301440329218,0.9856205761316872,5.067549999999985,486,13.588600000000168,648,5.06075,117,7.0,486,5.954399999999979,486,0
39,frozen_no_planning,escaped,101,2,True,0.9747500000000001,0.9883854476072607,0.9802041790429044,6.123599999999985,909,19.988875000000068,1212,6.111200000000002,225,13.0,909,6.123599999999974,909,0
40,frozen_no_planning,escaped,74,2,True,0.9815,0.9886343468468467,0.9843537387387387,2.684849999999995,666,16.60560000000017,888,2.6751499999999995,117,5.0,666,3.1463999999999928,666,0
41,frozen_no_planning,escaped,43,2,True,0.9892500000000001,0.991285142118863,0.9900640568475452,0.032124999999999904,387,8.950900000000031,516,0.025850000000000005,18,0.0,387,0.15480000000000033,387,0
42,frozen_no_planning,escaped,39,2,True,0.9902500000000001,0.9856874376780627,0.9884249750712252,3.8781999999999868,351,8.225625000000026,468,3.873449999999998,108,7.0,351,3.9803999999999853,351,0
43,frozen_no_planning,escaped,156,2,True,0.9610000000000001,0.9883489583333334,0.9719395833333333,10.726875000000039,1404,29.318999999999807,1872,10.713925000000035,702,13.0,1404,14.961600000000317,1404,0
44,frozen_no_planning,caught,64,2,False,0.2,0.9900646538628471,0.5160258615451389,3.9908749999999933,576,9.939525000000046,768,3.9845749999999964,243,7.0,576,4.070399999999987,576,0
45,frozen_no_planning,escaped,39,2,True,0.9902500000000001,0.9869428418803419,0.9889271367521368,0.40507499999999946,351,11.681400000000009,468,0.3992749999999998,54,0.0,351,1.1003999999999923,351,0
46,frozen_no_planning,escaped,62,2,True,0.9845,0.9862597670250896,0.9852039068100358,5.24187499999999,558,13.456300000000116,744,5.2338499999999994,126,8.0,558,5.983199999999986,558,0
47,frozen_no_planning,escaped,71,2,True,0.9822500000000001,0.9897412265258214,0.9852464906103287,2.099924999999991,639,14.6810500000003,852,2.0930499999999985,234,3.0,639,2.175599999999984,639,0
48,frozen_no_planning,escaped,84,2,True,0.9790000000000001,0.9835414806547619,0.9808165922619048,6.566549999999978,756,24.424975000000146,1008,6.556375000000001,225,9.0,756,7.982399999999969,756,0
49,frozen_no_planning,escaped,18,2,True,0.9955,0.9909385030864197,0.993675401234568,0.0027499999999999972,162,3.910899999999993,216,0,0,0.0,162,0.06479999999999983,162,0
50,frozen_no_planning,escaped,51,2,True,0.9872500000000001,0.9897708877995642,0.9882583551198257,3.1544499999999913,459,8.314500000000022,612,3.148075,72,6.0,459,3.063599999999987,459,0
51,frozen_no_planning,escaped,68,2,True,0.9830000000000001,0.9881757352941176,0.985070294117647,3.800699999999984,612,14.229600000000138,816,3.7917500000000017,108,5.0,612,5.044799999999976,612,0
52,frozen_no_planning,escaped,37,2,True,0.99075,0.9931746058558558,0.9917198423423423,0.07012499999999959,333,5.967449999999988,444,0.06502499999999994,63,0.0,333,0.1331999999999997,333,0
53,frozen_no_planning,escaped,105,2,True,0.9737500000000001,0.987617533068783,0.9792970132275133,8.037349999999986,945,20.487350000000326,1260,8.026700000000003,360,11.0,945,9.97800000000013,945,0
54,frozen_no_planning,escaped,43,2,True,0.9892500000000001,0.9904743620801033,0.9897397448320413,0.03932499999999985,387,9.778025000000033,516,0.03275000000000001,45,0.0,387,0.15480000000000033,387,0
55,frozen_no_planning,escaped,37,2,True,0.99075,0.9922547578828829,0.9913519031531532,0.006299999999999976,333,6.869374999999985,444,0,0,0.0,333,0.1331999999999997,333,0
56,frozen_no_planning,caught,33,1,False,0.1,0.9900113952020202,0.4560045580808081,2.9411250000000004,297,3.989474999999984,396,2.9363500000000005,27,6.0,297,2.998799999999999,297,0
57,frozen_no_planning,escaped,41,2,True,0.9897500000000001,0.991999347899729,0.9906497391598917,0.09634999999999938,369,7.744174999999981,492,0.09114999999999988,90,0.0,369,0.14760000000000012,369,0
58,frozen_no_planning,escaped,36,2,True,0.9910000000000001,0.9838374324845679,0.9881349729938271,3.1336749999999918,324,9.786225000000055,432,3.1286999999999994,54,6.0,324,3.0095999999999896,324,0
59,frozen_no_planning,escaped,78,2,True,0.9805,0.9853506588319088,0.9824402635327636,6.500149999999988,702,18.756700000000155,936,6.491099999999999,225,11.0,702,7.00079999999998,702,0
60,frozen_no_planning,escaped,72,2,True,0.9820000000000001,0.987091613618827,0.9840366454475309,8.312525000000024,648,11.222325000000286,864,8.3055,243,13.0,648,8.899200000000052,648,0
61,frozen_no_planning,escaped,114,2,True,0.9715,0.9866291453460039,0.9775516581384016,8.117950000000071,1026,25.758725,1368,8.105925000000006,387,10.0,1026,10.97040000000016,1026,0
62,frozen_no_planning,escaped,70,2,True,0.9825,0.9891832688492063,0.9851733075396826,4.837599999999993,630,11.721975000000088,840,4.829949999999999,189,7.0,630,5.051999999999989,630,0
63,frozen_no_planning,escaped,62,2,True,0.9845,0.9903343749999999,0.98683375,3.3953999999999915,558,9.855250000000185,744,3.387125,108,5.0,558,4.063199999999986,558,0
64,frozen_no_planning,escaped,39,2,True,0.9902500000000001,0.9935028133903134,0.9915511253561254,1.3125499999999937,351,4.331299999999983,468,1.3080499999999984,81,3.0,351,1.1003999999999916,351,0
65,frozen_no_planning,escaped,31,2,True,0.9922500000000001,0.9907428203405018,0.9916471281362007,0.0243500000000001,279,6.854874999999985,372,0.019674999999999998,27,0.0,279,0.11159999999999955,279,0
66,frozen_no_planning,escaped,54,2,True,0.9865,0.9865807420267488,0.9865322968106995,3.182724999999994,486,13.147725000000218,648,3.176649999999998,126,3.0,486,4.99439999999999,486,0
67,frozen_no_planning,escaped,115,2,True,0.9712500000000001,0.9853942934782608,0.9769077173913043,13.705650000000212,1035,22.037549999999904,1380,13.694200000000052,414,23.0,1035,14.814000000000354,1035,0
68,frozen_no_planning,escaped,46,2,True,0.9885,0.9842755736714974,0.986810229468599,1.942924999999992,414,14.76920000000019,552,1.936599999999999,45,3.0,414,2.0855999999999897,414,0
69,frozen_no_planning,escaped,83,2,True,0.9792500000000001,0.9878971176372154,0.9827088470548861,1.0267249999999812,747,22.73997500000014,996,1.01525,144,1.0,747,1.25879999999998,747,0
70,frozen_no_planning,escaped,22,2,True,0.9945,0.9880587752525253,0.9919235101010102,0.06747499999999974,198,6.214999999999995,264,0.06467499999999998,45,0.0,198,0.07919999999999974,198,0
71,frozen_no_planning,escaped,35,2,True,0.9912500000000001,0.981852490079365,0.9874909960317461,4.089999999999998,315,9.790575000000072,420,4.085775,90,7.0,315,4.925999999999995,315,0
72,frozen_no_planning,escaped,96,2,True,0.9760000000000001,0.9877545970775463,0.9807018388310186,3.2075500000000026,864,23.93667499999989,1152,3.197200000000002,252,3.0,864,4.185599999999974,864,0
73,frozen_no_planning,escaped,123,2,True,0.9692500000000001,0.9871488849367662,0.9764095539747065,3.88497499999999,1107,32.75652499999951,1476,3.871674999999999,351,4.0,1107,5.242799999999957,1107,0
74,frozen_no_planning,escaped,80,2,True,0.9800000000000001,0.9858477560763887,0.9823391024305557,7.5650499999999985,720,17.085575000000247,960,7.558200000000001,306,11.0,720,9.888000000000066,720,0
75,frozen_no_planning,escaped,74,2,True,0.9815,0.9920715559309308,0.9857286223723722,0.15829999999999894,666,13.8698500000002,888,0.14962499999999976,153,0.0,666,0.2664000000000035,666,0
76,frozen_no_planning,caught,52,2,False,0.2,0.9855079193376067,0.5142031677350427,5.379349999999997,468,10.913650000000105,624,5.372100000000002,99,11.0,468,4.987199999999992,468,0
77,frozen_no_planning,escaped,25,2,True,0.99375,0.9856997638888889,0.9905299055555555,2.557549999999997,225,5.17007499999999,300,2.554924999999998,99,2.0,225,3.9299999999999953,225,0
78,frozen_no_planning,escaped,94,2,True,0.9765,0.9921568410165484,0.9827627364066194,4.878949999999984,846,11.18890000000012,1128,4.869500000000001,306,8.0,846,5.138399999999967,846,0
79,frozen_no_planning,escaped,75,2,True,0.9812500000000001,0.9886141666666666,0.9841956666666667,7.206974999999983,675,10.88520000000015,900,7.19905,279,10.0,675,8.909999999999975,675,0
80,frozen_no_planning,escaped,48,2,True,0.9880000000000001,0.9893806568287037,0.9885522627314816,1.161849999999982,432,10.68435000000007,576,1.1554749999999954,117,2.0,432,1.1327999999999834,432,0
81,frozen_no_planning,escaped,51,2,True,0.9872500000000001,0.9907451116557734,0.9886480446623094,0.4190499999999994,459,10.769250000000024,612,0.4119249999999998,54,0.0,459,1.1435999999999935,459,0
82,frozen_no_planning,escaped,53,2,True,0.98675,0.9891824685534591,0.9877229874213836,2.1429749999999927,477,10.902600000000017,636,2.135475,81,4.0,477,2.110799999999992,477,0
83,frozen_no_planning,escaped,36,2,True,0.9910000000000001,0.9927882426697531,0.9917152970679013,0.9612250000000041,324,4.949324999999985,432,0.9562499999999998,63,2.0,324,1.0895999999999946,324,0
84,frozen_no_planning,escaped,71,2,True,0.9822500000000001,0.9843828785211267,0.9831031514084507,6.993899999999997,639,17.286375000000067,852,6.987775000000001,297,10.0,639,8.895600000000094,639,0
85,frozen_no_planning,caught,100,2,False,0.2,0.9894452743055555,0.5157781097222223,5.694499999999999,900,17.738675000000057,1200,5.683900000000002,270,9.0,900,7.079999999999994,900,0
86,frozen_no_planning,escaped,35,2,True,0.9912500000000001,0.9937872420634921,0.9922648968253969,0.5237750000000008,315,4.5203499999999845,420,0.5203750000000003,135,2.0,315,0.1259999999999995,315,0
87,frozen_no_planning,escaped,29,2,True,0.99275,0.9895412236590039,0.9914664894636016,1.441524999999993,261,5.357274999999989,348,1.4371499999999993,36,2.0,261,2.0243999999999915,261,0
88,frozen_no_planning,escaped,99,2,True,0.9752500000000001,0.9870225659371492,0.9799590263748598,7.634574999999979,891,20.654950000000124,1188,7.624200000000002,279,15.0,891,7.076399999999963,891,0
89,frozen_no_planning,escaped,127,2,True,0.96825,0.9875535241688539,0.9759714096675416,8.464750000000004,1143,26.650524999999877,1524,8.451550000000001,441,10.0,1143,10.05720000000004,1143,0
90,frozen_no_planning,escaped,81,2,True,0.9797500000000001,0.9859648233882029,0.9822359293552813,6.487674999999981,729,18.634150000000165,972,6.47805,207,11.0,729,7.011599999999972,729,0
91,frozen_no_planning,escaped,49,2,True,0.9877500000000001,0.992436507936508,0.9896246031746032,1.7897750000000083,441,6.5082999999999815,588,1.78365,90,2.0,441,2.096399999999983,441,0
92,frozen_no_planning,caught,75,2,False,0.2,0.9840929027777777,0.5136371611111111,7.500524999999992,675,18.632075000000196,900,7.49235,225,10.0,675,8.909999999999982,675,0
93,frozen_no_planning,escaped,61,2,True,0.98475,0.9874456682604735,0.9858282673041894,4.107425000000003,549,12.902975000000126,732,4.100975,180,6.0,549,5.979599999999983,549,0
94,frozen_no_planning,escaped,63,2,True,0.9842500000000001,0.98285582010582,0.983692328042328,6.990225000000001,567,16.601700000000157,756,6.983300000000002,180,12.0,567,6.946799999999982,567,0
95,frozen_no_planning,escaped,125,2,True,0.9687500000000001,0.9889648861111111,0.9768359544444445,5.515399999999995,1125,25.751474999999893,1500,5.50125,342,6.0,1125,7.169999999999957,1125,0
96,frozen_no_planning,escaped,50,2,True,0.9875,0.9889756805555555,0.9880902722222222,2.553024999999999,450,9.825150000000061,600,2.5468750000000018,99,4.0,450,3.059999999999995,450,0
97,frozen_no_planning,escaped,55,2,True,0.9862500000000001,0.9879359469696969,0.9869243787878788,2.1191249999999933,495,13.099050000000151,660,2.111249999999999,72,2.0,495,3.0779999999999808,495,0
98,frozen_no_planning,escaped,64,2,True,0.9840000000000001,0.9848661675347221,0.9843464670138888,6.312124999999997,576,14.829400000000199,768,6.305375000000001,216,10.0,576,6.9503999999999895,576,0
99,frozen_no_planning,escaped,51,2,True,0.9872500000000001,0.9870097017973856,0.9871538807189543,0.2515499999999994,459,15.564725000000138,612,0.24432499999999993,72,1.0,459,0.18360000000000115,459,0
100,frozen_no_planning,escaped,42,2,True,0.9895,0.9792473544973543,0.9853989417989417,3.2764999999999933,378,16.550000000000193,504,3.2720999999999973,117,4.0,378,3.9911999999999903,378,0
101,frozen_no_planning,escaped,60,2,True,0.9850000000000001,0.9914718807870371,0.9875887523148149,3.2407999999999864,540,7.959424999999973,720,3.2335499999999993,126,4.0,540,4.055999999999981,540,0
102,frozen_no_planning,escaped,39,2,True,0.9902500000000001,0.9902599091880342,0.9902539636752138,0.9548250000000057,351,7.843624999999981,468,0.9503000000000023,99,1.0,351,1.1003999999999918,351,0
103,frozen_no_planning,escaped,61,2,True,0.98475,0.9911433913934427,0.9873073565573771,4.484549999999984,549,6.986674999999973,732,4.477849999999997,189,7.0,549,5.019599999999978,549,0
104,frozen_no_planning,escaped,102,2,True,0.9745,0.9882681406590413,0.9800072562636166,7.991074999999975,918,18.06482500000004,1224,7.980974999999996,351,12.0,918,9.007200000000305,918,0
105,frozen_no_planning,escaped,56,2,True,0.9860000000000001,0.9914647011408729,0.9881858804563493,1.816999999999997,504,9.048775000000088,672,1.8095500000000002,99,2.0,504,2.121599999999986,504,0
106,frozen_no_planning,escaped,75,2,True,0.9812500000000001,0.9853505185185184,0.9828902074074074,5.587699999999981,675,18.91880000000025,900,5.578300000000001,180,11.0,675,5.069999999999973,675,0
107,frozen_no_planning,escaped,34,2,True,0.9915,0.9949362847222223,0.9928745138888889,0.0243500000000001,306,4.099524999999986,408,0.01977500000000001,45,0.0,306,0.12239999999999948,306,0
108,frozen_no_planning,escaped,52,2,True,0.9870000000000001,0.9904361177884615,0.9883744471153847,2.150474999999994,468,9.068425000000026,624,2.1447249999999967,171,3.0,468,3.067199999999992,468,0
109,frozen_no_planning,escaped,36,2,True,0.9910000000000001,0.9828901523919753,0.9877560609567901,7.113999999999996,324,5.297574999999985,432,7.110375000000004,144,13.0,324,6.849599999999987,324,0
110,frozen_no_planning,escaped,94,2,True,0.9765,0.9855360557033095,0.9801144222813238,12.81227500000012,846,15.547625000000219,1128,12.801475000000018,252,20.0,846,14.73840000000032,846,0
111,frozen_no_planning,escaped,65,2,True,0.9837500000000001,0.9901514690170939,0.9863105876068377,2.010174999999985,585,12.683475000000191,780,2.003674999999996,225,2.0,585,2.153999999999979,585,0
112,frozen_no_planning,escaped,81,2,True,0.9797500000000001,0.9836029020919065,0.9812911608367627,10.258000000000049,729,18.19862500000035,972,10.250050000000005,288,15.0,729,11.811600000000295,729,0
113,frozen_no_planning,escaped,71,2,True,0.9822500000000001,0.9938444933489828,0.9868877973395932,2.767224999999999,639,6.799349999999967,852,2.7591999999999994,171,5.0,639,3.1355999999999993,639,0
114,frozen_no_planning,caught,45,2,False,0.2,0.9899743441358024,0.515989737654321,5.988324999999997,405,2.843274999999989,540,5.98355,180,10.0,405,5.921999999999992,405,0
115,frozen_no_planning,escaped,74,2,True,0.9815,0.987747001689189,0.9839988006756757,5.276249999999987,666,14.726325000000342,888,5.265650000000001,135,8.0,666,6.026399999999982,666,0
116,frozen_no_planning,escaped,92,2,True,0.9770000000000001,0.985121478713768,0.9802485914855072,9.324450000000041,828,20.41917500000031,1104,9.315475000000006,306,15.0,828,11.85120000000007,828,0
117,frozen_no_planning,escaped,29,2,True,0.99275,0.9879940852490422,0.9908476340996168,0.9020750000000073,261,7.153349999999988,348,0.8983750000000007,45,1.0,261,1.064399999999991,261,0
118,frozen_no_planning,escaped,50,2,True,0.9875,0.9810183680555554,0.9849073472222223,5.3614749999999995,450,15.629325000000179,600,5.355700000000002,135,8.0,450,5.939999999999993,450,0
119,frozen_no_planning,escaped,114,2,True,0.9715,0.9879345760233914,0.9780738304093566,10.475475000000326,1026,19.043700000000538,1368,10.463375000000049,333,15.0,1026,12.890400000000525,1026,0
120,frozen_no_planning,escaped,64,2,True,0.9840000000000001,0.9856149576822916,0.9846459830729166,4.350524999999985,576,16.29472500000016,768,4.343400000000002,189,8.0,576,5.030399999999975,576,0
121,frozen_no_planning,escaped,80,2,True,0.9800000000000001,0.9868789279513885,0.9827515711805554,9.10472500000018,720,13.05282500000034,960,9.0946,180,15.0,720,10.84800000000028,720,0
122,frozen_no_planning,escaped,16,2,True,0.9960000000000001,0.9929051215277778,0.9947620486111112,0.9064750000000029,144,1.5157999999999965,192,0.9048000000000006,54,1.0,144,1.0175999999999965,144,0
123,frozen_no_planning,escaped,43,2,True,0.9892500000000001,0.9907043766149871,0.9898317506459948,1.2942999999999962,387,7.867349999999979,516,1.288899999999999,72,3.0,387,1.114799999999995,387,0
124,frozen_no_planning,escaped,61,2,True,0.98475,0.989655737704918,0.9867122950819672,4.0187999999999855,549,9.785599999999995,732,4.012024999999998,162,4.0,549,5.97959999999998,549,0
125,frozen_no_planning,escaped,50,2,True,0.9875,0.9828048888888888,0.9856219555555557,8.09702499999999,450,9.838100000000104,600,8.092175000000001,153,14.0,450,8.81999999999999,450,0
126,frozen_no_planning,escaped,62,2,True,0.9845,0.9862705533154121,0.9852082213261648,7.462549999999985,558,10.479350000000153,744,7.4560249999999995,234,8.0,558,9.823200000000162,558,0
127,frozen_no_planning,escaped,51,2,True,0.9872500000000001,0.9827380582788671,0.9854452233115469,6.312350000000003,459,12.712150000000056,612,6.305875000000002,135,8.0,459,7.86359999999998,459,0
128,frozen_no_planning,escaped,59,2,True,0.9852500000000001,0.9862614524482107,0.9856545809792844,2.125224999999981,531,16.620150000000294,708,2.116175,72,4.0,531,2.1323999999999788,531,0
129,frozen_no_planning,escaped,66,2,True,0.9835,0.9902034827441076,0.9861813930976431,4.64042500000001,594,9.330450000000113,792,4.631900000000002,135,6.0,594,5.99759999999998,594,0
130,frozen_no_planning,escaped,79,2,True,0.9802500000000001,0.9849659458509142,0.9821363783403658,5.352350000000013,711,21.36809999999998,948,5.3434750000000015,189,8.0,711,6.044399999999971,711,0
131,frozen_no_planning,escaped,78,2,True,0.9805,0.98630698005698,0.9828227920227921,3.992424999999989,702,20.31010000000009,936,3.9840999999999984,225,6.0,702,4.120799999999978,702,0
132,frozen_no_planning,escaped,63,2,True,0.9842500000000001,0.9885690696649029,0.9859776278659612,3.0256249999999927,567,13.249400000000216,756,3.0195499999999997,225,2.0,567,5.026799999999976,567,0
133,frozen_no_planning,escaped,47,2,True,0.9882500000000001,0.9846187943262411,0.9867975177304964,5.173649999999987,423,10.451800000000091,564,5.168025,117,10.0,423,4.969199999999982,423,0
134,frozen_no_planning,escaped,64,2,True,0.9840000000000001,0.988788650173611,0.9859154600694444,1.1706249999999978,576,15.659800000000256,768,1.1626999999999996,162,2.0,576,1.1903999999999995,576,0
135,frozen_no_planning,escaped,80,2,True,0.9800000000000001,0.9867529210069443,0.9827011684027778,3.570799999999986,720,20.67332500000019,960,3.5603750000000005,153,6.0,720,4.127999999999979,720,0
136,frozen_no_planning,escaped,40,2,True,0.9900000000000001,0.9935300347222222,0.991412013888889,0.9297500000000016,360,4.971499999999983,480,0.9245250000000003,72,1.0,360,1.103999999999997,360,0
137,frozen_no_planning,caught,32,0,False,0.0,0.9827487413194445,0.3930994965277778,5.430124999999992,288,6.0087999999999875,384,5.426424999999999,81,8.0,288,6.835199999999989,288,0
138,frozen_no_planning,escaped,22,2,True,0.9945,0.9925215277777778,0.9937086111111111,0.016075000000000048,198,3.9271999999999894,264,0.012950000000000005,9,0.0,198,0.07919999999999974,198,0
139,frozen_no_planning,escaped,56,2,True,0.9860000000000001,0.9883655381944443,0.9869462152777777,1.8699499999999794,504,13.143450000000318,672,1.8617499999999978,63,2.0,504,3.0815999999999786,504,0
140,frozen_no_planning,escaped,46,2,True,0.9885,0.9926033665458938,0.9901413466183575,0.21174999999999944,414,7.883549999999978,552,0.20537499999999995,45,1.0,414,0.16560000000000064,414,0
141,frozen_no_planning,escaped,63,2,True,0.9842500000000001,0.9884363646384479,0.9859245458553791,0.9581750000000048,567,16.206650000000227,756,0.9504250000000021,126,1.0,567,1.1867999999999919,567,0
142,frozen_no_planning,escaped,47,2,True,0.9882500000000001,0.9890897236997634,0.9885858894799053,2.2892749999999973,423,9.254425000000154,564,2.2828000000000004,81,5.0,423,2.0891999999999955,423,0
143,frozen_no_planning,escaped,59,2,True,0.9852500000000001,0.9857246586629,0.9854398634651601,6.325449999999986,531,11.77995000000017,708,6.31895,153,8.0,531,7.892399999999978,531,0
144,frozen_no_planning,escaped,29,2,True,0.99275,0.9834803400383142,0.9890421360153256,2.647375,261,7.967849999999985,348,2.64365,45,4.0,261,3.9443999999999972,261,0
145,frozen_no_planning,escaped,37,2,True,0.99075,0.9931901651651652,0.9917260660660662,0.15354999999999952,333,5.842399999999985,444,0.1489749999999998,108,0.0,333,0.1331999999999997,333,0
146,frozen_no_planning,escaped,17,2,True,0.99575,0.9855672998366013,0.9916769199346406,2.1065749999999976,153,3.0797749999999926,204,2.1046499999999995,45,2.0,153,2.9411999999999963,153,0
147,frozen_no_planning,caught,49,1,False,0.1,0.9837891723356008,0.45351566893424033,7.252374999999991,441,9.394100000000103,588,7.248824999999998,243,9.0,441,8.816399999999986,441,0
148,frozen_no_planning,escaped,69,2,True,0.98275,0.9848082880434782,0.9835733152173913,4.029749999999988,621,19.784475000000125,828,4.0215999999999985,171,7.0,621,4.088399999999982,621,0
149,frozen_no_planning,caught,47,2,False,0.2,0.9795731382978722,0.5118292553191489,7.430774999999999,423,13.133800000000214,564,7.427300000000001,207,10.0,423,8.809199999999992,423,0
150,frozen_no_planning,escaped,164,2,True,0.9590000000000001,0.9882218601795393,0.9706887440718157,11.284075000000144,1476,31.31332499999979,1968,11.264625000000027,396,17.0,1476,13.070400000000298,1476,0
151,frozen_no_planning,escaped,87,2,True,0.9782500000000001,0.988722505587484,0.9824390022349936,7.803924999999988,783,13.142175000000242,1044,7.796299999999998,387,11.0,783,8.953200000000061,783,0
152,frozen_no_planning,escaped,73,2,True,0.9817500000000001,0.9867303938356163,0.9837421575342467,7.473299999999985,657,13.283950000000267,876,7.465475000000001,234,10.0,657,7.942799999999973,657,0
153,frozen_no_planning,escaped,30,2,True,0.9925,0.986102662037037,0.9899410648148148,2.6786499999999958,270,6.43454999999999,360,2.676174999999999,135,4.0,270,3.947999999999993,270,0
154,frozen_no_planning,escaped,71,2,True,0.9822500000000001,0.987359722222222,0.9842938888888888,3.9931749999999804,639,16.214800000000302,852,3.984275,144,6.0,639,5.055599999999974,639,0
155,frozen_no_planning,escaped,40,2,True,0.9900000000000001,0.9883001128472222,0.989320045138889,1.0897249999999876,360,9.778925000000012,480,1.084124999999998,72,2.0,360,1.1039999999999868,360,0
156,frozen_no_planning,escaped,56,2,True,0.9860000000000001,0.9897008618551587,0.9874803447420635,3.0912500000000014,504,9.72037500000005,672,3.0847500000000014,126,5.0,504,3.0815999999999866,504,0
157,frozen_no_planning,escaped,20,2,True,0.9950000000000001,0.9918181597222222,0.993727263888889,0.002949999999999996,180,3.9233499999999935,240,0,0,0.0,180,0.07199999999999979,180,0
158,frozen_no_planning,escaped,31,2,True,0.9922500000000001,0.9905687836021505,0.9915775134408602,0.037424999999999986,279,6.966924999999985,372,0.032525000000000005,36,0.0,279,0.11159999999999955,279,0
159,frozen_no_planning,caught,39,1,False,0.1,0.9808509348290597,0.4523403739316239,4.662075000000001,351,11.707425000000152,468,4.656750000000002,81,6.0,351,5.900399999999994,351,0
160,frozen_no_planning,escaped,63,2,True,0.9842500000000001,0.9850139274691356,0.9845555709876543,8.69660000000009,567,11.063475000000143,756,8.6909,243,12.0,567,9.826800000000155,567,0
161,frozen_no_planning,escaped,69,2,True,0.98275,0.9882645531400965,0.9849558212560386,4.993199999999978,621,12.776300000000086,828,4.984449999999996,144,8.0,621,6.008399999999975,621,0
162,frozen_no_planning,escaped,81,2,True,0.9797500000000001,0.9895251157407406,0.9836600462962963,2.7574499999999866,729,16.686575000000264,972,2.7490499999999978,180,2.0,729,5.09159999999998,729,0
163,frozen_no_planning,escaped,76,2,True,0.9810000000000001,0.9888013157894737,0.9841205263157895,1.7502749999999834,684,18.09270000000003,912,1.742049999999997,198,1.0,684,3.1535999999999786,684,0
164,frozen_no_planning,caught,39,1,False,0.1,0.9841848290598291,0.45367393162393166,8.544300000000003,351,3.410599999999982,468,8.540975000000003,171,16.0,351,8.780399999999995,351,0
165,frozen_no_planning,caught,59,1,False,0.1,0.9853733050847456,0.4541493220338983,3.1966499999999867,531,16.449200000000147,708,3.188524999999998,99,5.0,531,4.052399999999985,531,0
166,frozen_no_planning,escaped,13,2,True,0.99675,0.9898688301282051,0.993997532051282,0.8868750000000006,117,1.9784249999999965,156,0.8851250000000004,27,1.0,117,1.0067999999999988,117,0
167,frozen_no_planning,escaped,74,2,True,0.9815,0.9890419998123121,0.9845167999249249,3.6268749999999925,666,14.625575000000277,888,3.6188000000000007,207,6.0,666,4.106399999999984,666,0
168,frozen_no_planning,escaped,47,2,True,0.9882500000000001,0.9915246749408984,0.9895598699763594,2.597299999999995,423,6.097099999999981,564,2.592775000000001,171,4.0,423,3.049199999999985,423,0
169,frozen_no_planning,escaped,50,2,True,0.9875,0.9887805694444443,0.9880122277777778,0.3018499999999996,450,13.06085000000023,600,0.2962,144,1.0,450,0.18000000000000105,450,0
170,frozen_no_planning,escaped,97,2,True,0.9757500000000001,0.9866029603379153,0.9800911841351662,6.031299999999992,873,23.146574999999956,1164,6.019724999999999,243,8.0,873,8.02920000000005,873,0
171,frozen_no_planning,escaped,93,2,True,0.97675,0.9866390195639186,0.9807056078255674,8.911525000000069,837,17.939675000000165,1116,8.903375000000025,351,14.0,837,9.934800000000129,837,0
172,frozen_no_planning,caught,47,2,False,0.2,0.9872174793144207,0.5148869917257684,2.7961750000000003,423,10.690450000000085,564,2.7902000000000005,108,5.0,423,3.049199999999999,423,0
173,frozen_no_planning,escaped,82,2,True,0.9795,0.9894775025406504,0.9834910010162602,2.2568249999999948,738,17.699175000000068,984,2.2461749999999983,189,4.0,738,2.215199999999997,738,0
174,frozen_no_planning,escaped,79,2,True,0.9802500000000001,0.9810414952531646,0.9805665981012659,6.668099999999984,711,27.054524999999888,948,6.659425,225,9.0,711,7.964399999999973,711,0
175,frozen_no_planning,escaped,50,2,True,0.9875,0.991231,0.9889924000000001,1.2446999999999862,450,8.863200000000024,600,1.2375749999999999,63,3.0,450,1.139999999999986,450,0
176,frozen_no_planning,escaped,45,2,True,0.98875,0.9891107870370368,0.9888943148148147,0.03967499999999958,405,11.70745000000022,540,0.03250000000000001,27,0.0,405,0.16200000000000053,405,0
177,frozen_no_planning,escaped,55,2,True,0.9862500000000001,0.986048409090909,0.9861693636363635,6.643574999999998,495,9.55800000000013,660,6.6373500000000005,153,12.0,495,6.9179999999999895,495,0
178,frozen_no_planning,escaped,62,2,True,0.9845,0.9884481518817204,0.9860792607526883,5.50342499999999,558,9.851250000000027,744,5.496150000000001,144,9.0,558,5.983199999999984,558,0
179,frozen_no_planning,escaped,76,2,True,0.9810000000000001,0.9844273483187135,0.9823709393274854,4.695799999999976,684,22.14345000000001,912,4.684724999999998,99,5.0,684,6.993599999999974,684,0
180,frozen_no_planning,escaped,34,2,True,0.9915,0.9868674836601308,0.9896469934640524,2.141049999999998,306,7.861399999999985,408,2.1373499999999996,81,2.0,306,3.0023999999999953,306,0
181,frozen_no_planning,escaped,45,2,True,0.98875,0.9924013657407408,0.9902105462962962,2.320799999999992,405,5.112124999999981,540,2.315125000000001,117,5.0,405,2.08199999999999,405,0
182,frozen_no_planning,escaped,63,2,True,0.9842500000000001,0.9837986772486771,0.9840694708994708,10.304550000000152,567,10.757000000000092,756,10.298175000000015,189,17.0,567,10.786800000000252,567,0
183,frozen_no_planning,escaped,22,2,True,0.9945,0.9935272253787879,0.9941108901515152,0.016125000000000018,198,3.3961249999999903,264,0.013125000000000005,18,0.0,198,0.07919999999999974,198,0
184,frozen_no_planning,escaped,62,2,True,0.9845,0.9864996639784945,0.9852998655913978,5.486774999999997,558,12.772800000000116,744,5.480275000000002,189,7.0,558,8.863199999999985,558,0
185,frozen_no_planning,caught,28,1,False,0.1,0.9877319196428571,0.45509276785714287,1.0425750000000003,252,6.854049999999991,336,1.03865,27,2.0,252,1.0607999999999993,252,0
186,frozen_no_planning,escaped,124,2,True,0.9690000000000001,0.9849010164650538,0.9753604065860215,14.04562500000032,1116,26.207074999999655,1488,14.034875000000138,558,23.0,1116,14.846400000000505,1116,0
187,frozen_no_planning,escaped,66,2,True,0.9835,0.987978956228956,0.9852915824915824,1.0097500000000075,594,17.695000000000313,792,1.001875000000001,162,1.0,594,1.197599999999979,594,0
188,frozen_no_planning,escaped,146,2,True,0.9635,0.9901748977359208,0.9741699590943683,10.087150000000046,1314,20.977625000000117,1752,10.070300000000005,378,17.0,1314,11.085600000000069,1314,0
189,frozen_no_planning,escaped,38,2,True,0.9905,0.9916857090643275,0.9909742836257311,1.1589999999999907,342,6.037299999999988,456,1.1552749999999965,108,2.0,342,1.0967999999999893,342,0
190,frozen_no_planning,escaped,75,2,True,0.9812500000000001,0.9864059907407405,0.9833123962962962,9.083525000000082,675,12.357850000000267,900,9.075525000000015,198,16.0,675,10.830000000000148,675,0
191,frozen_no_planning,escaped,53,2,True,0.98675,0.9868642819706498,0.9867957127882598,3.5995,477,11.909300000000142,636,3.593699999999999,126,4.0,477,4.990799999999989,477,0
192,frozen_no_planning,escaped,35,2,True,0.9912500000000001,0.9917865178571429,0.9914646071428572,0.024975000000000126,315,6.866024999999983,420,0.019475000000000003,18,0.0,315,0.1259999999999995,315,0
193,frozen_no_planning,escaped,41,2,True,0.9897500000000001,0.9915551236449864,0.9904720494579947,1.0707999999999893,369,6.882024999999982,492,1.064774999999998,54,2.0,369,1.1075999999999893,369,0
194,frozen_no_planning,escaped,89,2,True,0.9777500000000001,0.9890787609238451,0.9822815043695381,6.693199999999982,801,14.403500000000337,1068,6.682350000000003,216,12.0,801,7.04039999999997,801,0
195,frozen_no_planning,escaped,45,2,True,0.98875,0.9915173765432099,0.989856950617284,3.1287249999999958,405,4.9895999999999825,540,3.122975000000001,99,6.0,405,3.0419999999999927,405,0
196,frozen_no_planning,escaped,53,2,True,0.98675,0.9929634499475891,0.9892353799790357,0.07234999999999926,477,8.854025000000032,636,0.06509999999999994,72,0.0,477,0.19080000000000136,477,0
197,frozen_no_planning,escaped,97,2,True,0.9757500000000001,0.9842853235967927,0.9791641294387171,9.014675,873,24.56420000000005,1164,9.004875000000013,333,15.0,873,8.989200000000025,873,0
198,frozen_no_planning,caught,4,0,False,0.0,0.9636444444444444,0.3854577777777778,1.8852250000000002,36,0.9764999999999999,48,1.8849250000000002,18,3.0,36,1.9343999999999992,36,0
199,frozen_no_planning,escaped,72,2,True,0.9820000000000001,0.9886968942901234,0.9846787577160494,6.98735,648,10.215300000000118,864,6.9779500000000025,144,10.0,648,7.939199999999972,648,0
200,frozen_no_planning,escaped,60,2,True,0.9850000000000001,0.9883426967592592,0.9863370787037038,4.451749999999995,540,10.850850000000042,720,4.444424999999999,135,8.0,540,5.015999999999995,540,0
201,frozen_no_planning,escaped,73,2,True,0.9817500000000001,0.9881091562024352,0.9842936624809742,4.490349999999997,657,14.845625000000117,876,4.482550000000001,189,9.0,657,4.102799999999992,657,0
202,frozen_no_planning,escaped,55,2,True,0.9862500000000001,0.9882260795454545,0.9870404318181818,4.239149999999999,495,9.889375000000113,660,4.231900000000001,99,8.0,495,4.037999999999996,495,0
203,frozen_no_planning,escaped,46,2,True,0.9885,0.9867968976449274,0.987818759057971,2.8473749999999973,414,10.779725000000115,552,2.8410000000000015,81,6.0,414,3.045599999999992,414,0
204,frozen_no_planning,escaped,68,2,True,0.9830000000000001,0.9888025888480392,0.9853210355392157,3.99674999999999,612,12.94517500000016,816,3.9900000000000007,144,6.0,612,5.044799999999973,612,0
205,frozen_no_planning,escaped,48,2,True,0.9880000000000001,0.9827396629050926,0.9858958651620371,6.783324999999993,432,10.83947500000001,576,6.778300000000001,162,11.0,432,6.892799999999985,432,0
206,frozen_no_planning,caught,39,2,False,0.2,0.9828536413817663,0.5131414565527066,5.982725000000008,351,8.07202500000004,468,5.979150000000003,144,9.0,351,7.820399999999987,351,0
207,frozen_no_planning,escaped,80,2,True,0.9800000000000001,0.9876115190972219,0.9830446076388888,8.175550000000202,720,12.885150000000312,960,8.16480000000001,135,12.0,720,9.888000000000265,720,0
208,frozen_no_planning,caught,47,1,False,0.1,0.9828396350472813,0.45313585401891254,7.2340249999999955,423,9.71152500000005,564,7.229899999999996,207,10.0,423,9.76919999999999,423,0
209,frozen_no_planning,escaped,95,2,True,0.9762500000000001,0.9887222331871344,0.9812388932748537,10.322725000000048,855,11.949675000000164,1140,10.313075000000012,333,20.0,855,10.902000000000083,855,0
210,frozen_no_planning,escaped,97,2,True,0.9757500000000001,0.9906982746277203,0.9817293098510882,4.561174999999985,873,15.572850000000527,1164,4.547925000000002,180,7.0,873,5.149199999999975,873,0
211,frozen_no_planning,escaped,83,2,True,0.9792500000000001,0.9914009077978579,0.9841103631191432,2.4053749999999914,747,13.922225000000287,996,2.39405,135,3.0,747,3.178799999999992,747,0
212,frozen_no_planning,escaped,79,2,True,0.9802500000000001,0.9896395525668071,0.984005821026723,5.128599999999994,711,12.805275000000245,948,5.118975000000001,171,7.0,711,6.044399999999987,711,0
213,frozen_no_planning,caught,51,1,False,0.1,0.9855976307189542,0.4542390522875817,6.597974999999988,459,8.831199999999999,612,6.593599999999996,225,10.0,459,6.903599999999983,459,0
214,frozen_no_planning,escaped,85,2,True,0.97875,0.9882746405228757,0.9825598562091502,4.000224999999997,765,18.586100000000272,1020,3.99,216,7.0,765,4.145999999999993,765,0
215,frozen_no_planning,escaped,44,2,True,0.9890000000000001,0.9847285274621211,0.9872914109848485,5.161950000000002,396,9.24407500000005,528,5.156300000000002,90,8.0,396,5.9183999999999966,396,0
216,frozen_no_planning,escaped,52,2,True,0.9870000000000001,0.9845363381410254,0.9860145352564103,1.3346249999999982,468,17.519150000000316,624,1.3286999999999993,144,3.0,468,1.1471999999999984,468,0
217,frozen_no_planning,escaped,65,2,True,0.9837500000000001,0.9879840224358972,0.985443608974359,4.5364499999999826,585,12.696325000000344,780,4.529324999999997,198,7.0,585,5.033999999999976,585,0
218,frozen_no_planning,escaped,70,2,True,0.9825,0.9905046825396824,0.985701873015873,0.9406750000000009,630,14.697900000000336,840,0.9307000000000004,63,1.0,630,1.2120000000000004,630,0
219,frozen_no_planning,escaped,50,2,True,0.9875,0.9825664166666666,0.9855265666666666,3.972149999999997,450,15.62410000000013,600,3.965949999999999,108,4.0,450,5.939999999999993,450,0
220,frozen_no_planning,caught,63,1,False,0.1,0.9836540288800704,0.4534616115520282,7.434999999999991,567,14.801775000000253,756,7.429474999999999,261,11.0,567,9.826799999999986,567,0
221,frozen_no_planning,escaped,67,2,True,0.9832500000000001,0.9872530576285239,0.9848512230514095,2.895399999999993,603,16.63655000000024,804,2.8858500000000014,72,5.0,603,3.121199999999979,603,0
222,frozen_no_planning,escaped,68,2,True,0.9830000000000001,0.9863444597630716,0.9843377839052286,5.317624999999993,612,15.195675000000383,816,5.3096499999999995,180,10.0,612,5.044799999999985,612,0
223,frozen_no_planning,escaped,50,2,True,0.9875,0.9786630833333332,0.9839652333333333,9.259274999999995,450,13.258600000000232,600,9.255225000000003,207,13.0,450,10.740000000000007,450,0
224,frozen_no_planning,escaped,21,2,True,0.99475,0.9845099041005291,0.9906539616402117,3.579849999999998,189,3.0338749999999925,252,3.577475000000001,54,6.0,189,3.9155999999999955,189,0
225,frozen_no_planning,escaped,63,2,True,0.9842500000000001,0.9909764495149911,0.9869405798059965,2.9268999999999803,567,9.741075000000139,756,2.917175000000001,36,5.0,567,3.1067999999999767,567,0
226,frozen_no_planning,escaped,30,2,True,0.9925,0.9890003356481482,0.9911001342592594,0.055824999999999854,270,7.8453249999999874,360,0.05199999999999998,54,0.0,270,0.10799999999999957,270,0
227,frozen_no_planning,escaped,73,2,True,0.9817500000000001,0.985760102739726,0.9833540410958905,5.00535,657,18.27450000000008,876,4.997575000000001,180,7.0,657,6.022799999999984,657,0
228,frozen_no_planning,escaped,54,2,True,0.9865,0.9932253729423869,0.9891901491769548,0.6186500000000063,486,7.955049999999977,648,0.6122500000000013,126,0.0,486,2.1143999999999803,486,0
229,frozen_no_planning,escaped,55,2,True,0.9862500000000001,0.9917871275252526,0.9884648510101011,1.4698999999999942,495,8.881124999999976,660,1.4622999999999997,108,4.0,495,1.1579999999999946,495,0
230,frozen_no_planning,escaped,21,2,True,0.99475,0.9941157738095239,0.9944963095238095,0.0033749999999999935,189,2.961149999999991,252,0,0,0.0,189,0.07559999999999976,189,0
231,frozen_no_planning,caught,80,2,False,0.2,0.9875176953125,0.515007078125,4.642424999999981,720,17.77612500000011,960,4.633974999999999,252,5.0,720,6.047999999999971,720,0
232,frozen_no_planning,escaped,57,2,True,0.9857500000000001,0.9929857760721247,0.9886443104288499,0.9255250000000168,513,8.361425000000049,684,0.9174250000000009,45,1.0,513,1.1651999999999787,513,0
233,frozen_no_planning,escaped,39,2,True,0.9902500000000001,0.9871746794871795,0.9890198717948719,5.019674999999997,351,5.311599999999985,468,5.016675000000001,171,8.0,351,5.900399999999988,351,0
234,frozen_no_planning,escaped,51,2,True,0.9872500000000001,0.9825904684095861,0.9853861873638345,1.8563749999999877,459,18.834100000000035,612,1.8491749999999973,81,2.0,459,3.0635999999999863,459,0
235,frozen_no_planning,escaped,58,2,True,0.9855,0.9889013170498083,0.9868605268199234,1.3292749999999924,522,13.677000000000099,696,1.3211749999999989,81,2.0,522,1.1687999999999916,522,0
236,frozen_no_planning,escaped,44,2,True,0.9890000000000001,0.986774834280303,0.9881099337121213,3.12179999999999,396,9.80337500000009,528,3.1161249999999994,72,6.0,396,3.038399999999987,396,0
237,frozen_no_planning,escaped,41,2,True,0.9897500000000001,0.9867124830623305,0.9885349932249323,1.044874999999995,369,11.681750000000092,492,1.03895,36,2.0,369,1.1075999999999935,369,0
238,frozen_no_planning,escaped,62,2,True,0.9845,0.9865438900089605,0.9853175560035843,3.6652249999999933,558,15.135725000000223,744,3.6587,189,4.0,558,5.023199999999984,558,0
239,frozen_no_planning,escaped,54,2,True,0.9865,0.9860151491769545,0.9863060596707818,3.5477749999999912,486,13.39400000000019,648,3.5416999999999996,162,4.0,486,4.034399999999986,486,0
240,frozen_no_planning,escaped,75,2,True,0.9812500000000001,0.9866922361111109,0.9834268944444444,8.22577500000007,675,12.986275000000264,900,8.216225,162,11.0,675,9.870000000000129,675,0
241,frozen_no_planning,escaped,71,2,True,0.9822500000000001,0.9861154538341157,0.9837961815336463,2.4647749999999897,639,20.37290000000014,852,2.4570500000000015,207,5.0,639,2.1755999999999807,639,0
242,frozen_no_planning,escaped,83,2,True,0.9792500000000001,0.9893327978580989,0.9832831191432396,6.058099999999993,747,13.171600000000254,996,6.049925000000002,261,8.0,747,7.018799999999981,747,0
243,frozen_no_planning,escaped,54,2,True,0.9865,0.9919676311728395,0.9886870524691358,0.9635250000000157,486,9.125250000000024,648,0.9566250000000018,90,1.0,486,1.1543999999999806,486,0
244,frozen_no_planning,escaped,71,2,True,0.9822500000000001,0.9898751467136149,0.985300058685446,2.6135999999999853,639,13.767950000000333,852,2.6056249999999985,171,5.0,639,3.135599999999977,639,0
245,frozen_no_planning,escaped,59,2,True,0.9852500000000001,0.9936603401600753,0.9886141360640301,0.0671499999999995,531,8.88742499999999,708,0.05839999999999997,54,0.0,531,0.21240000000000198,531,0
246,frozen_no_planning,escaped,45,2,True,0.98875,0.9810242669753085,0.9856597067901234,6.482824999999998,405,11.850025000000153,540,6.480025000000002,243,10.0,405,7.841999999999987,405,0
247,frozen_no_planning,escaped,82,2,True,0.9795,0.9902273585704605,0.9837909434281842,3.4373499999999932,738,14.649425000000486,984,3.426025000000001,144,5.0,738,4.135199999999988,738,0
248,frozen_no_planning,escaped,53,2,True,0.98675,0.9822158805031446,0.9849363522012577,7.7930249999999965,477,12.230700000000066,636,7.7886250000000015,216,10.0,477,9.790800000000049,477,0
249,frozen_no_planning,escaped,49,2,True,0.9877500000000001,0.9833764810090702,0.9860005924036281,6.182949999999999,441,11.305325000000131,588,6.177575000000002,162,7.0,441,7.8563999999999865,441,0
250,frozen_no_planning,escaped,49,2,True,0.9877500000000001,0.9866923185941042,0.9873269274376417,4.271500000000003,441,9.954500000000062,588,4.265600000000002,126,7.0,441,4.976399999999992,441,0
251,frozen_no_planning,escaped,45,2,True,0.98875,0.9879523688271605,0.9884309475308641,3.1486249999999893,405,8.813275000000003,540,3.143225,90,4.0,405,4.001999999999985,405,0
252,frozen_no_planning,escaped,80,2,True,0.9800000000000001,0.989122087673611,0.9836488350694446,5.030524999999986,720,14.178225000000184,960,5.021375000000001,198,8.0,720,5.087999999999975,720,0
253,frozen_no_planning,escaped,85,2,True,0.97875,0.9889232107843137,0.9828192843137254,4.069874999999979,765,17.17015000000024,1020,4.061649999999994,288,8.0,765,4.145999999999974,765,0
254,frozen_no_planning,escaped,63,2,True,0.9842500000000001,0.9910128417107583,0.9869551366843033,2.0910249999999833,567,10.800550000000106,756,2.0827249999999995,90,6.0,567,1.1867999999999794,567,0
255,frozen_no_planning,caught,54,2,False,0.2,0.9852937307098765,0.5141174922839507,5.564624999999996,486,11.63982500000014,648,5.559874999999999,216,10.0,486,4.994399999999989,486,0
0,memory,escaped,62,2,True,0.9845,0.984911111111111,0.9846644444444443,5.0,558,15.785600000000274,744,5.0,171,5.0,558,5.023199999999988,558,0
1,memory,caught,62,2,False,0.2,0.9865308243727597,0.5146123297491039,4.0,558,14.708800000000206,744,4.0,99,4.0,558,4.063199999999987,558,0
2,memory,escaped,62,2,True,0.9845,0.9911563620071684,0.9871625448028674,1.0,558,11.826000000000125,744,1.0,108,1.0,558,4.063199999999992,558,0
3,memory,escaped,173,2,True,0.9567500000000001,0.9797417790622995,0.9659467116249199,37.0,1557,34.778799999999016,2076,37.0,684,37.0,1557,28.462799999999547,1557,0
4,memory,escaped,48,2,True,0.9880000000000001,0.984360648148148,0.9865442592592593,4.0,432,12.683200000000058,576,4.0,108,4.0,432,4.012799999999985,432,0
5,memory,escaped,72,2,True,0.9820000000000001,0.9872489969135801,0.9840995987654322,4.0,648,16.700400000000172,864,4.0,180,4.0,648,5.059199999999983,648,0
6,memory,escaped,74,2,True,0.9815,0.9878209459459457,0.9840283783783783,3.0,666,17.630000000000344,888,3.0,81,3.0,666,1.2263999999999726,666,0
7,memory,escaped,48,2,True,0.9880000000000001,0.9871524305555556,0.9876609722222223,3.0,432,10.80040000000001,576,3.0,252,3.0,432,2.0927999999999862,432,0
8,memory,escaped,50,2,True,0.9875,0.9862367777777777,0.9869947111111111,5.0,450,9.849200000000037,600,5.0,90,5.0,450,4.019999999999985,450,0
9,memory,escaped,120,2,True,0.9700000000000001,0.9887429629629629,0.9774971851851852,8.0,1080,21.753600000000162,1440,8.0,342,8.0,1080,5.231999999999964,1080,0
10,memory,escaped,83,2,True,0.9792500000000001,0.9856692771084337,0.9818177108433734,6.0,747,20.546800000000246,996,6.0,162,6.0,747,5.098799999999984,747,0
11,memory,escaped,75,2,True,0.9812500000000001,0.9877939259259259,0.9838675703703703,4.0,675,16.637600000000234,900,4.0,108,4.0,675,3.149999999999979,675,0
12,memory,escaped,29,2,True,0.99275,0.9830413793103449,0.988866551724138,3.0,261,7.803199999999986,348,3.0,36,3.0,261,1.0643999999999951,261,0
13,memory,escaped,40,2,True,0.9900000000000001,0.9843283333333334,0.9877313333333335,9.0,360,3.0447999999999857,480,9.0,117,9.0,360,3.9839999999999938,360,0
14,memory,escaped,45,2,True,0.98875,0.994143950617284,0.9909075802469136,1.0,405,4.9911999999999805,540,1.0,117,1.0,405,0.16200000000000053,405,0
15,memory,caught,21,0,False,0.0,0.9748478835978837,0.3899391534391535,8.0,189,2.009999999999993,252,8.0,144,8.0,189,9.675599999999998,189,0
16,memory,escaped,16,2,True,0.9960000000000001,0.9898239583333334,0.9935295833333334,0.0,144,3.907599999999996,192,0.0,9,0.0,144,0.057599999999999874,144,0
17,memory,escaped,89,2,True,0.9777500000000001,0.9789930087390764,0.9782472034956305,16.0,801,23.537599999999664,1068,16.0,252,16.0,801,9.920400000000095,801,0
18,memory,escaped,31,2,True,0.9922500000000001,0.9802032258064516,0.9874312903225807,3.0,279,10.728800000000033,372,3.0,72,3.0,279,2.0315999999999947,279,0
19,memory,escaped,24,2,True,0.9940000000000001,0.98981875,0.9923275,0.0,216,5.86439999999999,288,0.0,27,0.0,216,0.0863999999999997,216,0
20,memory,escaped,66,2,True,0.9835,0.9753486531986532,0.9802394612794613,16.0,594,17.71440000000009,792,16.0,171,16.0,594,8.877600000000019,594,0
21,memory,escaped,67,2,True,0.9832500000000001,0.9821358208955223,0.9828043283582089,9.0,603,16.725600000000135,804,9.0,189,9.0,603,6.961199999999975,603,0
22,memory,escaped,76,2,True,0.9810000000000001,0.9814168128654971,0.9811667251461988,10.0,684,20.562400000000054,912,10.0,216,10.0,684,6.993599999999992,684,0
23,memory,caught,46,2,False,0.2,0.985203502415459,0.5140814009661836,7.0,414,7.001999999999979,552,7.0,144,7.0,414,4.0055999999999905,414,0
24,memory,escaped,24,2,True,0.9940000000000001,0.9964909722222223,0.994996388888889,0.0,216,2.021199999999989,288,0.0,9,0.0,216,0.0863999999999997,216,0
25,memory,escaped,63,2,True,0.9842500000000001,0.9784826278659612,0.9819430511463845,17.0,567,9.867600000000072,756,17.0,243,17.0,567,10.786800000000001,567,0
26,memory,escaped,45,2,True,0.98875,0.993565925925926,0.9906763703703704,0.0,405,6.948799999999981,540,0.0,9,0.0,405,0.16200000000000053,405,0
27,memory,escaped,79,2,True,0.9802500000000001,0.9848635021097044,0.9820954008438818,9.0,711,16.69880000000038,948,9.0,171,9.0,711,5.084399999999976,711,0
28,memory,escaped,90,2,True,0.9775,0.9867138888888887,0.9811855555555555,9.0,810,16.69800000000044,1080,9.0,405,9.0,810,8.003999999999982,810,0
29,memory,escaped,93,2,True,0.97675,0.9876901433691756,0.9811260573476702,3.0,837,23.475600000000053,1116,3.0,153,3.0,837,3.214799999999965,837,0
30,memory,escaped,36,2,True,0.9910000000000001,0.9831195987654321,0.9878478395061729,5.0,324,7.917999999999982,432,5.0,90,5.0,324,4.929599999999992,324,0
31,memory,escaped,41,2,True,0.9897500000000001,0.9785063685636856,0.9852525474254743,7.0,369,11.816400000000101,492,7.0,144,7.0,369,3.987599999999995,369,0
32,memory,escaped,40,2,True,0.9900000000000001,0.98465375,0.9878615000000002,3.0,360,10.732400000000043,480,3.0,117,3.0,360,2.0639999999999894,360,0
33,memory,caught,19,2,False,0.2,0.9745941520467837,0.5098376608187135,5.0,171,4.918399999999992,228,5.0,36,5.0,171,2.9483999999999986,171,0
34,memory,escaped,48,2,True,0.9880000000000001,0.9881685185185185,0.9880674074074074,5.0,432,6.963199999999979,576,5.0,81,5.0,432,3.0527999999999818,432,0
35,memory,escaped,40,2,True,0.9900000000000001,0.9928225,0.9911290000000001,0.0,360,6.890399999999982,480,0,0,0.0,360,0.14400000000000002,360,0
36,memory,escaped,63,2,True,0.9842500000000001,0.985758553791887,0.9848534215167548,8.0,567,10.866400000000114,756,8.0,153,8.0,567,5.986799999999987,567,0
37,memory,escaped,39,2,True,0.9902500000000001,0.960739886039886,0.9784459544159545,23.0,351,6.080799999999987,468,23.0,243,23.0,351,16.460400000000014,351,0
38,memory,escaped,54,2,True,0.9865,0.9822242798353908,0.9847897119341563,7.0,486,13.704000000000152,648,7.0,117,7.0,486,5.954399999999979,486,0
39,memory,escaped,101,2,True,0.9747500000000001,0.9838908690869087,0.9784063476347635,13.0,909,21.71520000000001,1212,13.0,225,13.0,909,6.123599999999974,909,0
40,memory,escaped,74,2,True,0.9815,0.9867897147147147,0.9836158858858859,5.0,666,16.794800000000194,888,5.0,117,5.0,666,3.1463999999999928,666,0
41,memory,escaped,43,2,True,0.9892500000000001,0.9914538759689923,0.9901315503875969,0.0,387,8.819600000000035,516,0.0,18,0.0,387,0.15480000000000033,387,0
42,memory,escaped,39,2,True,0.9902500000000001,0.9794712250712249,0.98593849002849,7.0,351,9.881600000000155,468,7.0,108,7.0,351,3.9803999999999853,351,0
43,memory,escaped,156,2,True,0.9610000000000001,0.9869368233618234,0.9713747293447295,13.0,1404,31.57519999999964,1872,13.0,702,13.0,1404,14.961600000000317,1404,0
44,memory,caught,64,2,False,0.2,0.9874749131944445,0.5149899652777779,7.0,576,9.905200000000045,768,7.0,243,7.0,576,4.070399999999987,576,0
45,memory,escaped,39,2,True,0.9902500000000001,0.9875239316239316,0.9891595726495728,0.0,351,11.67760000000001,468,0.0,54,0.0,351,1.1003999999999923,351,0
46,memory,escaped,62,2,True,0.9845,0.9835444444444443,0.9841177777777778,8.0,558,13.819200000000121,744,8.0,126,8.0,558,5.983199999999986,558,0
47,memory,escaped,71,2,True,0.9822500000000001,0.9889807511737088,0.9849423004694835,3.0,639,14.776800000000257,852,3.0,234,3.0,639,2.175599999999984,639,0
48,memory,escaped,84,2,True,0.9790000000000001,0.9814476190476191,0.9799790476190477,9.0,756,25.401599999999913,1008,9.0,225,9.0,756,7.982399999999969,756,0
49,memory,escaped,18,2,True,0.9955,0.9909407407407408,0.9936762962962964,0.0,162,3.9135999999999935,216,0,0,0.0,162,0.06479999999999983,162,0
50,memory,escaped,51,2,True,0.9872500000000001,0.9861937908496732,0.9868275163398693,6.0,459,8.898800000000024,612,6.0,72,6.0,459,3.063599999999987,459,0
51,memory,escaped,68,2,True,0.9830000000000001,0.9875035130718953,0.9848014052287581,5.0,612,13.727600000000148,816,5.0,108,5.0,612,5.044799999999976,612,0
52,memory,escaped,37,2,True,0.99075,0.9932918918918919,0.9917667567567569,0.0,333,5.956799999999989,444,0.0,63,0.0,333,0.1331999999999997,333,0
53,memory,escaped,105,2,True,0.9737500000000001,0.9859854497354497,0.97864417989418,11.0,945,20.6500000000003,1260,11.0,360,11.0,945,9.97800000000013,945,0
54,memory,escaped,43,2,True,0.9892500000000001,0.9905201550387597,0.989758062015504,0.0,387,9.783200000000036,516,0.0,45,0.0,387,0.15480000000000033,387,0
55,memory,escaped,37,2,True,0.99075,0.9922558558558559,0.9913523423423424,0.0,333,6.876799999999985,444,0,0,0.0,333,0.1331999999999997,333,0
56,memory,caught,33,1,False,0.1,0.9848747474747475,0.453949898989899,6.0,297,3.9791999999999854,396,6.0,27,6.0,297,2.998799999999999,297,0
57,memory,escaped,41,2,True,0.9897500000000001,0.9909617886178862,0.9902347154471546,0.0,369,8.893599999999992,492,0.0,90,0.0,369,0.14760000000000012,369,0
58,memory,escaped,36,2,True,0.9910000000000001,0.978249537037037,0.9858998148148148,6.0,324,10.792400000000063,432,6.0,54,6.0,324,3.0095999999999896,324,0
59,memory,escaped,78,2,True,0.9805,0.9816737891737891,0.9809695156695157,11.0,702,19.64000000000013,936,11.0,225,11.0,702,7.00079999999998,702,0
60,memory,escaped,72,2,True,0.9820000000000001,0.9830786265432097,0.982431450617284,13.0,648,11.906800000000292,864,13.0,243,13.0,648,8.899200000000052,648,0
61,memory,escaped,114,2,True,0.9715,0.9854329922027291,0.9770731968810916,10.0,1026,26.521999999999935,1368,10.0,387,10.0,1026,10.97040000000016,1026,0
62,memory,escaped,70,2,True,0.9825,0.9873823015873016,0.9844529206349206,7.0,630,11.86440000000009,840,7.0,189,7.0,630,5.051999999999989,630,0
63,memory,escaped,62,2,True,0.9845,0.9888901433691755,0.9862560573476702,5.0,558,9.864800000000184,744,5.0,108,5.0,558,4.063199999999986,558,0
64,memory,escaped,39,2,True,0.9902500000000001,0.990334188034188,0.9902836752136753,3.0,351,5.047199999999982,468,3.0,81,3.0,351,1.1003999999999916,351,0
65,memory,escaped,31,2,True,0.9922500000000001,0.9907913978494624,0.9916665591397851,0.0,279,6.851199999999986,372,0.0,27,0.0,279,0.11159999999999955,279,0
66,memory,escaped,54,2,True,0.9865,0.9863345679012344,0.9864338271604938,3.0,486,13.710400000000234,648,3.0,126,3.0,486,4.99439999999999,486,0
67,memory,escaped,115,2,True,0.9712500000000001,0.9799339613526571,0.9747235845410629,23.0,1035,24.71559999999968,1380,23.0,414,23.0,1035,14.814000000000354,1035,0
68,memory,escaped,46,2,True,0.9885,0.982250724637681,0.9860002898550724,3.0,414,15.595200000000187,552,3.0,45,3.0,414,2.0855999999999897,414,0
69,memory,escaped,83,2,True,0.9792500000000001,0.9875272423025434,0.9825608969210173,1.0,747,23.512400000000106,996,1.0,144,1.0,747,1.25879999999998,747,0
70,memory,escaped,22,2,True,0.9945,0.9889166666666667,0.9922666666666666,0.0,198,5.851999999999995,264,0.0,45,0.0,198,0.07919999999999974,198,0
71,memory,escaped,35,2,True,0.9912500000000001,0.9772336507936507,0.9856434603174603,7.0,315,9.790400000000075,420,7.0,90,7.0,315,4.925999999999995,315,0
72,memory,escaped,96,2,True,0.9760000000000001,0.9876548611111112,0.9806619444444445,3.0,864,24.443199999999813,1152,3.0,252,3.0,864,4.185599999999974,864,0
73,memory,escaped,123,2,True,0.9692500000000001,0.9869163504968386,0.9763165401987355,4.0,1107,33.28959999999931,1476,4.0,351,4.0,1107,5.242799999999957,1107,0
74,memory,escaped,80,2,True,0.9800000000000001,0.9836634027777776,0.9814653611111112,11.0,720,16.699600000000274,960,11.0,306,11.0,720,9.888000000000066,720,0
75,memory,escaped,74,2,True,0.9815,0.9922572072072071,0.9858028828828829,0.0,666,13.7512000000002,888,0.0,153,0.0,666,0.2664000000000035,666,0
76,memory,caught,52,2,False,0.2,0.9795446581196581,0.5118178632478633,11.0,468,10.861600000000074,624,11.0,99,11.0,468,4.987199999999992,468,0
77,memory,escaped,25,2,True,0.99375,0.9873828888888889,0.9912031555555556,2.0,225,4.90359999999999,300,2.0,99,2.0,225,3.9299999999999953,225,0
78,memory,escaped,94,2,True,0.9765,0.9899528959810874,0.981881158392435,8.0,846,11.999600000000262,1128,8.0,306,8.0,846,5.138399999999967,846,0
79,memory,escaped,75,2,True,0.9812500000000001,0.9865285925925925,0.983361437037037,10.0,675,10.915200000000171,900,10.0,279,10.0,675,8.909999999999975,675,0
80,memory,escaped,48,2,True,0.9880000000000001,0.9874063657407407,0.9877625462962962,2.0,432,11.84120000000007,576,2.0,117,2.0,432,1.1327999999999834,432,0
81,memory,escaped,51,2,True,0.9872500000000001,0.9911947712418301,0.9888279084967321,0.0,459,10.777600000000032,612,0.0,54,0.0,459,1.1435999999999935,459,0
82,memory,escaped,53,2,True,0.98675,0.9873300838574424,0.9869820335429769,4.0,477,10.782800000000007,636,4.0,81,4.0,477,2.110799999999992,477,0
83,memory,escaped,36,2,True,0.9910000000000001,0.9911811728395062,0.9910724691358026,2.0,324,4.952799999999986,432,2.0,63,2.0,324,1.0895999999999946,324,0
84,memory,escaped,71,2,True,0.9822500000000001,0.9811818466353678,0.9818227386541472,10.0,639,18.73279999999994,852,10.0,297,10.0,639,8.895600000000094,639,0
85,memory,caught,100,2,False,0.2,0.9876043333333333,0.5150417333333334,9.0,900,17.74960000000003,1200,9.0,270,9.0,900,7.079999999999994,900,0
86,memory,escaped,35,2,True,0.9912500000000001,0.9908963492063492,0.9911085396825396,2.0,315,4.980399999999985,420,2.0,135,2.0,315,0.1259999999999995,315,0
87,memory,escaped,29,2,True,0.99275,0.9876582375478927,0.9907132950191571,2.0,261,5.923199999999989,348,2.0,36,2.0,261,2.0243999999999915,261,0
88,memory,escaped,99,2,True,0.9752500000000001,0.9820478114478115,0.9779691245791247,15.0,891,22.65439999999995,1188,15.0,279,15.0,891,7.076399999999963,891,0
89,memory,escaped,127,2,True,0.96825,0.986590244969379,0.9755860979877515,10.0,1143,27.539599999999666,1524,10.0,441,10.0,1143,10.05720000000004,1143,0
90,memory,escaped,81,2,True,0.9797500000000001,0.9823611796982167,0.9807944718792868,11.0,729,19.623200000000118,972,11.0,207,11.0,729,7.011599999999972,729,0
91,memory,escaped,49,2,True,0.9877500000000001,0.9918055555555556,0.9893722222222223,2.0,441,6.96999999999998,588,2.0,90,2.0,441,2.096399999999983,441,0
92,memory,caught,75,2,False,0.2,0.9822152592592591,0.5128861037037037,10.0,675,18.679200000000193,900,10.0,225,10.0,675,8.909999999999982,675,0
93,memory,escaped,61,2,True,0.98475,0.9858079234972678,0.9851731693989071,6.0,549,12.777200000000049,732,6.0,180,6.0,549,5.979599999999983,549,0
94,memory,escaped,63,2,True,0.9842500000000001,0.9783989417989417,0.9819095767195767,12.0,567,16.660800000000144,756,12.0,180,12.0,567,6.946799999999982,567,0
95,memory,escaped,125,2,True,0.9687500000000001,0.9881193333333335,0.9764977333333335,6.0,1125,27.641999999999754,1500,6.0,342,6.0,1125,7.169999999999957,1125,0
96,memory,escaped,50,2,True,0.9875,0.9873815555555555,0.9874526222222222,4.0,450,9.80880000000007,600,4.0,99,4.0,450,3.059999999999995,450,0
97,memory,escaped,55,2,True,0.9862500000000001,0.9883152525252524,0.987076101010101,2.0,495,12.757200000000127,660,2.0,72,2.0,495,3.0779999999999808,495,0
98,memory,escaped,64,2,True,0.9840000000000001,0.981717361111111,0.9830869444444444,10.0,576,14.748800000000207,768,10.0,216,10.0,576,6.9503999999999895,576,0
99,memory,escaped,51,2,True,0.9872500000000001,0.9861871459694987,0.9868248583877995,1.0,459,15.573600000000136,612,1.0,72,1.0,459,0.18360000000000115,459,0
100,memory,escaped,42,2,True,0.9895,0.9773133597883596,0.9846253439153438,4.0,378,17.53480000000014,504,4.0,117,4.0,378,3.9911999999999903,378,0
101,memory,escaped,60,2,True,0.9850000000000001,0.9907896296296297,0.987315851851852,4.0,540,7.929599999999972,720,4.0,126,4.0,540,4.055999999999981,540,0
102,memory,escaped,39,2,True,0.9902500000000001,0.990194301994302,0.9902277207977209,1.0,351,7.844799999999982,468,1.0,99,1.0,351,1.1003999999999918,351,0
103,memory,escaped,61,2,True,0.98475,0.988856466302368,0.9863925865209472,7.0,549,6.980799999999972,732,7.0,189,7.0,549,5.019599999999978,549,0
104,memory,escaped,102,2,True,0.9745,0.9853939542483661,0.9788575816993464,12.0,918,19.75560000000001,1224,12.0,351,12.0,918,9.007200000000305,918,0
105,memory,escaped,56,2,True,0.9860000000000001,0.9906667658730158,0.9878667063492064,2.0,504,9.877200000000085,672,2.0,99,2.0,504,2.121599999999986,504,0
106,memory,escaped,75,2,True,0.9812500000000001,0.9804336296296297,0.9809234518518519,11.0,675,20.552800000000026,900,11.0,180,11.0,675,5.069999999999973,675,0
107,memory,escaped,34,2,True,0.9915,0.9951235294117647,0.992949411764706,0.0,306,3.9791999999999854,408,0.0,45,0.0,306,0.12239999999999948,306,0
108,memory,escaped,52,2,True,0.9870000000000001,0.9888586538461538,0.9877434615384616,3.0,468,9.904400000000031,624,3.0,171,3.0,468,3.067199999999992,468,0
109,memory,escaped,36,2,True,0.9910000000000001,0.973004938271605,0.983801975308642,13.0,324,5.990399999999986,432,13.0,144,13.0,324,6.849599999999987,324,0
110,memory,escaped,94,2,True,0.9765,0.9807153073286051,0.978186122931442,20.0,846,16.83960000000019,1128,20.0,252,20.0,846,14.73840000000032,846,0
111,memory,escaped,65,2,True,0.9837500000000001,0.9900862393162392,0.9862844957264958,2.0,585,12.798800000000206,780,2.0,225,2.0,585,2.153999999999979,585,0
112,memory,escaped,81,2,True,0.9797500000000001,0.9790613168724278,0.9794745267489713,15.0,729,20.704800000000265,972,15.0,288,15.0,729,11.811600000000295,729,0
113,memory,escaped,71,2,True,0.9822500000000001,0.9919486697965572,0.986129467918623,5.0,639,7.0527999999999675,852,5.0,171,5.0,639,3.1355999999999993,639,0
114,memory,caught,45,2,False,0.2,0.9857054320987655,0.5142821728395062,10.0,405,2.1047999999999907,540,10.0,180,10.0,405,5.921999999999992,405,0
115,memory,escaped,74,2,True,0.9815,0.9856874624624623,0.9831749849849849,8.0,666,14.752400000000339,888,8.0,135,8.0,666,6.026399999999982,666,0
116,memory,escaped,92,2,True,0.9770000000000001,0.9811451086956521,0.9786580434782609,15.0,828,21.631600000000134,1104,15.0,306,15.0,828,11.85120000000007,828,0
117,memory,escaped,29,2,True,0.99275,0.986758429118774,0.9903533716475097,1.0,261,7.882799999999988,348,1.0,45,1.0,261,1.064399999999991,261,0
118,memory,escaped,50,2,True,0.9875,0.9772664444444444,0.9834065777777778,8.0,450,16.613600000000066,600,8.0,135,8.0,450,5.939999999999993,450,0
119,memory,escaped,114,2,True,0.9715,0.9854792397660816,0.9770916959064326,15.0,1026,19.728800000000536,1368,15.0,333,15.0,1026,12.890400000000525,1026,0
120,memory,escaped,64,2,True,0.9840000000000001,0.9809032118055555,0.9827612847222222,8.0,576,18.666000000000015,768,8.0,189,8.0,576,5.030399999999975,576,0
121,memory,escaped,80,2,True,0.9800000000000001,0.9828649999999999,0.9811460000000001,15.0,720,12.899200000000217,960,15.0,180,15.0,720,10.84800000000028,720,0
122,memory,escaped,16,2,True,0.9960000000000001,0.9938538194444444,0.9951415277777778,1.0,144,1.026799999999999,192,1.0,54,1.0,144,1.0175999999999965,144,0
123,memory,escaped,43,2,True,0.9892500000000001,0.9885065891472868,0.9889526356589148,3.0,387,7.861199999999981,516,3.0,72,3.0,387,1.114799999999995,387,0
124,memory,escaped,61,2,True,0.98475,0.989567941712204,0.9866771766848816,4.0,549,9.939200000000012,732,4.0,162,4.0,549,5.97959999999998,549,0
125,memory,escaped,50,2,True,0.9875,0.9762317777777777,0.9829927111111112,14.0,450,9.855200000000103,600,14.0,153,14.0,450,8.81999999999999,450,0
126,memory,escaped,62,2,True,0.9845,0.9848600358422938,0.9846440143369175,8.0,558,11.861600000000188,744,8.0,234,8.0,558,9.823200000000162,558,0
127,memory,escaped,51,2,True,0.9872500000000001,0.9809105664488017,0.9847142265795208,8.0,459,12.698800000000046,612,8.0,135,8.0,459,7.86359999999998,459,0
128,memory,escaped,59,2,True,0.9852500000000001,0.9845312617702446,0.9849625047080979,4.0,531,16.570400000000284,708,4.0,72,4.0,531,2.1323999999999788,531,0
129,memory,escaped,66,2,True,0.9835,0.9886383838383838,0.9855553535353535,6.0,594,9.996800000000132,792,6.0,135,6.0,594,5.99759999999998,594,0
130,memory,escaped,79,2,True,0.9802500000000001,0.9830380450070324,0.9813652180028131,8.0,711,21.49319999999991,948,8.0,189,8.0,711,6.044399999999971,711,0
131,memory,escaped,78,2,True,0.9805,0.9841826923076923,0.981973076923077,6.0,702,21.609999999999964,936,6.0,225,6.0,702,4.120799999999978,702,0
132,memory,escaped,63,2,True,0.9842500000000001,0.9898119929453262,0.9864747971781305,2.0,567,12.73760000000022,756,2.0,225,2.0,567,5.026799999999976,567,0
133,memory,escaped,47,2,True,0.9882500000000001,0.9776846335697399,0.984023853427896,10.0,423,11.83840000000009,564,10.0,117,10.0,423,4.969199999999982,423,0
134,memory,escaped,64,2,True,0.9840000000000001,0.9880618055555553,0.9856247222222222,2.0,576,15.670400000000262,768,2.0,162,2.0,576,1.1903999999999995,576,0
135,memory,escaped,80,2,True,0.9800000000000001,0.9846352083333333,0.9818540833333333,6.0,720,21.50040000000004,960,6.0,153,6.0,720,4.127999999999979,720,0
136,memory,escaped,40,2,True,0.9900000000000001,0.9934323611111111,0.9913729444444446,1.0,360,4.971599999999984,480,1.0,72,1.0,360,1.103999999999997,360,0
137,memory,caught,32,0,False,0.0,0.9783824652777778,0.39135298611111113,8.0,288,5.935599999999988,384,8.0,81,8.0,288,6.835199999999989,288,0
138,memory,escaped,22,2,True,0.9945,0.9925530303030303,0.9937212121212122,0.0,198,3.93199999999999,264,0.0,9,0.0,198,0.07919999999999974,198,0
139,memory,escaped,56,2,True,0.9860000000000001,0.9877489087301585,0.9866995634920634,2.0,504,13.798800000000268,672,2.0,63,2.0,504,3.0815999999999786,504,0
140,memory,escaped,46,2,True,0.9885,0.9916632850241546,0.9897653140096618,1.0,414,7.870399999999979,552,1.0,45,1.0,414,0.16560000000000064,414,0
141,memory,escaped,63,2,True,0.9842500000000001,0.9874290123456788,0.9855216049382716,1.0,567,17.674000000000223,756,1.0,126,1.0,567,1.1867999999999919,567,0
142,memory,escaped,47,2,True,0.9882500000000001,0.9844093380614656,0.9867137352245863,5.0,423,10.919600000000155,564,5.0,81,5.0,423,2.0891999999999955,423,0
143,memory,escaped,59,2,True,0.9852500000000001,0.9841565913370997,0.98481263653484,8.0,531,11.767600000000169,708,8.0,153,8.0,531,7.892399999999978,531,0
144,memory,escaped,29,2,True,0.99275,0.9796860153256705,0.9875244061302682,4.0,261,8.805200000000003,348,4.0,45,4.0,261,3.9443999999999972,261,0
145,memory,escaped,37,2,True,0.99075,0.993295945945946,0.9917683783783784,0.0,333,5.953199999999985,444,0.0,108,0.0,333,0.1331999999999997,333,0
146,memory,escaped,17,2,True,0.99575,0.9862297385620915,0.9919418954248367,2.0,153,2.9515999999999933,204,2.0,45,2.0,153,2.9411999999999963,153,0
147,memory,caught,49,1,False,0.1,0.9813513605442176,0.452540544217687,9.0,441,9.930800000000112,588,9.0,243,9.0,441,8.816399999999986,441,0
148,memory,escaped,69,2,True,0.98275,0.9819851851851852,0.9824440740740741,7.0,621,20.499200000000055,828,7.0,171,7.0,621,4.088399999999982,621,0
149,memory,caught,47,2,False,0.2,0.9759803782505908,0.5103921513002363,10.0,423,13.76080000000022,564,10.0,207,10.0,423,8.809199999999992,423,0
150,memory,escaped,164,2,True,0.9590000000000001,0.9862301151761519,0.9698920460704608,17.0,1476,31.531599999999642,1968,17.0,396,17.0,1476,13.070400000000298,1476,0
151,memory,escaped,87,2,True,0.9782500000000001,0.9858084929757341,0.9812733971902936,11.0,783,14.96520000000036,1044,11.0,387,11.0,783,8.953200000000061,783,0
152,memory,escaped,73,2,True,0.9817500000000001,0.9850207001522069,0.9830582800608829,10.0,657,12.910400000000207,876,10.0,234,10.0,657,7.942799999999973,657,0
153,memory,escaped,30,2,True,0.9925,0.9830303703703703,0.9887121481481482,4.0,270,6.88479999999999,360,4.0,135,4.0,270,3.947999999999993,270,0
154,memory,escaped,71,2,True,0.9822500000000001,0.985526056338028,0.9835604225352113,6.0,639,16.66360000000032,852,6.0,144,6.0,639,5.055599999999974,639,0
155,memory,escaped,40,2,True,0.9900000000000001,0.9870401388888889,0.9888160555555556,2.0,360,9.77480000000001,480,2.0,72,2.0,360,1.1039999999999868,360,0
156,memory,escaped,56,2,True,0.9860000000000001,0.9876905753968254,0.9866762301587302,5.0,504,9.87720000000006,672,5.0,126,5.0,504,3.0815999999999866,504,0
157,memory,escaped,20,2,True,0.9950000000000001,0.99182,0.9937280000000002,0.0,180,3.926399999999994,240,0,0,0.0,180,0.07199999999999979,180,0
158,memory,escaped,31,2,True,0.9922500000000001,0.9907978494623656,0.9916691397849463,0.0,279,6.846399999999986,372,0.0,36,0.0,279,0.11159999999999955,279,0
159,memory,caught,39,1,False,0.1,0.9789670940170938,0.45158683760683754,6.0,351,11.686800000000154,468,6.0,81,6.0,351,5.900399999999994,351,0
160,memory,escaped,63,2,True,0.9842500000000001,0.9809068783068782,0.9829127513227514,12.0,567,12.868800000000217,756,12.0,243,12.0,567,9.826800000000155,567,0
161,memory,escaped,69,2,True,0.98275,0.9858495974235104,0.9839898389694042,8.0,621,12.766400000000097,828,8.0,144,8.0,621,6.008399999999975,621,0
162,memory,escaped,81,2,True,0.9797500000000001,0.9900383401920437,0.9838653360768176,2.0,729,16.69880000000028,972,2.0,180,2.0,729,5.09159999999998,729,0
163,memory,escaped,76,2,True,0.9810000000000001,0.9884764619883042,0.9839905847953216,1.0,684,19.685599999999834,912,1.0,198,1.0,684,3.1535999999999786,684,0
164,memory,caught,39,1,False,0.1,0.9739528490028491,0.44958113960113966,16.0,351,3.046799999999982,468,16.0,171,16.0,351,8.780399999999995,351,0
165,memory,caught,59,1,False,0.1,0.9835594161958567,0.4534237664783427,5.0,531,16.61320000000014,708,5.0,99,5.0,531,4.052399999999985,531,0
166,memory,escaped,13,2,True,0.99675,0.9894021367521367,0.9938108547008546,1.0,117,1.973199999999996,156,1.0,27,1.0,117,1.0067999999999988,117,0
167,memory,escaped,74,2,True,0.9815,0.9871860360360358,0.9837744144144143,6.0,666,14.75760000000027,888,6.0,207,6.0,666,4.106399999999984,666,0
168,memory,escaped,47,2,True,0.9882500000000001,0.9899917257683215,0.9889466903073286,4.0,423,5.955999999999982,564,4.0,171,4.0,423,3.049199999999985,423,0
169,memory,escaped,50,2,True,0.9875,0.988312222222222,0.9878248888888889,1.0,450,12.692000000000185,600,1.0,144,1.0,450,0.18000000000000105,450,0
170,memory,escaped,97,2,True,0.9757500000000001,0.9848644902634593,0.9793957961053839,8.0,873,24.568799999999854,1164,8.0,243,8.0,873,8.02920000000005,873,0
171,memory,escaped,93,2,True,0.97675,0.9836839307048983,0.9795235722819593,14.0,837,17.75080000000016,1116,14.0,351,14.0,837,9.934800000000129,837,0
172,memory,caught,47,2,False,0.2,0.9844823877068557,0.5137929550827423,5.0,423,10.83720000000009,564,5.0,108,5.0,423,3.049199999999999,423,0
173,memory,escaped,82,2,True,0.9795,0.9882940379403794,0.9830176151761518,4.0,738,17.704000000000022,984,4.0,189,4.0,738,2.215199999999997,738,0
174,memory,escaped,79,2,True,0.9802500000000001,0.9787234177215192,0.9796393670886078,9.0,711,28.340399999999715,948,9.0,225,9.0,711,7.964399999999973,711,0
175,memory,escaped,50,2,True,0.9875,0.9892953333333333,0.9882181333333333,3.0,450,8.845600000000026,600,3.0,63,3.0,450,1.139999999999986,450,0
176,memory,escaped,45,2,True,0.98875,0.9891592592592591,0.9889137037037036,0.0,405,11.708000000000224,540,0.0,27,0.0,405,0.16200000000000053,405,0
177,memory,escaped,55,2,True,0.9862500000000001,0.9804030303030302,0.9839112121212121,12.0,495,9.868000000000107,660,12.0,153,12.0,495,6.9179999999999895,495,0
178,memory,escaped,62,2,True,0.9845,0.9853067204301075,0.984822688172043,9.0,558,9.863600000000027,744,9.0,144,9.0,558,5.983199999999984,558,0
179,memory,escaped,76,2,True,0.9810000000000001,0.9840417397660819,0.9822166959064328,5.0,684,22.441199999999952,912,5.0,99,5.0,684,6.993599999999974,684,0
180,memory,escaped,34,2,True,0.9915,0.9870952614379085,0.9897381045751634,2.0,306,7.863599999999985,408,2.0,81,2.0,306,3.0023999999999953,306,0
181,memory,escaped,45,2,True,0.98875,0.9892053086419753,0.98893212345679,5.0,405,4.991599999999981,540,5.0,117,5.0,405,2.08199999999999,405,0
182,memory,escaped,63,2,True,0.9842500000000001,0.9777929453262786,0.9816671781305115,17.0,567,10.910400000000093,756,17.0,189,17.0,567,10.786800000000252,567,0
183,memory,escaped,22,2,True,0.9945,0.9924689393939394,0.9936875757575758,0.0,198,3.976399999999991,264,0.0,18,0.0,198,0.07919999999999974,198,0
184,memory,escaped,62,2,True,0.9845,0.9844671146953404,0.9844868458781362,7.0,558,13.77960000000009,744,7.0,189,7.0,558,8.863199999999985,558,0
185,memory,caught,28,1,False,0.1,0.9858454365079365,0.45433817460317466,2.0,252,6.845199999999991,336,2.0,27,2.0,252,1.0607999999999993,252,0
186,memory,escaped,124,2,True,0.9690000000000001,0.9800863351254482,0.9734345340501793,23.0,1116,28.59639999999951,1488,23.0,558,23.0,1116,14.846400000000505,1116,0
187,memory,escaped,66,2,True,0.9835,0.9880696127946126,0.985327845117845,1.0,594,17.564400000000305,792,1.0,162,1.0,594,1.197599999999979,594,0
188,memory,escaped,146,2,True,0.9635,0.9873028919330289,0.9730211567732115,17.0,1314,21.824000000000055,1752,17.0,378,17.0,1314,11.085600000000069,1314,0
189,memory,escaped,38,2,True,0.9905,0.9905773391812865,0.9905309356725147,2.0,342,5.926799999999988,456,2.0,108,2.0,342,1.0967999999999893,342,0
190,memory,escaped,75,2,True,0.9812500000000001,0.9809472592592591,0.9811289037037036,16.0,675,12.961600000000283,900,16.0,198,16.0,675,10.830000000000148,675,0
191,memory,escaped,53,2,True,0.98675,0.9857844863731655,0.9863637945492663,4.0,477,12.748800000000161,636,4.0,126,4.0,477,4.990799999999989,477,0
192,memory,escaped,35,2,True,0.9912500000000001,0.99182,0.9914780000000001,0.0,315,6.871199999999983,420,0.0,18,0.0,315,0.1259999999999995,315,0
193,memory,escaped,41,2,True,0.9897500000000001,0.9902850948509485,0.9899640379403796,2.0,369,6.8927999999999825,492,2.0,54,2.0,369,1.1075999999999893,369,0
194,memory,escaped,89,2,True,0.9777500000000001,0.9851014981273406,0.9806905992509363,12.0,801,15.823200000000366,1068,12.0,216,12.0,801,7.04039999999997,801,0
195,memory,escaped,45,2,True,0.98875,0.98797,0.9884379999999999,6.0,405,4.992399999999983,540,6.0,99,6.0,405,3.0419999999999927,405,0
196,memory,escaped,53,2,True,0.98675,0.9930308176100628,0.9892623270440251,0.0,477,8.864800000000033,636,0.0,72,0.0,477,0.19080000000000136,477,0
197,memory,escaped,97,2,True,0.9757500000000001,0.9804247422680412,0.9776198969072165,15.0,873,25.571199999999912,1164,15.0,333,15.0,873,8.989200000000025,873,0
198,memory,caught,4,0,False,0.0,0.9481625,0.379265,3.0,36,0.9763999999999998,48,3.0,18,3.0,36,1.9343999999999992,36,0
199,memory,escaped,72,2,True,0.9820000000000001,0.9859485339506172,0.9835794135802469,10.0,648,10.947600000000122,864,10.0,144,10.0,648,7.939199999999972,648,0
200,memory,escaped,60,2,True,0.9850000000000001,0.9850848148148148,0.985033925925926,8.0,540,10.81120000000005,720,8.0,135,8.0,540,5.015999999999995,540,0
201,memory,escaped,73,2,True,0.9817500000000001,0.9835465753424657,0.9824686301369864,9.0,657,16.82640000000015,876,9.0,189,9.0,657,4.102799999999992,657,0
202,memory,escaped,55,2,True,0.9862500000000001,0.9836846464646464,0.9852238585858586,8.0,495,10.869600000000114,660,8.0,99,8.0,495,4.037999999999996,495,0
203,memory,escaped,46,2,True,0.9885,0.9829749999999999,0.9862899999999999,6.0,414,10.795600000000123,552,6.0,81,6.0,414,3.045599999999992,414,0
204,memory,escaped,68,2,True,0.9830000000000001,0.9872703431372548,0.9847081372549019,6.0,612,12.774800000000168,816,6.0,144,6.0,612,5.044799999999973,612,0
205,memory,escaped,48,2,True,0.9880000000000001,0.9770192129629629,0.9836076851851852,11.0,432,11.807200000000032,576,11.0,162,11.0,432,6.892799999999985,432,0
206,memory,caught,39,2,False,0.2,0.9777290598290598,0.5110916239316239,9.0,351,8.845600000000049,468,9.0,144,9.0,351,7.820399999999987,351,0
207,memory,escaped,80,2,True,0.9800000000000001,0.9844262499999998,0.9817705000000001,12.0,720,13.901600000000338,960,12.0,135,12.0,720,9.888000000000265,720,0
208,memory,caught,47,1,False,0.1,0.9794566193853428,0.4517826477541371,10.0,423,9.83960000000005,564,10.0,207,10.0,423,9.76919999999999,423,0
209,memory,escaped,95,2,True,0.9762500000000001,0.9826004093567251,0.9787901637426901,20.0,855,13.004400000000178,1140,20.0,333,20.0,855,10.902000000000083,855,0
210,memory,escaped,97,2,True,0.9757500000000001,0.9892021764032071,0.9811308705612829,7.0,873,15.804000000000542,1164,7.0,180,7.0,873,5.149199999999975,873,0
211,memory,escaped,83,2,True,0.9792500000000001,0.9910656626506023,0.9839762650602409,3.0,747,13.797200000000286,996,3.0,135,3.0,747,3.178799999999992,747,0
212,memory,escaped,79,2,True,0.9802500000000001,0.9883163853727144,0.9834765541490859,7.0,711,12.81880000000025,948,7.0,171,7.0,711,6.044399999999987,711,0
213,memory,caught,51,1,False,0.1,0.9818106753812637,0.4527242701525055,10.0,459,8.930399999999999,612,10.0,225,10.0,459,6.903599999999983,459,0
214,memory,escaped,85,2,True,0.97875,0.9857766013071895,0.9815606405228757,7.0,765,19.68240000000015,1020,7.0,216,7.0,765,4.145999999999993,765,0
215,memory,escaped,44,2,True,0.9890000000000001,0.9805917929292929,0.9856367171717172,8.0,396,9.828400000000052,528,8.0,90,8.0,396,5.9183999999999966,396,0
216,memory,escaped,52,2,True,0.9870000000000001,0.9827746794871792,0.9853098717948718,3.0,468,17.497200000000298,624,3.0,144,3.0,468,1.1471999999999984,468,0
217,memory,escaped,65,2,True,0.9837500000000001,0.9858114529914528,0.9845745811965811,7.0,585,12.800800000000336,780,7.0,198,7.0,585,5.033999999999976,585,0
218,memory,escaped,70,2,True,0.9825,0.9904568253968252,0.9856827301587301,1.0,630,14.699200000000346,840,1.0,63,1.0,630,1.2120000000000004,630,0
219,memory,escaped,50,2,True,0.9875,0.9825485555555554,0.9855194222222222,4.0,450,15.608400000000142,600,4.0,108,4.0,450,5.939999999999993,450,0
220,memory,caught,63,1,False,0.1,0.9791953262786594,0.45167813051146377,11.0,567,16.790000000000326,756,11.0,261,11.0,567,9.826799999999986,567,0
221,memory,escaped,67,2,True,0.9832500000000001,0.9848819237147596,0.9839027694859038,5.0,603,17.643199999999922,804,5.0,72,5.0,603,3.121199999999979,603,0
222,memory,escaped,68,2,True,0.9830000000000001,0.9821930555555554,0.9826772222222222,10.0,612,15.727600000000374,816,10.0,180,10.0,612,5.044799999999985,612,0
223,memory,escaped,50,2,True,0.9875,0.9740748888888887,0.9821299555555556,13.0,450,13.776800000000257,600,13.0,207,13.0,450,10.740000000000007,450,0
224,memory,escaped,21,2,True,0.99475,0.9761785714285715,0.9873214285714286,6.0,189,4.005999999999992,252,6.0,54,6.0,189,3.9155999999999955,189,0
225,memory,escaped,63,2,True,0.9842500000000001,0.9890389770723104,0.9861655908289242,5.0,567,9.90640000000014,756,5.0,36,5.0,567,3.1067999999999767,567,0
226,memory,escaped,30,2,True,0.9925,0.9891616666666667,0.9911646666666667,0.0,270,7.803599999999988,360,0.0,54,0.0,270,0.10799999999999957,270,0
227,memory,escaped,73,2,True,0.9817500000000001,0.9840407914764079,0.9826663165905632,7.0,657,18.62720000000006,876,7.0,180,7.0,657,6.022799999999984,657,0
228,memory,escaped,54,2,True,0.9865,0.9938657407407407,0.9894462962962963,0.0,486,7.949999999999976,648,0.0,126,0.0,486,2.1143999999999803,486,0
229,memory,escaped,55,2,True,0.9862500000000001,0.9892405050505051,0.9874462020202021,4.0,495,8.869199999999976,660,4.0,108,4.0,495,1.1579999999999946,495,0
230,memory,escaped,21,2,True,0.99475,0.994115873015873,0.9944963492063492,0.0,189,2.9655999999999905,252,0,0,0.0,189,0.07559999999999976,189,0
231,memory,caught,80,2,False,0.2,0.987307986111111,0.5149231944444445,5.0,720,17.702000000000098,960,5.0,252,5.0,720,6.047999999999971,720,0
232,memory,escaped,57,2,True,0.9857500000000001,0.9925039961013645,0.9884515984405459,1.0,513,8.921200000000054,684,1.0,45,1.0,513,1.1651999999999787,513,0
233,memory,escaped,39,2,True,0.9902500000000001,0.9822356125356125,0.9870442450142451,8.0,351,5.960799999999984,468,8.0,171,8.0,351,5.900399999999988,351,0
234,memory,escaped,51,2,True,0.9872500000000001,0.982739651416122,0.9854458605664489,2.0,459,18.46000000000003,612,2.0,81,2.0,459,3.0635999999999863,459,0
235,memory,escaped,58,2,True,0.9855,0.9882506704980842,0.9866002681992337,2.0,522,13.688400000000108,696,2.0,81,2.0,522,1.1687999999999916,522,0
236,memory,escaped,44,2,True,0.9890000000000001,0.9831545454545454,0.9866618181818182,6.0,396,9.788800000000094,528,6.0,72,6.0,396,3.038399999999987,396,0
237,memory,escaped,41,2,True,0.9897500000000001,0.9854086720867208,0.9880134688346884,2.0,369,11.691200000000089,492,2.0,36,2.0,369,1.1075999999999935,369,0
238,memory,escaped,62,2,True,0.9845,0.98586146953405,0.98504458781362,4.0,558,15.70480000000024,744,4.0,189,4.0,558,5.023199999999984,558,0
239,memory,escaped,54,2,True,0.9865,0.9860205761316871,0.9863082304526749,4.0,486,12.784000000000116,648,4.0,162,4.0,486,4.034399999999986,486,0
240,memory,escaped,75,2,True,0.9812500000000001,0.9846945185185183,0.9826278074074073,11.0,675,12.883200000000288,900,11.0,162,11.0,675,9.870000000000129,675,0
241,memory,escaped,71,2,True,0.9822500000000001,0.9840289514866979,0.9829615805946792,5.0,639,20.548000000000105,852,5.0,207,5.0,639,2.1755999999999807,639,0
242,memory,escaped,83,2,True,0.9792500000000001,0.9871809906291832,0.9824223962516734,8.0,747,14.868800000000387,996,8.0,261,8.0,747,7.018799999999981,747,0
243,memory,escaped,54,2,True,0.9865,0.9921319958847736,0.9887527983539095,1.0,486,8.86360000000001,648,1.0,90,1.0,486,1.1543999999999806,486,0
244,memory,escaped,71,2,True,0.9822500000000001,0.9880251956181532,0.9845600782472613,5.0,639,13.73840000000034,852,5.0,171,5.0,639,3.135599999999977,639,0
245,memory,escaped,59,2,True,0.9852500000000001,0.9937228813559322,0.988639152542373,0.0,531,8.88839999999999,708,0.0,54,0.0,531,0.21240000000000198,531,0
246,memory,escaped,45,2,True,0.98875,0.9758480246913579,0.9835892098765431,10.0,405,12.750800000000153,540,10.0,243,10.0,405,7.841999999999987,405,0
247,memory,escaped,82,2,True,0.9795,0.9890793360433602,0.9833317344173441,5.0,738,14.825200000000505,984,5.0,144,5.0,738,4.135199999999988,738,0
248,memory,escaped,53,2,True,0.98675,0.9794351153039832,0.9838240461215932,10.0,477,12.825200000000079,636,10.0,216,10.0,477,9.790800000000049,477,0
249,memory,escaped,49,2,True,0.9877500000000001,0.9827716553287981,0.9857586621315193,7.0,441,10.927200000000084,588,7.0,162,7.0,441,7.8563999999999865,441,0
250,memory,escaped,49,2,True,0.9877500000000001,0.9837213151927438,0.9861385260770975,7.0,441,9.81040000000007,588,7.0,126,7.0,441,4.976399999999992,441,0
251,memory,escaped,45,2,True,0.98875,0.9868832098765432,0.9880032839506172,4.0,405,8.832800000000008,540,4.0,90,4.0,405,4.001999999999985,405,0
252,memory,escaped,80,2,True,0.9800000000000001,0.9872490277777777,0.9828996111111112,8.0,720,13.815200000000159,960,8.0,198,8.0,720,5.087999999999975,720,0
253,memory,escaped,85,2,True,0.97875,0.9861043790849672,0.9816917516339868,8.0,765,17.68040000000026,1020,8.0,288,8.0,765,4.145999999999974,765,0
254,memory,escaped,63,2,True,0.9842500000000001,0.9868362433862433,0.9852844973544974,6.0,567,11.90360000000016,756,6.0,90,6.0,567,1.1867999999999794,567,0
255,memory,caught,54,2,False,0.2,0.980613477366255,0.512245390946502,10.0,486,11.791600000000143,648,10.0,216,10.0,486,4.994399999999989,486,0
0,no_planning,escaped,62,2,True,0.9845,0.9865067358911948,0.985302694356478,4.159710261094135,558,14.531696645776732,744,4.159338689970986,171,5.0,558,5.023199999999988,558,416
1,no_planning,caught,62,2,False,0.2,0.9870226592362497,0.5148090636944999,3.3012402301072648,558,14.908629416317503,744,3.3008375613067056,99,4.0,558,4.063199999999987,558,390
2,no_planning,escaped,62,2,True,0.9845,0.9912017883007018,0.9871807153202807,1.3133242605472177,558,11.340639994492742,744,1.3129583940498755,108,1.0,558,4.063199999999992,558,378
3,no_planning,escaped,173,2,True,0.9567500000000001,0.9852712559590918,0.9681585023836368,24.814891261939234,1557,28.067223575264915,2076,24.81450831680613,684,37.0,1557,28.462799999999547,1557,1202
4,no_planning,escaped,48,2,True,0.9880000000000001,0.985200797830973,0.9868803191323892,3.24707259357972,432,12.719250773946106,576,3.24670392776965,108,4.0,432,4.012799999999985,432,305
5,no_planning,escaped,72,2,True,0.9820000000000001,0.9875466918561087,0.9842186767424436,4.016458502040933,648,16.164038469923074,864,4.016095737635351,180,4.0,648,5.059199999999983,648,489
6,no_planning,escaped,74,2,True,0.9815,0.9896050024504593,0.9847420009801837,1.274305769739873,666,16.76244128833096,888,1.2739678446415654,81,3.0,666,1.2263999999999726,666,484
7,no_planning,escaped,48,2,True,0.9880000000000001,0.9879846252123629,0.9879938500849452,2.3916766900420385,432,10.652809501968573,576,2.391341959527537,252,3.0,432,2.0927999999999862,432,305
8,no_planning,escaped,50,2,True,0.9875,0.9881145776555268,0.9877458310622107,3.4422177761763795,450,9.672883111799399,600,3.441813049851898,90,5.0,450,4.019999999999985,450,335
9,no_planning,escaped,120,2,True,0.9700000000000001,0.9902538656382893,0.9781015462553158,5.146422256249043,1080,21.206970620061227,1440,5.146033833852521,342,8.0,1080,5.231999999999964,1080,759
10,no_planning,escaped,83,2,True,0.9792500000000001,0.9866875852455712,0.9822250340982286,4.403239088901007,747,20.647344738954093,996,4.40284910564525,162,6.0,747,5.098799999999984,747,566
11,no_planning,escaped,75,2,True,0.9812500000000001,0.9886396402198749,0.98420585608795,2.6777105594651625,675,16.878366858271555,900,2.6772910031121553,108,4.0,675,3.149999999999979,675,489
12,no_planning,escaped,29,2,True,0.99275,0.9863832197592713,0.9902032879037086,1.2548608341710528,261,7.804131268652416,348,1.25444847137046,36,3.0,261,1.0643999999999951,261,192
13,no_planning,escaped,40,2,True,0.9900000000000001,0.9910101665724349,0.9904040666289741,4.173102106555111,360,3.066103948389047,480,4.1727501021068365,117,9.0,360,3.9839999999999938,360,295
14,no_planning,escaped,45,2,True,0.98875,0.9948620386740945,0.9911948154696377,0.23333431492574871,405,5.23788581207699,540,0.2329688968302607,117,1.0,405,0.16200000000000053,405,288
15,no_planning,caught,21,0,False,0.0,0.9766467165253002,0.3906586866101201,6.9727279650666105,189,2.473084251159878,252,6.97240317325392,144,8.0,189,9.675599999999998,189,128
16,no_planning,escaped,16,2,True,0.9960000000000001,0.9898064700692091,0.9935225880276837,0.006797854020859651,144,3.9052516880625623,192,0.006405578512396695,9,0.0,144,0.057599999999999874,144,90
17,no_planning,escaped,89,2,True,0.9777500000000001,0.9839037564980718,0.9802115025992287,9.747139227101156,801,21.385390483983663,1068,9.746859397897689,252,16.0,801,9.920400000000095,801,591
18,no_planning,escaped,31,2,True,0.9922500000000001,0.9818868770899081,0.9881047508359633,2.0405501884039445,279,10.75542986056979,372,2.0401507263242786,72,3.0,279,2.0315999999999947,279,212
19,no_planning,escaped,24,2,True,0.9940000000000001,0.9897891012942096,0.9923156405176838,0.012249460962776907,216,5.8651450399182306,288,0.011858425473448191,27,0.0,216,0.0863999999999997,216,153
20,no_planning,escaped,66,2,True,0.9835,0.9829003236670818,0.9832601294668327,8.58043927440624,594,15.645301612134066,792,8.58012965406996,171,16.0,594,8.877600000000019,594,446
21,no_planning,escaped,67,2,True,0.9832500000000001,0.9846994143596287,0.9838297657438515,6.3409726352421485,603,16.148711529394248,804,6.34063317846803,189,9.0,603,6.961199999999975,603,428
22,no_planning,escaped,76,2,True,0.9810000000000001,0.9841772707698199,0.982270908307928,6.591698519936813,684,20.071726755932723,912,6.591277116148965,216,10.0,684,6.993599999999992,684,509
23,no_planning,caught,46,2,False,0.2,0.9887868062155705,0.5155147224862282,4.0376737386129244,414,6.995800953193021,552,4.037332872266795,144,7.0,414,4.0055999999999905,414,310
24,no_planning,escaped,24,2,True,0.9940000000000001,0.9964823080229094,0.9949929232091639,0.0003811543890162342,216,2.0256823729521902,288,1.8180287854557693e-06,9,0.0,216,0.0863999999999997,216,133
25,no_planning,escaped,63,2,True,0.9842500000000001,0.9848431915925736,0.9844872766370295,8.969030332624,567,10.95838720186344,756,8.96865013605516,243,17.0,567,10.786800000000001,567,455
26,no_planning,escaped,45,2,True,0.98875,0.9943392898238306,0.9909857159295322,0.013150709886331392,405,6.096032710414556,540,0.012827000000000002,9,0.0,405,0.16200000000000053,405,259
27,no_planning,escaped,79,2,True,0.9802500000000001,0.9878468750137048,0.983288750005482,4.824556198606637,711,16.60958337587349,948,4.824193424952095,171,9.0,711,5.084399999999976,711,543
28,no_planning,escaped,90,2,True,0.9775,0.9882063583270336,0.9817825433308135,6.470872162728987,810,16.846436463302044,1080,6.470509081660798,405,9.0,810,8.003999999999982,810,588
29,no_planning,escaped,93,2,True,0.97675,0.9879627151309207,0.9812350860523682,2.490402094453623,837,23.546683701846696,1116,2.490113081287662,153,3.0,837,3.214799999999965,837,622
30,no_planning,escaped,36,2,True,0.9910000000000001,0.9851342222160188,0.9886536888864075,4.015607756854872,324,7.489888329553266,432,4.01527241212932,90,5.0,324,4.929599999999992,324,227
31,no_planning,escaped,41,2,True,0.9897500000000001,0.9836201666905178,0.9872980666762072,4.019590462737333,369,10.758302026214047,492,4.019290714239565,144,7.0,369,3.987599999999995,369,287
32,no_planning,escaped,40,2,True,0.9900000000000001,0.9851980434445007,0.9880792173778004,2.0081287548436855,360,11.532373286821146,480,2.0078297611492113,117,3.0,360,2.0639999999999894,360,261
33,no_planning,caught,19,2,False,0.2,0.9813180627570509,0.5125272251028203,2.801876442166852,171,4.783128126562294,228,2.801496605552189,36,5.0,171,2.9483999999999986,171,149
34,no_planning,escaped,48,2,True,0.9880000000000001,0.990771978941731,0.9891087915766924,2.909317837393104,432,6.751589809268395,576,2.9090071250230087,81,5.0,432,3.0527999999999818,432,308
35,no_planning,escaped,40,2,True,0.9900000000000001,0.9928285186827367,0.9911314074730948,0.0004041416595673246,360,6.884083209026709,480,0,0,0.0,360,0.14400000000000002,360,228
36,no_planning,escaped,63,2,True,0.9842500000000001,0.9880739695426375,0.985779587817055,5.342686804528944,567,10.908575645493611,756,5.342287354292488,153,8.0,567,5.986799999999987,567,441
37,no_planning,escaped,39,2,True,0.9902500000000001,0.9754422644079276,0.9843269057631712,14.565268053094169,351,3.5656831100542328,468,14.564918473220597,243,23.0,351,16.460400000000014,351,269
38,no_planning,escaped,54,2,True,0.9865,0.9842768252748024,0.985610730109921,5.050271256225329,486,13.643539435555658,648,5.049915231355617,117,7.0,486,5.954399999999979,486,361
39,no_planning,escaped,101,2,True,0.9747500000000001,0.9884349182034267,0.9802239672813708,6.001993328444825,909,20.031100503634022,1212,6.001593674923537,225,13.0,909,6.123599999999974,909,658
40,no_planning,escaped,74,2,True,0.9815,0.9885589158859318,0.9843235663543728,2.781576700608337,666,16.61059645244064,888,2.781170135048845,117,5.0,666,3.1463999999999928,666,475
41,no_planning,escaped,43,2,True,0.9892500000000001,0.9913034686670606,0.9900713874668243,0.022565487826396932,387,8.944733018491503,516,0.022204829907974438,18,0.0,387,0.15480000000000033,387,261
42,no_planning,escaped,39,2,True,0.9902500000000001,0.9856861706103431,0.9884244682441373,3.8784803063427207,351,8.22643723359516,468,3.8782734951734263,108,7.0,351,3.9803999999999853,351,271
43,no_planning,escaped,156,2,True,0.9610000000000001,0.9882822422534857,0.9719128969013944,10.801783501880179,1404,29.468907000442766,1872,10.801408403064126,702,13.0,1404,14.961600000000317,1404,1040
44,no_planning,caught,64,2,False,0.2,0.9899875116280972,0.5159950046512389,4.062753019277342,576,9.962178113539567,768,4.062385427917005,243,7.0,576,4.070399999999987,576,456
45,no_planning,escaped,39,2,True,0.9902500000000001,0.9869643614717954,0.9889357445887182,0.39098180188730575,351,11.680048593216418,468,0.3905883331540552,54,0.0,351,1.1003999999999923,351,270
46,no_planning,escaped,62,2,True,0.9845,0.9860445249109584,0.9851178099643834,5.390583660518714,558,13.578302051802325,744,5.390191444949012,126,8.0,558,5.983199999999986,558,432
47,no_planning,escaped,71,2,True,0.9822500000000001,0.989696752240891,0.9852287008963565,2.1308590379270256,639,14.715588797618883,852,2.1304610744353476,234,3.0,639,2.175599999999984,639,445
48,no_planning,escaped,84,2,True,0.9790000000000001,0.9834606136974025,0.980784245478961,6.717888468931593,756,24.386218160794602,1008,6.717548831056795,225,9.0,756,7.982399999999969,756,569
49,no_planning,escaped,18,2,True,0.9955,0.9909468664991111,0.9936787465996445,0.0003835798816699734,162,3.9104422325417616,216,0,0,0.0,162,0.06479999999999983,162,106
50,no_planning,escaped,51,2,True,0.9872500000000001,0.989748693138059,0.9882494772552237,3.163305276425095,459,8.32985923044892,612,3.1629474316780852,72,6.0,459,3.063599999999987,459,312
51,no_planning,escaped,68,2,True,0.9830000000000001,0.9880568755130189,0.9850227502052076,3.949820234737485,612,14.224752183103105,816,3.949442198005787,108,5.0,612,5.044799999999976,612,447
52,no_planning,escaped,37,2,True,0.99075,0.993220748315041,0.9917382993260164,0.039610427854786585,333,5.9671615924372,444,0.039230574003994365,63,0.0,333,0.1331999999999997,333,251
53,no_planning,escaped,105,2,True,0.9737500000000001,0.9874889471719001,0.9792455788687601,8.278643404805846,945,20.48966192040399,1260,8.27822844071798,360,11.0,945,9.97800000000013,945,676
54,no_planning,escaped,43,2,True,0.9892500000000001,0.9904936523712345,0.9897474609484939,0.025279878063527834,387,9.776844248801282,516,0.024860593940821445,45,0.0,387,0.15480000000000033,387,294
55,no_planning,escaped,37,2,True,0.99075,0.99226461661956,0.9913558466478241,0.00038944882480435966,333,6.868501176731013,444,0,0,0.0,333,0.1331999999999997,333,248
56,no_planning,caught,33,1,False,0.1,0.9901863855389179,0.4560745542155672,2.8393674466559875,297,3.986559390968996,396,2.8389501078553327,27,6.0,297,2.998799999999999,297,209
57,no_planning,escaped,41,2,True,0.9897500000000001,0.9920714330053475,0.9906785732021391,0.04756612113629732,369,7.738288427889643,492,0.04725080006261811,90,0.0,369,0.14760000000000012,369,280
58,no_planning,escaped,36,2,True,0.9910000000000001,0.9840961320126689,0.9882384528050676,3.1021451659278507,324,9.604748386483637,432,3.10175896606827,54,6.0,324,3.0095999999999896,324,243
59,no_planning,escaped,78,2,True,0.9805,0.9853577340385251,0.98244309361541,6.472617746410701,702,18.780164884666704,936,6.472283053060032,225,11.0,702,7.00079999999998,702,534
60,no_planning,escaped,72,2,True,0.9820000000000001,0.987075351230742,0.9840301404922969,8.311058911475488,648,11.252381191310574,864,8.310711342298793,243,13.0,648,8.899200000000052,648,470
61,no_planning,escaped,114,2,True,0.9715,0.9865506964469867,0.9775202785787946,8.221221142646508,1026,25.835666330849087,1368,8.22088779036175,387,10.0,1026,10.97040000000016,1026,787
62,no_planning,escaped,70,2,True,0.9825,0.9891669156808787,0.9851667662723516,4.866100617877787,630,11.711447498953397,840,4.865688899923449,189,7.0,630,5.051999999999989,630,462
63,no_planning,escaped,62,2,True,0.9845,0.9902359619708176,0.9867943847883272,3.502985861536673,558,9.858240772041045,744,3.5025706196864377,108,5.0,558,4.063199999999986,558,420
64,no_planning,escaped,39,2,True,0.9902500000000001,0.9935089216368854,0.9915535686547543,1.308205272054022,351,4.331375651803259,468,1.3078266724520347,81,3.0,351,1.1003999999999916,351,232
65,no_planning,escaped,31,2,True,0.9922500000000001,0.9907571120303063,0.9916528448121226,0.01770412031642327,279,6.853103155696882,372,0.01735791227428482,27,0.0,279,0.11159999999999955,279,205
66,no_planning,escaped,54,2,True,0.9865,0.9864984424214468,0.9864993769685787,3.2558650411854995,486,13.156865233557673,648,3.255456676406797,126,3.0,486,4.99439999999999,486,320
67,no_planning,escaped,115,2,True,0.9712500000000001,0.9854536044591862,0.9769314417836745,13.720933535926843,1035,21.853473644743566,1380,13.720518443030672,414,23.0,1035,14.814000000000354,1035,836
68,no_planning,escaped,46,2,True,0.9885,0.9842005606867094,0.9867802242746837,1.9915323075774134,414,14.78720459176966,552,1.991129629488327,45,3.0,414,2.0855999999999897,414,286
69,no_planning,escaped,83,2,True,0.9792500000000001,0.9878337073557346,0.9826834829422939,1.0164083461371887,747,22.88004381919378,996,1.016112594207957,144,1.0,747,1.25879999999998,747,580
70,no_planning,escaped,22,2,True,0.9945,0.988135289051612,0.9919541156206448,0.040666674807079,198,6.210345147672806,264,0.04029929939575812,45,0.0,198,0.07919999999999974,198,146
71,no_planning,escaped,35,2,True,0.9912500000000001,0.9816310052276768,0.9874024020910708,4.224118951084905,315,9.79779700730495,420,4.223720886617702,90,7.0,315,4.925999999999995,315,239
72,no_planning,escaped,96,2,True,0.9760000000000001,0.98769930891057,0.9806797235642281,3.303150239898724,864,23.936591950181622,1152,3.3027582225828076,252,3.0,864,4.185599999999974,864,604
73,no_planning,escaped,123,2,True,0.9692500000000001,0.9871410491241563,0.9764064196496626,3.8629787389874837,1107,32.80898466684043,1476,3.862625653244482,351,4.0,1107,5.242799999999957,1107,784
74,no_planning,escaped,80,2,True,0.9800000000000001,0.9856698560275723,0.982267942411029,7.795713385304834,720,17.119591913321365,960,7.795368898578409,306,11.0,720,9.888000000000066,720,494
75,no_planning,escaped,74,2,True,0.9815,0.9921596327579221,0.9857638531031688,0.057279099357856474,666,13.848120089453213,888,0.056917642255813854,153,0.0,666,0.2664000000000035,666,463
76,no_planning,caught,52,2,False,0.2,0.9858306928401969,0.5143322771360788,5.0616650818373525,468,10.934408559651223,624,5.061265570536904,99,11.0,468,4.987199999999992,468,360
77,no_planning,escaped,25,2,True,0.99375,0.9855888523856592,0.9904855409542637,2.593809856182392,225,5.1882754270279365,300,2.5934354800134396,99,2.0,225,3.9299999999999953,225,180
78,no_planning,escaped,94,2,True,0.9765,0.9920968807028945,0.9827387522811578,4.983334908905786,846,11.18499058906233,1128,4.9829643539654285,306,8.0,846,5.138399999999967,846,605
79,no_planning,escaped,75,2,True,0.9812500000000001,0.9884325211582424,0.984123008463297,7.450548465293667,675,10.887397294772159,900,7.450185968785722,279,10.0,675,8.909999999999975,675,542
80,no_planning,escaped,48,2,True,0.9880000000000001,0.9893551228172609,0.9885420491269044,1.1802411681118214,432,10.689243623699634,576,1.17986570651034,117,2.0,432,1.1327999999999834,432,351
81,no_planning,escaped,51,2,True,0.9872500000000001,0.9907731519476081,0.9886592607790433,0.3942093881868165,459,10.768049498545256,612,0.39379296830947363,54,0.0,459,1.1435999999999935,459,319
82,no_planning,escaped,53,2,True,0.98675,0.9891705609272841,0.9877182243709136,2.1614731325324485,477,10.893082323784716,636,2.1611135592880464,81,4.0,477,2.110799999999992,477,362
83,no_planning,escaped,36,2,True,0.9910000000000001,0.9927991690249074,0.991719667609963,0.9565383197014271,324,4.946133536211489,432,0.9561654157566879,63,2.0,324,1.0895999999999946,324,250
84,no_planning,escaped,71,2,True,0.9822500000000001,0.9841810224225432,0.9830224089690174,7.22778447933051,639,17.318491819545567,852,7.227413976532529,297,10.0,639,8.895600000000094,639,472
85,no_planning,caught,100,2,False,0.2,0.9893853503841228,0.5157541401536492,5.767656498645237,900,17.784950413244967,1200,5.767290029907353,270,9.0,900,7.079999999999994,900,599
86,no_planning,escaped,35,2,True,0.9912500000000001,0.9940622481741843,0.9923748992696737,0.36020851378924995,315,4.507433515299473,420,0.359887842196815,135,2.0,315,0.1259999999999995,315,244
87,no_planning,escaped,29,2,True,0.99275,0.9894136440385805,0.9914154576154321,1.5062345265071522,261,5.359791047138468,348,1.505821717725813,36,2.0,261,2.0243999999999915,261,199
88,no_planning,escaped,99,2,True,0.9752500000000001,0.987247358633709,0.9800489434534837,7.247264863004621,891,20.637256068967698,1188,7.246911935131574,279,15.0,891,7.076399999999963,891,628
89,no_planning,escaped,127,2,True,0.96825,0.9874443572540744,0.9759277429016298,8.678007157765085,1143,26.698922879227837,1524,8.67763246081207,441,10.0,1143,10.05720000000004,1143,901
90,no_planning,escaped,81,2,True,0.9797500000000001,0.9860268988745179,0.9822607595498073,6.455602857328004,729,18.556238111499894,972,6.455194869769199,207,11.0,729,7.011599999999972,729,544
91,no_planning,escaped,49,2,True,0.9877500000000001,0.9923749583427217,0.9895999833370888,1.8425744132365653,441,6.510283104643801,588,1.8422582361698667,90,2.0,441,2.096399999999983,441,307
92,no_planning,caught,75,2,False,0.2,0.9840951047620351,0.5136380419048141,7.494022963399465,675,18.63678081047095,900,7.4936521207537,225,10.0,675,8.909999999999982,675,483
93,no_planning,escaped,61,2,True,0.98475,0.9873314591456537,0.9857825836582614,4.247447875649982,549,12.883479976563091,732,4.247080959604934,180,6.0,549,5.979599999999983,549,398
94,no_planning,escaped,63,2,True,0.9842500000000001,0.9831192674717762,0.9837977069887105,6.759414565804341,567,16.51111482826856,756,6.759075800651775,180,12.0,567,6.946799999999982,567,425
95,no_planning,escaped,125,2,True,0.9687500000000001,0.9888532266882073,0.9767912906752829,5.478808411745162,1125,26.13524205305133,1500,5.478452762572979,342,6.0,1125,7.169999999999957,1125,847
96,no_planning,escaped,50,2,True,0.9875,0.9888442348370845,0.9880376939348339,2.6700892772948848,450,9.826799159105438,600,2.6697062539989376,99,4.0,450,3.059999999999995,450,325
97,no_planning,escaped,55,2,True,0.9862500000000001,0.9879113251778451,0.986914530071138,2.142142402683462,495,13.100860894999904,660,2.1417741883759054,72,2.0,495,3.0779999999999808,495,356
98,no_planning,escaped,64,2,True,0.9840000000000001,0.9846533229492271,0.9842613291796909,6.462703475060259,576,14.955557983240082,768,6.462360397832081,216,10.0,576,6.9503999999999895,576,438
99,no_planning,escaped,51,2,True,0.9872500000000001,0.9870612034410788,0.9871744813764316,0.20745484314674958,459,15.560480530590539,612,0.20706702612521882,72,1.0,459,0.18360000000000115,459,344
100,no_planning,escaped,42,2,True,0.9895,0.9790172333032008,0.9853068933212803,3.41339000789102,378,16.59944215318559,504,3.4130433892243768,117,4.0,378,3.9911999999999903,378,279
101,no_planning,escaped,60,2,True,0.9850000000000001,0.9913359893252857,0.9875343957301144,3.370696205550151,540,7.981913764188513,720,3.3703637178793713,126,4.0,540,4.055999999999981,540,380
102,no_planning,escaped,39,2,True,0.9902500000000001,0.9901520025213149,0.990210801008526,1.0282726148694936,351,7.8466954868900185,468,1.0278916923362276,99,1.0,351,1.1003999999999918,351,254
103,no_planning,escaped,61,2,True,0.98475,0.9910109493179096,0.9872543797271638,4.618105993026395,549,7.002495541211887,732,4.617716826881147,189,7.0,549,5.019599999999978,549,414
104,no_planning,escaped,102,2,True,0.9745,0.9882030772662329,0.9799812309064933,8.091656918590374,918,18.08999096080792,1224,8.091344344819833,351,12.0,918,9.007200000000305,918,682
105,no_planning,escaped,56,2,True,0.9860000000000001,0.9914101984970629,0.9881640793988252,1.878377845036512,504,9.04018942656541,672,1.8779717768267583,99,2.0,504,2.121599999999986,504,376
106,no_planning,escaped,75,2,True,0.9812500000000001,0.985501220802769,0.9829504883211077,5.408138127517218,675,18.886951718326035,900,5.407806096932904,180,11.0,675,5.069999999999973,675,524
107,no_planning,escaped,34,2,True,0.9915,0.9949524245079698,0.992880969803188,0.016914797495080423,306,4.0962685381698165,408,0.01656280482138201,45,0.0,306,0.12239999999999948,306,205
108,no_planning,escaped,52,2,True,0.9870000000000001,0.9904499388905933,0.9883799755562375,2.1568151597697143,468,9.042722718179942,624,2.1564623015124806,171,3.0,468,3.067199999999992,468,364
109,no_planning,escaped,36,2,True,0.9910000000000001,0.9834110570421962,0.9879644228168785,6.765546401411212,324,5.312118180327497,432,6.765205921821437,144,13.0,324,6.849599999999987,324,252
110,no_planning,escaped,94,2,True,0.9765,0.9856779382025623,0.9801711752810249,12.6105303687878,846,15.496530923302306,1128,12.610153331619872,252,20.0,846,14.73840000000032,846,628
111,no_planning,escaped,65,2,True,0.9837500000000001,0.9901565574210467,0.9863126229684187,2.0021352663620022,585,12.686256734684578,780,2.0018140703677103,225,2.0,585,2.153999999999979,585,451
112,no_planning,escaped,81,2,True,0.9797500000000001,0.9836888540965197,0.981325541638608,10.245136820442447,729,18.048685209109014,972,10.2447434467444,288,15.0,729,11.811600000000295,729,531
113,no_planning,escaped,71,2,True,0.9822500000000001,0.9937689223457303,0.9868575689382921,2.8264531467814606,639,6.849152127166811,852,2.8260856243186545,171,5.0,639,3.1355999999999993,639,454
114,no_planning,caught,45,2,False,0.2,0.9899520827384322,0.5159808330953729,5.86520084100051,405,3.03148285449261,540,5.864811945020667,180,10.0,405,5.921999999999992,405,344
115,no_planning,escaped,74,2,True,0.9815,0.9877334826198967,0.9839933930479587,5.260665647451715,666,14.77111400379451,888,5.260257147810217,135,8.0,666,6.026399999999982,666,522
116,no_planning,escaped,92,2,True,0.9770000000000001,0.9850498718048036,0.9802199487219215,9.375150283430838,828,20.509682677085863,1104,9.374796420224282,306,15.0,828,11.85120000000007,828,590
117,no_planning,escaped,29,2,True,0.99275,0.98785505898448,0.990792023593792,0.9385996688701882,261,7.201412721641643,348,0.9382987636603447,45,1.0,261,1.064399999999991,261,184
118,no_planning,escaped,50,2,True,0.9875,0.9810562096714955,0.9849224838685983,5.393608802273499,450,15.541069991173986,600,5.393221120070735,135,8.0,450,5.939999999999993,450,355
119,no_planning,escaped,114,2,True,0.9715,0.9877479629889334,0.9779991851955734,10.81345044123347,1026,19.10363934063349,1368,10.813064245394603,333,15.0,1026,12.890400000000525,1026,746
120,no_planning,escaped,64,2,True,0.9840000000000001,0.9854770819071215,0.9845908327628486,4.486611100238161,576,16.325054057010618,768,4.486337259387837,189,8.0,576,5.030399999999975,576,438
121,no_planning,escaped,80,2,True,0.9800000000000001,0.9866611458413761,0.9826644583365505,9.383426035499866,720,13.09936527055808,960,9.383074331955807,180,15.0,720,10.84800000000028,720,543
122,no_planning,escaped,16,2,True,0.9960000000000001,0.9927859090671309,0.9947143636268524,0.9424039610284036,144,1.5136723035171937,192,0.9421236187432337,54,1.0,144,1.0175999999999965,144,105
123,no_planning,escaped,43,2,True,0.9892500000000001,0.9906996742419747,0.98982986969679,1.3024749648540954,387,7.861302895809937,516,1.3020739164890358,72,3.0,387,1.114799999999995,387,270
124,no_planning,escaped,61,2,True,0.98475,0.9895584768343734,0.9866733907337494,4.085720939720663,549,9.838761994849902,732,4.085342019032018,162,4.0,549,5.97959999999998,549,407
125,no_planning,escaped,50,2,True,0.9875,0.9834098259775221,0.9858639303910088,7.614657162742145,450,9.755332609983975,600,7.614485191233665,153,14.0,450,8.81999999999999,450,309
126,no_planning,escaped,62,2,True,0.9845,0.9861750951231932,0.9851700380492774,7.470165714605325,558,10.611237503881343,744,7.4698503811679124,234,8.0,558,9.823200000000162,558,442
127,no_planning,escaped,51,2,True,0.9872500000000001,0.98265125860025,0.9854105034401001,6.352470427878743,459,12.764898902788891,612,6.352184306112403,135,8.0,459,7.86359999999998,459,369
128,no_planning,escaped,59,2,True,0.9852500000000001,0.9862397208846174,0.985645888353847,2.1394243847673886,531,16.63198938102522,708,2.1390322372014556,72,4.0,531,2.1323999999999788,531,417
129,no_planning,escaped,66,2,True,0.9835,0.9900972132161548,0.9861388852864619,4.84019442542638,594,9.232421698375571,792,4.839782822620658,135,6.0,594,5.99759999999998,594,437
130,no_planning,escaped,79,2,True,0.9802500000000001,0.9848800519594594,0.9821020207837838,5.48733766821799,711,21.35097126057435,948,5.487028978544409,189,8.0,711,6.044399999999971,711,509
131,no_planning,escaped,78,2,True,0.9805,0.9862679822951178,0.9828071929180472,4.039542821229644,702,20.320280048566673,936,4.039143444213926,225,6.0,702,4.120799999999978,702,510
132,no_planning,escaped,63,2,True,0.9842500000000001,0.9887618311970675,0.986054732478827,2.896463162776314,567,13.13016034633222,756,2.8962811348805233,225,2.0,567,5.026799999999976,567,425
133,no_planning,escaped,47,2,True,0.9882500000000001,0.984752946287088,0.9868511785148352,5.068914078672779,423,10.440124483267756,564,5.068623710783823,117,10.0,423,4.969199999999982,423,324
134,no_planning,escaped,64,2,True,0.9840000000000001,0.9887519271015425,0.9859007708406171,1.167546080295129,576,15.720311864970615,768,1.1671570304078522,162,2.0,576,1.1903999999999995,576,446
135,no_planning,escaped,80,2,True,0.9800000000000001,0.9866434105098717,0.9826573642039488,3.7058224833098588,720,20.703555176633227,960,3.7054029491264986,153,6.0,720,4.127999999999979,720,527
136,no_planning,escaped,40,2,True,0.9900000000000001,0.9934936950940975,0.9913974780376391,0.9593794977984843,360,4.966880045935072,480,0.9589819735044983,72,1.0,360,1.103999999999997,360,271
137,no_planning,caught,32,0,False,0.0,0.9826354377717709,0.3930541751087084,5.450568977475702,288,6.068558487979047,384,5.450254003059769,81,8.0,288,6.835199999999989,288,203
138,no_planning,escaped,22,2,True,0.9945,0.9925302148066198,0.993712085922648,0.013184435526984773,198,3.926467334735383,264,0.01280355029585799,9,0.0,198,0.07919999999999974,198,129
139,no_planning,escaped,56,2,True,0.9860000000000001,0.9882414520863423,0.9868965808345369,1.9373165049139938,504,13.220399722737293,672,1.9369927291545257,63,2.0,504,3.0815999999999786,504,384
140,no_planning,escaped,46,2,True,0.9885,0.9926329038510291,0.9901531615404116,0.19373455685362898,414,7.874961405992409,552,0.19335010597014918,45,1.0,414,0.16560000000000064,414,282
141,no_planning,escaped,63,2,True,0.9842500000000001,0.9883960436294921,0.9859084174517969,0.9505338046795865,567,16.277803625968538,756,0.9501279729120397,126,1.0,567,1.1867999999999919,567,395
142,no_planning,escaped,47,2,True,0.9882500000000001,0.9891395424427033,0.9886058169770813,2.2593875206470817,423,9.238079430434622,564,2.2590016391578067,81,5.0,423,2.0891999999999955,423,325
143,no_planning,escaped,59,2,True,0.9852500000000001,0.9856458712810315,0.9854083485124128,6.363653215365509,531,11.840575312238716,708,6.363324233520718,153,8.0,531,7.892399999999978,531,383
144,no_planning,escaped,29,2,True,0.99275,0.9834230058737583,0.9890192023495034,2.679039158905605,261,7.965535699990056,348,2.6786431529667154,45,4.0,261,3.9443999999999972,261,184
145,no_planning,escaped,37,2,True,0.99075,0.9931967771013984,0.9917287108405595,0.10678955648047712,333,5.898875858650934,444,0.10638624469559081,108,0.0,333,0.1331999999999997,333,264
146,no_planning,escaped,17,2,True,0.99575,0.9853993385338521,0.9916097354135409,2.1466788237189207,153,3.0948314465631,204,2.1463367399409954,45,2.0,153,2.9411999999999963,153,110
147,no_planning,caught,49,1,False,0.1,0.9834567837273789,0.45338271349095155,7.449214371933885,441,9.522536507357282,588,7.448964881050346,243,9.0,441,8.816399999999986,441,295
148,no_planning,escaped,69,2,True,0.98275,0.9847914544183065,0.9835665817673227,4.033923841866747,621,19.806786360795485,828,4.033543323179901,171,7.0,621,4.088399999999982,621,449
149,no_planning,caught,47,2,False,0.2,0.9795995616893778,0.5118398246757512,7.500976779340005,423,13.010392041928496,564,7.500625725964792,207,10.0,423,8.809199999999992,423,278
150,no_planning,escaped,164,2,True,0.9590000000000001,0.9881613434557363,0.9706645373822945,11.450027284588753,1476,31.33024911210399,1968,11.449637091909814,396,17.0,1476,13.070400000000298,1476,1103
151,no_planning,escaped,87,2,True,0.9782500000000001,0.988593643551483,0.9823874574205932,8.002350202384429,783,13.1466719946576,1044,8.001976967367705,387,11.0,783,8.953200000000061,783,623
152,no_planning,escaped,73,2,True,0.9817500000000001,0.9866461837320297,0.983708473492812,7.494668625990129,657,13.402994600163707,876,7.4944222220868175,234,10.0,657,7.942799999999973,657,501
153,no_planning,escaped,30,2,True,0.9925,0.9859544997233137,0.9898817998893256,2.775635179498542,270,6.411913293216096,360,2.775263327185957,135,4.0,270,3.947999999999993,270,196
154,no_planning,escaped,71,2,True,0.9822500000000001,0.9872430848131646,0.9842472339252659,4.146420896955086,639,16.20922228242747,852,4.146126036657024,144,6.0,639,5.055599999999974,639,470
155,no_planning,escaped,40,2,True,0.9900000000000001,0.988210615356378,0.9892842461425513,1.1504586780660244,360,9.783864353789095,480,1.1500625608210902,72,2.0,360,1.1039999999999868,360,271
156,no_planning,escaped,56,2,True,0.9860000000000001,0.9895647747489333,0.9874259098995734,3.1545974252289404,504,9.818812837128293,672,3.1542344255374486,126,5.0,504,3.0815999999999866,504,346
157,no_planning,escaped,20,2,True,0.9950000000000001,0.9918262235108334,0.9937304894043335,0.00038368036430738077,180,3.9229011409808914,240,0,0,0.0,180,0.07199999999999979,180,114
158,no_planning,escaped,31,2,True,0.9922500000000001,0.9905946028308626,0.9915878411323451,0.02558461979845489,279,6.963502667440236,372,0.025216787719070394,36,0.0,279,0.11159999999999955,279,218
159,no_planning,caught,39,1,False,0.1,0.980598351155082,0.4522393404620328,4.829887954324276,351,11.72009271307758,468,4.829501873342396,81,6.0,351,5.900399999999994,351,275
160,no_planning,escaped,63,2,True,0.9842500000000001,0.9849793955334392,0.9845417582133758,8.711021984343775,567,11.096457974314978,756,8.710687267496317,243,12.0,567,9.826800000000155,567,395
161,no_planning,escaped,69,2,True,0.98275,0.9882367120803981,0.9849446848321592,5.034725479911709,621,12.767037488311884,828,5.034338523655844,144,8.0,621,6.008399999999975,621,463
162,no_planning,escaped,81,2,True,0.9797500000000001,0.9895100288885248,0.98365401155541,2.76135897506854,729,16.71069187394965,972,2.7609694378724576,180,2.0,729,5.09159999999998,729,472
163,no_planning,escaped,76,2,True,0.9810000000000001,0.9888045463426617,0.9841218185370647,1.6862457562416686,684,18.172179795996275,912,1.6859222109326766,198,1.0,684,3.1535999999999786,684,469
164,no_planning,caught,39,1,False,0.1,0.9843898709164364,0.45375594836657457,8.349378627935359,351,3.478575984968394,468,8.348999552245383,171,16.0,351,8.780399999999995,351,255
165,no_planning,caught,59,1,False,0.1,0.9853345095914895,0.4541338038365958,3.2537976232719905,531,16.42793758742155,708,3.2534415160636594,99,5.0,531,4.052399999999985,531,391
166,no_planning,escaped,13,2,True,0.99675,0.9897085800049411,0.9939334320019764,0.926345201362315,117,1.9757961033086153,156,0.9259844907372573,27,1.0,117,1.0067999999999988,117,86
167,no_planning,escaped,74,2,True,0.9815,0.9889643535149314,0.9844857414059726,3.742932031487393,666,14.608732115498654,888,3.7425275959322817,207,6.0,666,4.106399999999984,666,475
168,no_planning,escaped,47,2,True,0.9882500000000001,0.9914562179848647,0.9895324871939459,2.668155030414414,423,6.079846072520038,564,2.667830379190809,171,4.0,423,3.049199999999985,423,311
169,no_planning,escaped,50,2,True,0.9875,0.9888818040302739,0.9880527216121096,0.21456926312585026,450,13.055742812836863,600,0.21419319457245903,144,1.0,450,0.18000000000000105,450,316
170,no_planning,escaped,97,2,True,0.9757500000000001,0.98650209669456,0.980050838677824,6.223070997135214,873,23.125690898884066,1164,6.222705988623907,243,8.0,873,8.02920000000005,873,667
171,no_planning,escaped,93,2,True,0.97675,0.9865933131380084,0.9806873252552033,9.006016650305474,837,17.915702875557983,1116,9.005659756618575,351,14.0,837,9.934800000000129,837,573
172,no_planning,caught,47,2,False,0.2,0.9871771592758698,0.514870863710348,2.8527333123632,423,10.660519920334592,564,2.852371917570928,108,5.0,423,3.049199999999999,423,327
173,no_planning,escaped,82,2,True,0.9795,0.9894864305372472,0.9834945722148989,2.2510885778196603,738,17.689253265604695,984,2.250700390996274,189,4.0,738,2.215199999999997,738,580
174,no_planning,escaped,79,2,True,0.9802500000000001,0.9810101457842976,0.9805540583137191,6.831877896644485,711,26.895593064112475,948,6.831484179263389,225,9.0,711,7.964399999999973,711,544
175,no_planning,escaped,50,2,True,0.9875,0.9912219546323544,0.9889887818529418,1.2527392033385765,450,8.863335503390005,600,1.2524068943252962,63,3.0,450,1.139999999999986,450,326
176,no_planning,escaped,45,2,True,0.98875,0.9891298759064819,0.9889019503625928,0.02729885970449943,405,11.703335541393479,540,0.02689947151090618,27,0.0,405,0.16200000000000053,405,308
177,no_planning,escaped,55,2,True,0.9862500000000001,0.9860934397092365,0.9861873758836945,6.547283642199055,495,9.62694806087584,660,6.54688083170893,153,12.0,495,6.9179999999999895,495,381
178,no_planning,escaped,62,2,True,0.9845,0.9883504228716413,0.9860401691486566,5.597901505164901,558,9.870702093444491,744,5.597550549990406,144,9.0,558,5.983199999999984,558,405
179,no_planning,escaped,76,2,True,0.9810000000000001,0.9845885276768238,0.9824354110707296,4.512253016131321,684,22.09418816263153,912,4.511864651086189,99,5.0,684,6.993599999999974,684,523
180,no_planning,escaped,34,2,True,0.9915,0.9867402210349397,0.9895960884139758,2.205272036819579,306,7.879616919729759,408,2.2048917250967723,81,2.0,306,3.0023999999999953,306,214
181,no_planning,escaped,45,2,True,0.98875,0.9924153797549349,0.9902161519019739,2.30623723673494,405,5.116406882357124,540,2.305856118199668,117,5.0,405,2.08199999999999,405,311
182,no_planning,escaped,63,2,True,0.9842500000000001,0.9839455909717864,0.9841282363887146,10.174292336198352,567,10.708543335727851,756,10.173962921143715,189,17.0,567,10.786800000000252,567,401
183,no_planning,escaped,22,2,True,0.9945,0.9935378309466828,0.9941151323786732,0.012206243437185967,198,3.395750268901929,264,0.01185672557004946,18,0.0,198,0.07919999999999974,198,131
184,no_planning,escaped,62,2,True,0.9845,0.9862420863409106,0.9851968345363642,5.69368551085891,558,12.88019484357987,744,5.693330350665002,189,7.0,558,8.863199999999985,558,399
185,no_planning,caught,28,1,False,0.1,0.9876969097832105,0.4550787639132842,1.0619481972881193,252,6.851745695965056,336,1.06159753954483,27,2.0,252,1.0607999999999993,252,169
186,no_planning,escaped,124,2,True,0.9690000000000001,0.9850578699504827,0.9754231479801931,13.91616997011915,1116,25.912885733871157,1488,13.915797973035136,558,23.0,1116,14.846400000000505,1116,868
187,no_planning,escaped,66,2,True,0.9835,0.9879733646220256,0.9852893458488102,1.0260843397349464,594,17.68207798573154,792,1.025718662198576,162,1.0,594,1.197599999999979,594,410
188,no_planning,escaped,146,2,True,0.9635,0.9901650390309744,0.9741660156123897,10.07175316163864,1314,21.032699019947398,1752,10.071357374494973,378,17.0,1314,11.085600000000069,1314,945
189,no_planning,escaped,38,2,True,0.9905,0.9915733612564681,0.9909293445025873,1.2364075398631742,342,6.036551147616824,456,1.2360479039964494,108,2.0,342,1.0967999999999893,342,234
190,no_planning,escaped,75,2,True,0.9812500000000001,0.9861089324994632,0.9831935729997853,9.266249295860634,675,12.648922439818675,900,9.265877802884443,198,16.0,675,10.830000000000148,675,477
191,no_planning,escaped,53,2,True,0.98675,0.9867366479492528,0.9867446591797011,3.690653326511574,477,11.950112706535117,636,3.690296646092668,126,4.0,477,4.990799999999989,477,329
192,no_planning,escaped,35,2,True,0.9912500000000001,0.9917989433074258,0.9914695773229704,0.017727806782083504,315,6.865250546052924,420,0.017315731770946884,18,0.0,315,0.1259999999999995,315,231
193,no_planning,escaped,41,2,True,0.9897500000000001,0.9915213703546784,0.9904585481418715,1.0965385952669813,369,6.880920110640491,492,1.0961558872041175,54,2.0,369,1.1075999999999893,369,279
194,no_planning,escaped,89,2,True,0.9777500000000001,0.9890977496176638,0.9822890998470656,6.663640701997218,801,14.402352547340431,1068,6.663257965730699,216,12.0,801,7.04039999999997,801,581
195,no_planning,escaped,45,2,True,0.98875,0.9915960195705751,0.98988840782823,3.0703004841056973,405,4.982564884971289,540,3.0699129135686722,99,6.0,405,3.0419999999999927,405,304
196,no_planning,escaped,53,2,True,0.98675,0.9929995946578741,0.9892498378631496,0.03904694662197463,477,8.852452999688172,636,0.038739134245929244,72,0.0,477,0.19080000000000136,477,340
197,no_planning,escaped,97,2,True,0.9757500000000001,0.9845441701944674,0.979267668077787,8.74660797996899,873,24.319027813987834,1164,8.746250109824757,333,15.0,873,8.989200000000025,873,662
198,no_planning,caught,4,0,False,0.0,0.964461967200885,0.385784786880354,1.826408036281179,36,0.9764404336734692,48,1.8261913696145122,18,3.0,36,1.9343999999999992,36,19
199,no_planning,escaped,72,2,True,0.9820000000000001,0.9888236198763989,0.9847294479505596,6.9041473696492215,648,10.107255027383703,864,6.90380756354531,144,10.0,648,7.939199999999972,648,494
200,no_planning,escaped,60,2,True,0.9850000000000001,0.9884443411150674,0.9863777364460271,4.346718231067194,540,10.84452448621334,720,4.346342448389012,135,8.0,540,5.015999999999995,540,409
201,no_planning,escaped,73,2,True,0.9817500000000001,0.9882404412457884,0.9843461764983155,4.372732889756702,657,14.772436417703195,876,4.37234826379877,189,9.0,657,4.102799999999992,657,465
202,no_planning,escaped,55,2,True,0.9862500000000001,0.9883414920080842,0.9870865968032336,4.117832501643211,495,9.89878721380465,660,4.117423295071417,99,8.0,495,4.037999999999996,495,383
203,no_planning,escaped,46,2,True,0.9885,0.9866363399443954,0.9877545359777582,2.9618553005394426,414,10.804340300668219,552,2.9614599726558763,81,6.0,414,3.045599999999992,414,321
204,no_planning,escaped,68,2,True,0.9830000000000001,0.9887647339935264,0.9853058935974106,3.998698235534564,612,13.004356475185572,816,3.998455190734497,144,6.0,612,5.044799999999973,612,374
205,no_planning,escaped,48,2,True,0.9880000000000001,0.983107186057201,0.9860428744228804,6.540888227651595,432,10.739337358568921,576,6.540576917032367,162,11.0,432,6.892799999999985,432,333
206,no_planning,caught,39,2,False,0.2,0.98255624793345,0.51302249917338,6.163523625228232,351,8.109320433986463,468,6.163191351474871,144,9.0,351,7.820399999999987,351,253
207,no_planning,escaped,80,2,True,0.9800000000000001,0.9875757445582327,0.9830302978232932,8.245824744616812,720,12.860137455370795,960,8.245448946415241,135,12.0,720,9.888000000000265,720,540
208,no_planning,caught,47,1,False,0.1,0.9826038680580903,0.45304154722323614,7.450706178379133,423,9.688561925968637,564,7.450326116200428,207,10.0,423,9.76919999999999,423,303
209,no_planning,escaped,95,2,True,0.9762500000000001,0.9887424921176248,0.9812469968470499,10.268056171346746,855,11.976376410019899,1140,10.267704673382665,333,20.0,855,10.902000000000083,855,667
210,no_planning,escaped,97,2,True,0.9757500000000001,0.9905932706222936,0.9816873082489175,4.708093185867308,873,15.621408410144028,1164,4.707677555149708,180,7.0,873,5.149199999999975,873,668
211,no_planning,escaped,83,2,True,0.9792500000000001,0.9913548619897684,0.9840919447959073,2.48449554702602,747,13.9084541870133,996,2.4840747693898817,135,3.0,747,3.178799999999992,747,562
212,no_planning,escaped,79,2,True,0.9802500000000001,0.9895569656692983,0.9839727862677194,5.237368411477971,711,12.816835209039889,948,5.236978319650169,171,7.0,711,6.044399999999987,711,507
213,no_planning,caught,51,1,False,0.1,0.9855080007361655,0.4542032002944662,6.661470681544108,459,8.856246190207871,612,6.661152085889708,225,10.0,459,6.903599999999983,459,365
214,no_planning,escaped,85,2,True,0.97875,0.9882370174645903,0.982544806985836,4.015598214629187,765,18.64235341939689,1020,4.015236184919918,216,7.0,765,4.145999999999993,765,573
215,no_planning,escaped,44,2,True,0.9890000000000001,0.9846039483183988,0.9872415793273596,5.26140018156875,396,9.243030333679213,528,5.260995473745898,90,8.0,396,5.9183999999999966,396,295
216,no_planning,escaped,52,2,True,0.9870000000000001,0.9845829999604476,0.9860331999841792,1.3044841507313754,468,17.50110384838619,624,1.304114664987938,144,3.0,468,1.1471999999999984,468,352
217,no_planning,escaped,65,2,True,0.9837500000000001,0.9877835567648632,0.9853634227059453,4.675797966973472,585,12.82325415751549,780,4.675456455069484,198,7.0,585,5.033999999999976,585,452
218,no_planning,escaped,70,2,True,0.9825,0.9904857695292326,0.9856943078116931,0.9672205765025269,630,14.694279755552534,840,0.9668148108562536,63,1.0,630,1.2120000000000004,630,453
219,no_planning,escaped,50,2,True,0.9875,0.9824829853400874,0.985493194136035,4.040175806483411,450,15.63351651658397,600,4.039774240203012,108,4.0,450,5.939999999999993,450,326
220,no_planning,caught,63,1,False,0.1,0.9834149702852807,0.4533659881141123,7.665503651337169,567,14.855893393539345,756,7.665092298801402,261,11.0,567,9.826799999999986,567,402
221,no_planning,escaped,67,2,True,0.9832500000000001,0.9872060697991276,0.984832427919651,2.9314226577769382,603,16.664076219300295,804,2.9310634407248393,72,5.0,603,3.121199999999979,603,442
222,no_planning,escaped,68,2,True,0.9830000000000001,0.9863796085002641,0.9843518434001056,5.196105216502578,612,15.300338638898957,816,5.195713831783795,180,10.0,612,5.044799999999985,612,462
223,no_planning,escaped,50,2,True,0.9875,0.9786647651240036,0.9839659060496015,9.134311126390642,450,13.42320034934154,600,9.134009699431036,207,13.0,450,10.740000000000007,450,313
224,no_planning,escaped,21,2,True,0.99475,0.9847814775601497,0.9907625910240598,3.578795097228806,189,2.8984085133795054,252,3.578434056539208,54,6.0,189,3.9155999999999955,189,135
225,no_planning,escaped,63,2,True,0.9842500000000001,0.9911767578247948,0.987020703129918,2.7964918554088167,567,9.612086361698525,756,2.796097675341964,36,5.0,567,3.1067999999999767,567,413
226,no_planning,escaped,30,2,True,0.9925,0.9890447097407263,0.9911178838962906,0.03459288963684689,270,7.841685133827938,360,0.034201875341323656,54,0.0,270,0.10799999999999957,270,189
227,no_planning,escaped,73,2,True,0.9817500000000001,0.9856610268025572,0.983314410721023,5.1702916426556405,657,18.228158851712347,876,5.169936022859075,180,7.0,657,6.022799999999984,657,457
228,no_planning,escaped,54,2,True,0.9865,0.9933236242592333,0.9892294497036933,0.5365724079889965,486,7.9371530827149614,648,0.5362594012127462,126,0.0,486,2.1143999999999803,486,344
229,no_planning,escaped,55,2,True,0.9862500000000001,0.9918618750960004,0.9884947500384003,1.409625256030009,495,8.862824531906027,660,1.40929771909143,108,4.0,495,1.1579999999999946,495,385
230,no_planning,escaped,21,2,True,0.99475,0.9941249872370213,0.9944999948948086,0.00040437584253800676,189,2.9604672647512666,252,0,0,0.0,189,0.07559999999999976,189,131
231,no_planning,caught,80,2,False,0.2,0.9875035328206265,0.5150014131282507,4.649736720846089,720,17.793568023268847,960,4.649367816434644,252,5.0,720,6.047999999999971,720,527
232,no_planning,escaped,57,2,True,0.9857500000000001,0.9929261150494825,0.988620446019793,0.987949111848476,513,8.359809129843335,684,0.9875881532549393,45,1.0,513,1.1651999999999787,513,358
233,no_planning,escaped,39,2,True,0.9902500000000001,0.9868772263297522,0.988900890531901,5.201343242207652,351,5.347791832408389,468,5.201032821921235,171,8.0,351,5.900399999999988,351,259
234,no_planning,escaped,51,2,True,0.9872500000000001,0.9825199431496422,0.985357977259857,1.9332740031733686,459,18.817890913940076,612,1.9328551091497148,81,2.0,459,3.0635999999999863,459,354
235,no_planning,escaped,58,2,True,0.9855,0.9888751669677116,0.9868500667870848,1.3623771246518928,522,13.669264748076314,696,1.362006445372356,81,2.0,522,1.1687999999999916,522,373
236,no_planning,escaped,44,2,True,0.9890000000000001,0.9868160895287281,0.9881264358114913,3.072387105149536,396,9.825693317463687,528,3.0720054418924008,72,6.0,396,3.038399999999987,396,281
237,no_planning,escaped,41,2,True,0.9897500000000001,0.9866645454094408,0.9885158181637764,1.0812299455012748,369,11.68044738977517,492,1.0808383572932803,36,2.0,369,1.1075999999999935,369,263
238,no_planning,escaped,62,2,True,0.9845,0.9863859690557192,0.9852543876222877,3.82929737764885,558,15.151948208224745,744,3.8289366538901652,189,4.0,558,5.023199999999984,558,408
239,no_planning,escaped,54,2,True,0.9865,0.9859688417260734,0.9862875366904293,3.5774334913632186,486,13.414469801191334,648,3.577064665688294,162,4.0,486,4.034399999999986,486,367
240,no_planning,escaped,75,2,True,0.9812500000000001,0.9867290208296698,0.983441608331868,8.130900878719308,675,13.046561334968588,900,8.130485863424981,162,11.0,675,9.870000000000129,675,502
241,no_planning,escaped,71,2,True,0.9822500000000001,0.986195566779705,0.9838282267118821,2.411868768132432,639,20.306929183206158,852,2.4114803124330817,207,5.0,639,2.1755999999999807,639,460
242,no_planning,escaped,83,2,True,0.9792500000000001,0.989224678358623,0.9832398713434493,6.214681169328329,747,13.178199150518477,996,6.214321652272754,261,8.0,747,7.018799999999981,747,525
243,no_planning,escaped,54,2,True,0.9865,0.9919262307949301,0.9886704923179721,1.002443225253694,486,9.127013922765675,648,1.0021612057106768,90,1.0,486,1.1543999999999806,486,346
244,no_planning,escaped,71,2,True,0.9822500000000001,0.9898946820892576,0.9853078728357031,2.6126586523487827,639,13.735916850106632,852,2.61228287687966,171,5.0,639,3.135599999999977,639,451
245,no_planning,escaped,59,2,True,0.9852500000000001,0.993697407161211,0.9886289628644844,0.036963415530088715,531,8.875186905685005,708,0.03655541680355344,54,0.0,531,0.21240000000000198,531,388
246,no_planning,escaped,45,2,True,0.98875,0.9807292211669983,0.9855416884667993,6.703708461030412,405,11.874163191601225,540,6.703436649232077,243,10.0,405,7.841999999999987,405,308
247,no_planning,escaped,82,2,True,0.9795,0.9901469692913135,0.9837587877165255,3.5379722140756753,738,14.673468149260813,984,3.537628297244933,144,5.0,738,4.135199999999988,738,568
248,no_planning,escaped,53,2,True,0.98675,0.9820776877259926,0.984881075090397,7.903803308725148,477,12.258776800903885,636,7.9034893816963745,216,10.0,477,9.790800000000049,477,353
249,no_planning,escaped,49,2,True,0.9877500000000001,0.9834300567617327,0.9860220227046931,6.211579202828432,441,11.204147644431107,588,6.21120438208952,162,7.0,441,7.8563999999999865,441,317
250,no_planning,escaped,49,2,True,0.9877500000000001,0.9865912175619579,0.9872864870247832,4.364805562729449,441,9.94898739683159,588,4.364389577344447,126,7.0,441,4.976399999999992,441,332
251,no_planning,escaped,45,2,True,0.98875,0.9879215866775625,0.988418634671025,3.174427052336084,405,8.812116985117813,540,3.174122275699013,90,4.0,405,4.001999999999985,405,263
252,no_planning,escaped,80,2,True,0.9800000000000001,0.989062061034296,0.9836248244137185,5.070802452729309,720,14.239772877179472,960,5.070406746690659,198,8.0,720,5.087999999999975,720,502
253,no_planning,escaped,85,2,True,0.97875,0.9889708220604188,0.9828383288241674,4.040395188546725,765,17.112329412016685,1020,4.040041759289806,288,8.0,765,4.145999999999974,765,551
254,no_planning,escaped,63,2,True,0.9842500000000001,0.9911542817343656,0.9870117126937463,1.959612395520159,567,10.76190949027894,756,1.959259152043601,90,6.0,567,1.1867999999999794,567,402
255,no_planning,caught,54,2,False,0.2,0.9853276501109459,0.5141310600443784,5.5405062103003475,486,11.628023842480316,648,5.540104489851392,216,10.0,486,4.994399999999989,486,354
0,predictive,escaped,54,2,True,0.9865,0.986480348619385,0.986492139447754,3.359422308781553,486,13.042238444234913,648,3.3590304426701527,99,5.0,486,4.034399999999991,486,365
1,predictive,escaped,69,2,True,0.98275,0.9879643161483684,0.9848357264593475,3.7258682655825672,621,14.96326810419179,828,3.7254717168204774,126,4.0,621,5.048399999999984,621,445
2,predictive,escaped,60,2,True,0.9850000000000001,0.9916139368188341,0.9876455747275338,2.3058544706216866,540,9.00145835338323,720,2.3054652857692597,90,5.0,540,2.1359999999999886,540,409
3,predictive,caught,75,2,False,0.2,0.9874188649534602,0.5149675459813841,6.0453788763919425,675,14.585537915249011,900,6.044981551781724,198,12.0,675,6.989999999999978,675,499
4,predictive,escaped,48,2,True,0.9880000000000001,0.985200797830973,0.9868803191323892,3.24707259357972,432,12.719250773946106,576,3.24670392776965,108,4.0,432,4.012799999999985,432,305
5,predictive,escaped,66,2,True,0.9835,0.985598911032681,0.9843395644130724,5.725549220419578,594,15.177259297007112,792,5.72518839979882,216,7.0,594,7.917599999999985,594,445
6,predictive,escaped,65,2,True,0.9837500000000001,0.9870553516357212,0.9850721406542886,4.799766248004578,585,13.793963117602205,780,4.799441594966251,135,8.0,585,5.033999999999976,585,423
7,predictive,escaped,36,2,True,0.9910000000000001,0.9883314670267098,0.989932586810684,2.504974390635178,324,6.741646634742444,432,2.50463940648569,144,3.0,324,3.009599999999991,324,233
8,predictive,escaped,41,2,True,0.9897500000000001,0.9888721871282627,0.9893988748513052,2.244225294596451,369,7.957467472994229,492,2.243829286364738,135,4.0,369,2.0675999999999894,369,292
9,predictive,escaped,86,2,True,0.9785,0.9928769642452974,0.9842507856981189,1.3880682365135693,774,12.8511881490214,1032,1.3876753020711419,153,2.0,774,3.189599999999974,774,549
10,predictive,escaped,98,2,True,0.9755,0.9883861901816917,0.9806544760726768,3.609283504707713,882,22.503302686384114,1176,3.6089206609498503,180,6.0,882,5.152799999999969,882,664
11,predictive,escaped,12,2,True,0.9970000000000001,0.9931659018741833,0.9954663607496734,0.00038397501197227814,108,1.9677082935525936,144,0,0,0.0,108,0.04319999999999996,108,73
12,predictive,escaped,29,2,True,0.99275,0.9863622947242241,0.9901949178896896,1.2629754315339112,261,7.807875629894789,348,1.262567942688419,54,3.0,261,1.0643999999999951,261,190
13,predictive,escaped,40,2,True,0.9900000000000001,0.9910101665724349,0.9904040666289741,4.173102106555111,360,3.066103948389047,480,4.1727501021068365,117,9.0,360,3.9839999999999938,360,295
14,predictive,escaped,50,2,True,0.9875,0.9906473582303212,0.9887589432921285,0.7899624246642166,450,10.169886890728863,600,0.7895721958224288,81,2.0,450,1.139999999999987,450,328
15,predictive,escaped,103,2,True,0.9742500000000001,0.9899149738799056,0.9805159895519623,4.0719939496319935,927,19.500859302697542,1236,4.07164629827119,279,6.0,927,4.210799999999962,927,696
16,predictive,escaped,16,2,True,0.9960000000000001,0.9898064700692091,0.9935225880276837,0.006797854020859651,144,3.9052516880625623,192,0.006405578512396695,9,0.0,144,0.057599999999999874,144,90
17,predictive,escaped,80,2,True,0.9800000000000001,0.9866055956761856,0.9826422382704743,4.355087989154171,720,19.91047231618493,960,4.354807791209522,162,5.0,720,6.0479999999999725,720,512
18,predictive,escaped,31,2,True,0.9922500000000001,0.9818868770899081,0.9881047508359633,2.0405501884039445,279,10.75542986056979,372,2.0401507263242786,72,3.0,279,2.0315999999999947,279,212
19,predictive,escaped,23,2,True,0.9942500000000001,0.9885932354377538,0.9919872941751016,0.013199953462968034,207,6.278934100409286,276,0.012805526204436887,27,0.0,207,0.08279999999999972,207,150
20,predictive,escaped,66,2,True,0.9835,0.9829003236670818,0.9832601294668327,8.58043927440624,594,15.645301612134066,792,8.58012965406996,171,16.0,594,8.877600000000019,594,446
21,predictive,escaped,50,2,True,0.9875,0.9837824352789876,0.986012974111595,3.4135706020901027,450,14.909650195761483,600,3.4133428785703224,162,6.0,450,4.019999999999986,450,322
22,predictive,caught,53,2,False,0.2,0.9867117929222219,0.5146847171688888,1.0076306252646545,477,15.559091902580954,636,1.0072108196274157,99,1.0,477,1.150800000000001,477,350
23,predictive,escaped,18,2,True,0.9955,0.9931139185736461,0.9945455674294585,0.013166429549631944,162,2.9572319367853916,216,0.012819834710743803,9,0.0,162,0.06479999999999983,162,126
24,predictive,escaped,24,2,True,0.9940000000000001,0.9964823080229094,0.9949929232091639,0.0003811543890162342,216,2.0256823729521902,288,1.8180287854557693e-06,9,0.0,216,0.0863999999999997,216,133
25,predictive,caught,79,2,False,0.2,0.988181778538338,0.5152727114153353,4.138219868461844,711,16.889721400028805,948,4.137824118085758,171,6.0,711,5.084399999999982,711,519
26,predictive,escaped,45,2,True,0.98875,0.9943392898238306,0.9909857159295322,0.013150709886331392,405,6.096032710414556,540,0.012827000000000002,9,0.0,405,0.16200000000000053,405,259
27,predictive,escaped,79,2,True,0.9802500000000001,0.9878468750137048,0.983288750005482,4.824556198606637,711,16.60958337587349,948,4.824193424952095,171,9.0,711,5.084399999999976,711,543
28,predictive,escaped,73,2,True,0.9817500000000001,0.9887632954705122,0.984555318188205,4.7670345556982126,657,13.33066026139834,876,4.766654782336785,198,7.0,657,6.02279999999998,657,479
29,predictive,escaped,93,2,True,0.97675,0.9879627151309207,0.9812350860523682,2.490402094453623,837,23.546683701846696,1116,2.490113081287662,153,3.0,837,3.214799999999965,837,622
30,predictive,escaped,38,2,True,0.9905,0.9873107616686256,0.9892243046674503,1.3582848376865702,342,9.76153890796467,456,1.357946366435662,81,1.0,342,2.056799999999991,342,256
31,predictive,escaped,72,2,True,0.9820000000000001,0.9871360474589369,0.9840544189835748,3.9690525800347527,648,16.93683988424404,864,3.9687033236309395,162,5.0,648,5.059199999999986,648,467
32,predictive,escaped,77,2,True,0.98075,0.9862571591230209,0.9829528636492084,6.351144626735386,693,16.92857710501016,924,6.350803467922998,153,9.0,693,7.957199999999977,693,503
33,predictive,escaped,21,2,True,0.99475,0.9845221888629823,0.9906588755451929,2.236627024378621,189,4.818647447218785,252,2.2362456737638086,45,5.0,189,1.9955999999999976,189,156
34,predictive,escaped,72,2,True,0.9820000000000001,0.9895023352906289,0.9850009341162517,5.2357231402869955,648,11.159000430743957,864,5.23541118083874,180,5.0,648,7.939199999999975,648,465
35,predictive,escaped,52,2,True,0.9870000000000001,0.9936601766818394,0.9896640706727358,0.017716431861396653,468,7.888477591915984,624,0.017387397764628533,18,0.0,468,0.18720000000000125,468,350
36,predictive,escaped,59,2,True,0.9852500000000001,0.989633385656465,0.987003354262586,2.210024404527345,531,11.732426704409196,708,2.209633142666564,126,4.0,531,2.132399999999989,531,404
37,predictive,escaped,84,2,True,0.9790000000000001,0.9866641096786402,0.9820656438714561,11.683589720901033,756,11.30703525999329,1008,11.683214032562443,279,19.0,756,12.782400000000504,756,552
38,predictive,escaped,42,2,True,0.9895,0.9900367574334723,0.9897147029733889,0.2020514726944808,378,9.773546543467326,504,0.20165818676182776,36,1.0,378,0.15120000000000022,378,309
39,predictive,escaped,66,2,True,0.9835,0.9903351832633528,0.9862340733053411,1.1700458626640262,594,13.749008560630454,792,1.1696463686885346,126,2.0,594,2.157599999999994,594,417
40,predictive,escaped,17,2,True,0.99575,0.9924498941033484,0.9944299576413393,0.006789582559399612,153,3.071390429087978,204,0.006403111111111111,9,0.0,153,0.06119999999999985,153,117
41,predictive,escaped,43,2,True,0.9892500000000001,0.9913034686670606,0.9900713874668243,0.022565487826396932,387,8.944733018491503,516,0.022204829907974438,18,0.0,387,0.15480000000000033,387,261
42,predictive,escaped,47,2,True,0.9882500000000001,0.9855317836254744,0.9871627134501898,4.194033395760515,423,10.728103542784163,564,4.193858469352216,144,8.0,423,4.009199999999982,423,339
43,predictive,escaped,37,2,True,0.99075,0.9893255110464816,0.9901802044185927,1.307050739209291,333,7.73621187177858,444,1.3066980281042158,135,2.0,333,2.053199999999988,333,240
44,predictive,escaped,60,2,True,0.9850000000000001,0.9887152329203731,0.9864860931681494,6.024680007041237,540,8.217157918607663,720,6.024315189366206,189,8.0,540,7.895999999999994,540,416
45,predictive,escaped,49,2,True,0.9877500000000001,0.9862352556573873,0.987144102262955,3.3208987543495905,441,11.759474341112984,588,3.320505504603031,135,4.0,441,5.936399999999989,441,331
46,predictive,caught,43,1,False,0.1,0.9901245625366915,0.4560498250146766,1.7218021570588653,387,7.8957152527226,516,1.7213999809118379,72,1.0,387,3.034799999999989,387,270
47,predictive,escaped,46,2,True,0.9885,0.9874575797263623,0.9880830318905449,2.791375237155557,414,10.124998332555332,552,2.790971428496942,108,5.0,414,3.045599999999987,414,271
48,predictive,caught,48,2,False,0.2,0.9833807595524232,0.5133523038209693,3.270898855061696,432,14.784166522192889,576,3.2705560327688508,99,4.0,432,4.0127999999999835,432,324
49,predictive,escaped,61,2,True,0.98475,0.9835558439445135,0.9842723375778054,3.1733247266648434,549,19.84314482967924,732,3.1729175488622205,72,8.0,549,3.0995999999999846,549,374
50,predictive,escaped,51,2,True,0.9872500000000001,0.989748693138059,0.9882494772552237,3.163305276425095,459,8.32985923044892,612,3.1629474316780852,72,6.0,459,3.063599999999987,459,312
51,predictive,escaped,65,2,True,0.9837500000000001,0.9878429405198975,0.9853871762079591,3.8252218501083197,585,13.864716988815509,780,3.824844038102132,99,7.0,585,4.073999999999978,585,420
52,predictive,escaped,41,2,True,0.9897500000000001,0.9937869966892591,0.9913647986757037,0.047726081933752114,369,6.0499604818573705,492,0.047351232913093795,99,0.0,369,0.14760000000000012,369,302
53,predictive,caught,41,2,False,0.2,0.9870571417039925,0.514822856681597,1.5413762067888657,369,10.680604287552926,492,1.5409671853330391,90,2.0,369,2.0675999999999894,369,279
54,predictive,escaped,41,2,True,0.9897500000000001,0.9900410767278917,0.9898664306911568,0.01697830954539974,369,9.77694275369408,492,0.016558314782555605,36,0.0,369,0.14760000000000012,369,275
55,predictive,escaped,37,2,True,0.99075,0.99226461661956,0.9913558466478241,0.00038944882480435966,333,6.868501176731013,444,0,0,0.0,333,0.1331999999999997,333,248
56,predictive,escaped,88,2,True,0.9780000000000001,0.9898065930768088,0.9827226372307236,5.563584847564557,792,14.110362291693617,1056,5.56315923686225,153,9.0,792,6.0767999999999835,792,620
57,predictive,escaped,41,2,True,0.9897500000000001,0.9920722458921853,0.9906788983568743,0.047566122528689,369,7.737488545384727,492,0.04725080006261811,90,0.0,369,0.14760000000000012,369,280
58,predictive,escaped,35,2,True,0.9912500000000001,0.9803683027597834,0.9868973211039134,5.141244819244344,315,9.63563258945616,420,5.140871095557639,90,7.0,315,6.845999999999989,315,247
59,predictive,caught,69,2,False,0.2,0.9862902682440722,0.5145161072976289,4.967180683341593,621,16.080408210027688,828,4.966846486793132,189,7.0,621,6.008399999999984,621,470
60,predictive,escaped,72,2,True,0.9820000000000001,0.9858639955032773,0.983545598201311,9.868636456085314,648,11.26883382888977,864,9.868264089091062,261,15.0,648,10.819200000000063,648,489
61,predictive,escaped,66,2,True,0.9835,0.9886537093319041,0.9855614837327616,4.447735030724838,594,12.042211043964137,792,4.447354877019349,243,6.0,594,5.037599999999976,594,450
62,predictive,escaped,67,2,True,0.9832500000000001,0.9907036728554124,0.986231469142165,2.353990559507808,603,11.809839969153133,804,2.3535815947113696,144,5.0,603,2.1611999999999845,603,434
63,predictive,caught,30,1,False,0.1,0.9880687231195945,0.4552274892478378,1.994845379737323,270,5.930725514242206,360,1.9944743664956701,36,4.0,270,2.0279999999999987,270,206
64,predictive,escaped,39,2,True,0.9902500000000001,0.9935089216368854,0.9915535686547543,1.308205272054022,351,4.331375651803259,468,1.3078266724520347,81,3.0,351,1.1003999999999916,351,232
65,predictive,escaped,32,2,True,0.9920000000000001,0.9882543873063677,0.9905017549225472,0.9070323608335632,288,7.81125406759814,384,0.9067380891195693,27,1.0,288,1.0751999999999877,288,213
66,predictive,escaped,93,2,True,0.97675,0.9861479082087319,0.9805091632834928,9.610744041097233,837,18.103543489980705,1116,9.610333478696669,306,15.0,837,10.894800000000176,837,627
67,predictive,caught,36,1,False,0.1,0.9873014142960737,0.4549205657184295,2.79769551875222,324,7.24131735652278,432,2.797295345398272,135,3.0,324,3.9695999999999914,324,232
68,predictive,escaped,48,2,True,0.9880000000000001,0.9837529580194426,0.986301183207777,3.053543110818494,432,14.645201547177484,576,3.053136396664101,81,5.0,432,3.0527999999999875,432,334
69,predictive,escaped,81,2,True,0.9797500000000001,0.9875341220197604,0.9828636488079043,1.016408123249117,729,22.878455962586923,972,1.016112607311478,144,1.0,729,1.2515999999999807,729,561
70,predictive,escaped,22,2,True,0.9945,0.988135289051612,0.9919541156206448,0.040666674807079,198,6.210345147672806,264,0.04029929939575812,45,0.0,198,0.07919999999999974,198,146
71,predictive,escaped,50,2,True,0.9875,0.9893993700734692,0.9882597480293878,0.030503126921965083,450,12.680085075940942,600,0.030096135948614607,27,0.0,450,0.18000000000000105,450,317
72,predictive,caught,64,1,False,0.1,0.9861039101335406,0.45444156405341624,2.146136692790633,576,18.482878444494197,768,2.1457438644545173,90,4.0,576,2.150399999999988,576,386
73,predictive,caught,43,1,False,0.1,0.9781222700681287,0.4512489080272515,5.903658611483767,387,14.706272474379507,516,5.90330059925025,153,9.0,387,8.79479999999999,387,279
74,predictive,caught,60,2,False,0.2,0.986468274139037,0.5145873096556148,5.6533977922227105,540,11.947821516823002,720,5.653054600258966,207,8.0,540,7.8959999999999955,540,360
75,predictive,escaped,21,2,True,0.99475,0.9902241602078469,0.9929396640831387,0.028302105843334504,189,4.889287114120711,252,0.027943083072846823,45,0.0,189,0.07559999999999976,189,119
76,predictive,escaped,67,2,True,0.9832500000000001,0.9884269926403283,0.9853207970561313,3.5562283557573924,603,13.867758026675538,804,3.5558586183708853,144,5.0,603,4.081199999999988,603,442
77,predictive,escaped,42,2,True,0.9895,0.9853124856729676,0.987824994269187,4.380961574368454,378,8.963732342490777,504,4.380575925949514,117,10.0,378,3.9911999999999903,378,297
78,predictive,escaped,74,2,True,0.9815,0.9909532678478467,0.9852813071391386,6.774215700184435,666,7.034708701978357,888,6.773897948971095,270,8.0,666,10.826400000000291,666,471
79,predictive,escaped,51,2,True,0.9872500000000001,0.9867200701913801,0.987038028076552,6.25552015558692,459,7.913940544968204,612,6.255172473865153,180,7.0,459,7.86359999999998,459,374
80,predictive,escaped,52,2,True,0.9870000000000001,0.9887931471477993,0.9877172588591199,3.1196832140669075,468,9.826574740790543,624,3.119316741401292,144,5.0,468,3.0671999999999815,468,370
81,predictive,escaped,75,2,True,0.9812500000000001,0.9870637056859548,0.983575482274382,5.387439268021239,675,16.102077407919673,900,5.387029759936985,216,7.0,675,6.989999999999978,675,471
82,predictive,escaped,53,2,True,0.98675,0.9893278057829678,0.9877811223131872,2.008982020011047,477,10.896388350716945,636,2.0085619265858154,81,3.0,477,2.110799999999992,477,355
83,predictive,escaped,40,2,True,0.9900000000000001,0.9928131646800122,0.991125265872005,1.9563914333991328,360,4.290839995989453,480,1.9560107269685472,90,3.0,360,2.063999999999993,360,279
84,predictive,caught,46,2,False,0.2,0.9852502748969614,0.5141001099587845,5.121226796208682,414,9.455394118809743,552,5.12083985254995,117,7.0,414,5.925599999999997,414,313
85,predictive,escaped,79,2,True,0.9802500000000001,0.9903191182918814,0.9842776473167526,2.5079748773196706,711,15.010985215500103,948,2.507617863814849,162,3.0,711,3.164400000000002,711,510
86,predictive,escaped,30,2,True,0.9925,0.9893939970554994,0.9912575988221998,2.156363001987193,270,4.761171450724175,360,2.156038679693639,81,3.0,270,2.9879999999999907,270,213
87,predictive,escaped,27,2,True,0.9932500000000001,0.9864678067350051,0.9905371226940021,2.5441929262003833,243,5.376604000782817,324,2.5437842524712733,45,4.0,243,2.977199999999992,243,187
88,predictive,caught,74,1,False,0.1,0.9883905728095128,0.45535622912380513,6.373925510000535,666,12.119775343637874,888,6.3735244006811085,189,9.0,666,7.946399999999994,666,457
89,predictive,escaped,53,2,True,0.98675,0.9890633549180464,0.9876753419672186,2.5159924502892985,477,10.556755943859255,636,2.515621921862502,126,3.0,477,4.030799999999995,477,357
90,predictive,escaped,80,2,True,0.9800000000000001,0.9866358630953772,0.982654345238151,5.370436835028898,720,18.49856041017062,960,5.3700174612090334,207,7.0,720,7.007999999999976,720,522
91,predictive,escaped,48,2,True,0.9880000000000001,0.9935514635553002,0.9902205854221201,0.04104406193790576,432,7.373988568376887,576,0.04074451207468333,81,0.0,432,0.17280000000000084,432,302
92,predictive,caught,45,1,False,0.1,0.9828410120573555,0.4531364048229422,6.151030297831241,405,10.330333247614353,540,6.15065401432974,126,11.0,405,7.841999999999994,405,282
93,predictive,escaped,52,2,True,0.9870000000000001,0.9897348862912762,0.9880939545165106,2.300628859901838,468,9.743356761951539,624,2.3002429805588904,108,2.0,468,3.06719999999999,468,355
94,predictive,caught,54,2,False,0.2,0.9803640341995156,0.5121456136798063,6.725162851552401,486,16.481327875357962,648,6.724825010223613,162,12.0,486,6.9143999999999854,486,365
95,predictive,caught,29,1,False,0.1,0.990562428087375,0.45622497123495004,1.1134087986590548,261,5.084004986308266,348,1.1130335624925534,81,2.0,261,1.0643999999999991,261,184
96,predictive,escaped,39,2,True,0.9902500000000001,0.980848453110279,0.9864893812441117,8.074165302150027,351,7.160294152578771,468,8.07378731482065,144,14.0,351,8.780400000000045,351,269
97,predictive,escaped,54,2,True,0.9865,0.988911826843023,0.9874647307372092,0.9619361028078474,486,13.087690941031653,648,0.9615636715060016,81,1.0,486,1.154399999999981,486,354
98,predictive,escaped,64,2,True,0.9840000000000001,0.9821444589433429,0.9832577835773373,8.463859757719657,576,16.140964719399143,768,8.463603430876674,225,12.0,576,9.830400000000003,576,427
99,predictive,escaped,80,2,True,0.9800000000000001,0.9865629524369162,0.9826251809747666,3.0949805437002613,720,21.672490596187195,960,3.0945719790759902,189,4.0,720,4.127999999999974,720,528
100,predictive,escaped,62,2,True,0.9845,0.9843265104222755,0.9844306041689102,3.217231559093945,558,19.032510412862184,744,3.216882388145894,189,3.0,558,5.023199999999982,558,391
101,predictive,caught,18,0,False,0.0,0.9853664727223631,0.3941465890889453,1.7844268340442557,162,3.9424480052134485,216,1.7841132340652284,45,2.0,162,1.984799999999998,162,90
102,predictive,escaped,39,2,True,0.9902500000000001,0.9901520025213149,0.990210801008526,1.0282726148694936,351,7.8466954868900185,468,1.0278916923362276,99,1.0,351,1.1003999999999918,351,254
103,predictive,escaped,61,2,True,0.98475,0.9910109493179096,0.9872543797271638,4.618105993026395,549,7.002495541211887,732,4.617716826881147,189,7.0,549,5.019599999999978,549,414
104,predictive,escaped,65,2,True,0.9837500000000001,0.9888839603662269,0.9858035841464908,1.7477987496945422,585,15.01062349575996,780,1.747504234974648,180,2.0,585,3.113999999999976,585,432
105,predictive,caught,24,1,False,0.1,0.9865680214221837,0.4546272085688735,2.005286017041611,216,5.06310497143341,288,2.004901523550539,81,3.0,216,2.006399999999999,216,165
106,predictive,escaped,78,2,True,0.9805,0.981279164629185,0.9808116658516741,11.456278699153437,702,19.770365548627783,936,11.455901552970655,315,16.0,702,13.720800000000214,702,533
107,predictive,escaped,34,2,True,0.9915,0.9949524245079698,0.992880969803188,0.016914797495080423,306,4.0962685381698165,408,0.01656280482138201,45,0.0,306,0.12239999999999948,306,205
108,predictive,caught,43,2,False,0.2,0.989187586209284,0.5156750344837137,2.4686653788558837,387,7.866857193544319,516,2.4683025262374527,117,3.0,387,3.0347999999999953,387,294
109,predictive,escaped,36,2,True,0.9910000000000001,0.9834110570421962,0.9879644228168785,6.765546401411212,324,5.312118180327497,432,6.765205921821437,144,13.0,324,6.849599999999987,324,252
110,predictive,escaped,93,2,True,0.97675,0.9869696477108819,0.9808378590843527,10.662145850231523,837,14.867551842336086,1116,10.661768680278644,234,15.0,837,12.814800000000314,837,631
111,predictive,escaped,66,2,True,0.9835,0.9891869742209035,0.9857747896883614,3.249838237798609,594,12.794715183690665,792,3.2495170788341854,216,3.0,594,4.077599999999976,594,454
112,predictive,escaped,60,2,True,0.9850000000000001,0.9804163267403697,0.983166530696148,12.533027244193992,540,11.489786501608892,720,12.532645638107141,279,19.0,540,14.616000000000199,540,382
113,predictive,caught,31,1,False,0.1,0.9918477585814096,0.45673910343256385,3.012541840787172,279,2.048545161048352,372,3.0123367875099785,99,5.0,279,2.991599999999991,279,178
114,predictive,escaped,51,2,True,0.9872500000000001,0.9930221822025244,0.9895588728810099,3.3315707224245488,459,4.098754687544145,612,3.331185899442021,225,5.0,459,7.86359999999999,459,363
115,predictive,caught,74,2,False,0.2,0.9892990101277773,0.515719604051111,3.181481430371999,666,14.762982772571517,888,3.1810730653430763,108,6.0,666,3.1463999999999825,666,518
116,predictive,escaped,90,2,True,0.9775,0.9827533887115258,0.9796013554846104,12.847814884534131,810,20.122260537058672,1080,12.847522037093567,315,20.0,810,14.72400000000039,810,599
117,predictive,escaped,30,2,True,0.9925,0.9872019144878641,0.9903807657951457,0.9154596276516707,270,7.9940087318689805,360,0.9150857846954519,27,1.0,270,1.0679999999999914,270,193
118,predictive,escaped,48,2,True,0.9880000000000001,0.9838545621915793,0.9863418248766318,2.2639139599011058,432,15.580992408765873,576,2.2635225273986834,108,5.0,432,2.0927999999999938,432,336
119,predictive,escaped,74,2,True,0.9815,0.9894005354837753,0.9846602141935101,6.104660996393368,666,10.6851009856239,888,6.104270322152558,234,6.0,666,9.866400000000006,666,471
120,predictive,escaped,66,2,True,0.9835,0.9812955191747844,0.9826182076699137,10.01187882129111,594,16.27872586542,792,10.011609575647897,315,13.0,594,12.717600000000063,594,441
121,predictive,escaped,60,2,True,0.9850000000000001,0.9891947150599976,0.9866778860239991,4.863621198659653,540,9.074782048723899,720,4.863269710210932,90,7.0,540,5.975999999999988,540,397
122,predictive,escaped,14,2,True,0.9965,0.993963154294977,0.9954852617179908,0.029362319419638357,126,1.989230397661564,168,0.029038474961034268,45,0.0,126,0.05039999999999992,126,99
123,predictive,escaped,50,2,True,0.9875,0.9859320030174418,0.9868728012069767,3.0538977904261366,450,12.809732658501714,600,3.0534961282447775,90,5.0,450,3.059999999999992,450,307
124,predictive,escaped,84,2,True,0.9790000000000001,0.9845621239452689,0.9812248495781076,12.63917111697984,756,14.270529970364864,1008,12.638781007683138,306,18.0,756,14.702400000000088,756,553
125,predictive,escaped,50,2,True,0.9875,0.9834098259775221,0.9858639303910088,7.614657162742145,450,9.755332609983975,600,7.614485191233665,153,14.0,450,8.81999999999999,450,309
126,predictive,escaped,64,2,True,0.9840000000000001,0.9879527231842483,0.9855810892736994,5.028982914185198,576,11.799306636747671,768,5.0286293227175864,162,9.0,576,5.030399999999981,576,445
127,predictive,caught,22,0,False,0.0,0.9894747285509071,0.39578989142036286,1.219280019002841,198,3.9316366331172596,264,1.2189265540007201,36,3.0,198,1.0391999999999997,198,145
128,predictive,escaped,55,2,True,0.9862500000000001,0.9900483390522373,0.987769335620895,0.20316020275112884,495,12.86531218071194,660,0.2027502766021217,45,1.0,495,0.19800000000000156,495,376
129,predictive,escaped,64,2,True,0.9840000000000001,0.990844887891663,0.9867379551566653,2.8624397719011974,576,10.24566583587058,768,2.8620270997188113,108,3.0,576,4.070399999999995,576,417
130,predictive,escaped,77,2,True,0.98075,0.9845984222155937,0.9822893688862375,5.459631113162064,693,21.182607594700045,924,5.459344050852421,261,10.0,693,6.997199999999972,693,488
131,predictive,escaped,42,2,True,0.9895,0.9815583052096792,0.9863233220838717,5.021346740184823,378,11.894099361730236,504,5.020950572839429,108,8.0,378,4.951199999999988,378,303
132,predictive,caught,7,0,False,0.0,0.9774424850963076,0.39097699403852304,1.869343521146505,63,1.297204475624985,84,1.8691714780485529,36,2.0,63,2.9051999999999976,63,34
133,predictive,escaped,47,2,True,0.9882500000000001,0.984752946287088,0.9868511785148352,5.068914078672779,423,10.440124483267756,564,5.068623710783823,117,10.0,423,4.969199999999982,423,324
134,predictive,escaped,52,2,True,0.9870000000000001,0.9873698953052562,0.9871479581221025,1.5756675536965232,468,13.661480587444927,624,1.5752786559718364,144,2.0,468,4.987199999999989,468,375
135,predictive,caught,32,1,False,0.1,0.9853856460176389,0.4541542584070556,3.0752433912272155,288,7.123499336817045,384,3.0748299865627002,54,4.0,288,3.955199999999998,288,209
136,predictive,escaped,71,2,True,0.9822500000000001,0.990475942125497,0.9855403768501989,6.15856609876927,639,8.017573153127378,852,6.158176467604679,243,9.0,639,7.935599999999979,639,464
137,predictive,escaped,59,2,True,0.9852500000000001,0.9880442885792847,0.986367715431714,4.463567155646049,531,10.97786449753816,708,4.463201162508407,162,5.0,531,6.932399999999992,531,390
138,predictive,escaped,22,2,True,0.9945,0.9925302148066198,0.993712085922648,0.013184435526984773,198,3.926467334735383,264,0.01280355029585799,9,0.0,198,0.07919999999999974,198,129
139,predictive,escaped,56,2,True,0.9860000000000001,0.9850148462919066,0.9856059385167627,6.113940844241007,504,11.988125458022768,672,6.113638842308229,189,8.0,504,7.881599999999978,504,405
140,predictive,escaped,40,2,True,0.9900000000000001,0.9886969625409273,0.9894787850163711,1.9451894750576602,360,8.257329993966238,480,1.944848790181396,180,2.0,360,3.0239999999999863,360,241
141,predictive,escaped,60,2,True,0.9850000000000001,0.9869615928872769,0.9857846371549108,2.3693885945539366,540,15.616121449582645,720,2.368983055724371,117,4.0,540,3.095999999999993,540,381
142,predictive,escaped,47,2,True,0.9882500000000001,0.9882454641122389,0.9882481856448956,3.0209999082440193,423,9.231116603735762,564,3.0206168082474316,108,5.0,423,3.049199999999995,423,324
143,predictive,escaped,59,2,True,0.9852500000000001,0.9856458712810315,0.9854083485124128,6.363653215365509,531,11.840575312238716,708,6.363324233520718,153,8.0,531,7.892399999999978,531,383
144,predictive,escaped,33,2,True,0.99175,0.9859004349974766,0.9894101739989907,2.388689620814323,297,7.981935987579422,396,2.3882920861866612,54,4.0,297,2.9987999999999957,297,212
145,predictive,escaped,37,2,True,0.99075,0.9931924908171601,0.9917269963268641,0.09914907800460963,333,5.912869383689,444,0.09874819460108086,117,0.0,333,0.1331999999999997,333,266
146,predictive,escaped,17,2,True,0.99575,0.9853993385338521,0.9916097354135409,2.1466788237189207,153,3.0948314465631,204,2.1463367399409954,45,2.0,153,2.9411999999999963,153,110
147,predictive,escaped,75,2,True,0.9812500000000001,0.986465701349567,0.9833362805398268,3.094524553857809,675,20.235704832302204,900,3.0942345407121197,108,5.0,675,5.0699999999999745,675,467
148,predictive,escaped,167,2,True,0.95825,0.9871631405300645,0.9698152562120258,13.079010511151099,1503,34.0114520739667,2004,13.078630434292398,711,18.0,1503,16.921200000000443,1503,1024
149,predictive,escaped,47,2,True,0.9882500000000001,0.9820056805221168,0.9857522722088468,4.791140880219815,423,13.9094045307592,564,4.790771820499375,171,10.0,423,4.00919999999999,423,310
150,predictive,escaped,112,2,True,0.9720000000000001,0.988879984822884,0.9787519939291537,8.187950545259874,1008,18.97333340240817,1344,8.187573385966362,297,13.0,1008,10.003200000000007,1008,696
151,predictive,escaped,60,2,True,0.9850000000000001,0.992574986709908,0.9880299946839632,1.7494002792346808,540,8.359485432086222,720,1.7490363012182844,135,3.0,540,2.1359999999999952,540,396
152,predictive,escaped,75,2,True,0.9812500000000001,0.9862027813063771,0.9832311125225508,8.787919493367733,675,13.117767657364364,900,8.787631514378036,243,10.0,675,11.790000000000253,675,492
153,predictive,escaped,30,2,True,0.9925,0.9854595739545287,0.9896838295818116,3.0209049069814298,270,6.441233543430758,360,3.0205439530897586,135,5.0,270,4.907999999999991,270,187
154,predictive,escaped,59,2,True,0.9852500000000001,0.9880423284054283,0.9863669313621715,1.2929499986780035,531,15.20812964634289,708,1.2926590145286565,54,3.0,531,1.1723999999999795,531,363
155,predictive,escaped,39,2,True,0.9902500000000001,0.9879209345478608,0.9893183738191444,1.1477590112562013,351,9.77565991486068,468,1.1473608705972327,63,2.0,351,1.1003999999999874,351,268
156,predictive,caught,64,1,False,0.1,0.9885339880307351,0.4554135952122941,4.890520656232162,576,11.091100176481406,768,4.890151646367948,153,6.0,576,6.950399999999983,576,415
157,predictive,escaped,20,2,True,0.9950000000000001,0.9918262235108334,0.9937304894043335,0.00038368036430738077,180,3.9229011409808914,240,0,0,0.0,180,0.07199999999999979,180,114
158,predictive,escaped,32,2,True,0.9920000000000001,0.9879362706161543,0.9903745082464618,1.0971322283716405,288,7.802101195631316,384,1.0968314067302547,36,2.0,288,1.075199999999988,288,226
159,predictive,caught,39,1,False,0.1,0.980598351155082,0.4522393404620328,4.829887954324276,351,11.72009271307758,468,4.829501873342396,81,6.0,351,5.900399999999994,351,275
160,predictive,caught,44,1,False,0.1,0.9821075541686791,0.45284302166747165,8.598100093130528,396,7.430289340367447,528,8.597769385891514,225,11.0,396,10.718400000000004,396,281
161,predictive,escaped,48,2,True,0.9880000000000001,0.9914962912592412,0.9893985165036965,3.57084253301899,432,5.035149091995525,576,3.5704560838977693,153,5.0,432,4.012799999999984,432,262
162,predictive,escaped,82,2,True,0.9795,0.9896094734615372,0.9835437893846148,3.447523827400173,738,15.851857791161354,984,3.447134607837021,198,4.0,738,4.135199999999981,738,480
163,predictive,escaped,69,2,True,0.98275,0.9874880546424659,0.9846452218569863,2.7708768651591886,621,17.025279025197463,828,2.7705487627089465,108,3.0,621,4.088399999999981,621,431
164,predictive,escaped,84,2,True,0.9790000000000001,0.9844763190419283,0.9811905276167714,15.063437215144846,756,11.21115785794593,1008,15.063051528826957,324,28.0,756,16.62240000000019,756,576
165,predictive,caught,59,1,False,0.1,0.9853356268754143,0.4541342507501657,3.2538106706329843,531,16.426338116902688,708,3.2534354869319713,99,5.0,531,4.052399999999985,531,398
166,predictive,escaped,13,2,True,0.99675,0.9897085800049411,0.9939334320019764,0.926345201362315,117,1.9757961033086153,156,0.9259844907372573,27,1.0,117,1.0067999999999988,117,86
167,predictive,escaped,74,2,True,0.9815,0.9889643535149314,0.9844857414059726,3.742932031487393,666,14.608732115498654,888,3.7425275959322817,207,6.0,666,4.106399999999984,666,475
168,predictive,caught,59,2,False,0.2,0.9868392110358851,0.514735684414354,7.0766173104551795,531,9.200187425913125,708,7.076291566765489,270,9.0,531,10.7724,531,375
169,predictive,escaped,41,2,True,0.9897500000000001,0.9882252073086947,0.989140082923478,0.2816172395648698,369,11.210906355491256,492,0.2812438560774484,117,0.0,369,2.0675999999999912,369,277
170,predictive,caught,68,2,False,0.2,0.9880807934106753,0.5152323173642701,2.141248749841214,612,16.59714682065619,816,2.140859979415942,81,3.0,612,3.1247999999999934,612,445
171,predictive,escaped,92,2,True,0.9770000000000001,0.9859022286424354,0.9805608914569742,10.23507987061334,828,17.48110599668502,1104,10.234694237675853,333,17.0,828,11.85120000000018,828,564
172,predictive,escaped,57,2,True,0.9857500000000001,0.985345071586947,0.9855880286347789,4.299980588111574,513,14.314634618241069,684,4.299617311381553,126,7.0,513,5.005199999999995,513,404
173,predictive,caught,23,1,False,0.1,0.9889924866098853,0.45559699464395415,2.3271601832407556,207,2.9732671470223297,276,2.3267759081771535,36,3.0,207,2.9627999999999983,207,156
174,predictive,escaped,86,2,True,0.9785,0.9815598147951823,0.9797239259180729,7.629828848756732,774,27.887437131068147,1032,7.629573996807296,216,12.0,774,8.949600000000114,774,574
175,predictive,escaped,47,2,True,0.9882500000000001,0.9897506710468368,0.9888502684187347,2.0399417705837384,423,8.84132069838974,564,2.0396123688499506,81,4.0,423,2.0891999999999866,423,311
176,predictive,escaped,45,2,True,0.98875,0.9891298759064819,0.9889019503625928,0.02729885970449943,405,11.703335541393479,540,0.02689947151090618,27,0.0,405,0.16200000000000053,405,308
177,predictive,escaped,55,2,True,0.9862500000000001,0.9859034825831879,0.9861113930332752,5.479541078544846,495,11.301348218798793,660,5.479138403847071,135,9.0,495,5.957999999999989,495,377
178,predictive,escaped,63,2,True,0.9842500000000001,0.9876967006200624,0.985628680248025,5.695190789466945,567,11.009000943176344,756,5.694830057561049,135,10.0,567,5.9867999999999855,567,390
179,predictive,escaped,54,2,True,0.9865,0.9872436175014507,0.9867974470005803,0.0004077068742372843,486,16.531728108954212,648,0,0,0.0,486,0.19440000000000146,486,345
180,predictive,escaped,47,2,True,0.9882500000000001,0.9864459540147669,0.9875283816059067,1.993658001858469,423,12.63075320219836,564,1.9932740905804673,72,3.0,423,2.089199999999995,423,305
181,predictive,escaped,45,2,True,0.98875,0.9893839292758351,0.989003571710334,4.11242743701302,405,5.982119799414115,540,4.112050635296744,126,8.0,405,4.001999999999987,405,309
182,predictive,escaped,64,2,True,0.9840000000000001,0.9876099202698321,0.9854439681079329,6.18940781749441,576,10.778618708878707,768,6.189074081261263,153,7.0,576,7.910399999999978,576,422
183,predictive,escaped,21,2,True,0.99475,0.994095462067528,0.9944881848270112,0.006770353695100077,189,2.966859979705763,252,0.006401638917793967,9,0.0,189,0.07559999999999976,189,135
184,predictive,caught,49,2,False,0.2,0.9887024321128325,0.5154809728451331,3.463280254189106,441,8.668232829723568,588,3.4630054242548045,135,3.0,441,5.93639999999999,441,327
185,predictive,escaped,40,2,True,0.9900000000000001,0.9836474118098368,0.9874589647239349,1.5487377865394385,360,13.633500947170704,480,1.5483597968097216,63,2.0,360,2.063999999999994,360,252
186,predictive,escaped,58,2,True,0.9855,0.9859572382388531,0.9856828952955413,1.8032164088124945,522,17.143235826433138,696,1.8028802974213414,126,2.0,522,4.0487999999999795,522,382
187,predictive,escaped,65,2,True,0.9837500000000001,0.9874587497346021,0.9852334998938409,2.2163583199591885,585,16.609205987408487,780,2.2159959901229476,189,1.0,585,5.033999999999979,585,399
188,predictive,caught,29,0,False,0.0,0.9824902063690802,0.39299608254763213,3.355510633463085,261,7.712802189169393,348,3.3551263272944225,45,5.0,261,3.944399999999998,261,194
189,predictive,escaped,44,2,True,0.9890000000000001,0.9847153398775459,0.9872861359510184,7.31103664777412,396,6.3925522256126825,528,7.3108352366373435,171,12.0,396,7.838399999999983,396,274
190,predictive,escaped,72,2,True,0.9820000000000001,0.9902037545375343,0.9852815018150138,3.528473608570023,648,12.223280681047447,864,3.5281012147855884,144,8.0,648,4.099199999999986,648,450
191,predictive,escaped,58,2,True,0.9855,0.990685020971298,0.9875740083885193,0.19769136280544441,522,12.702862324212619,696,0.1973106305608124,54,1.0,522,0.20880000000000187,522,374
192,predictive,escaped,35,2,True,0.9912500000000001,0.9917989433074258,0.9914695773229704,0.017727806782083504,315,6.865250546052924,420,0.017315731770946884,18,0.0,315,0.1259999999999995,315,231
193,predictive,escaped,41,2,True,0.9897500000000001,0.9915213703546784,0.9904585481418715,1.0965385952669813,369,6.880920110640491,492,1.0961558872041175,54,2.0,369,1.1075999999999893,369,279
194,predictive,escaped,59,2,True,0.9852500000000001,0.9860170323078501,0.9855568129231401,6.6698970081785,531,10.906686241179573,708,6.6695093883077,162,10.0,531,9.812400000000014,531,383
195,predictive,escaped,45,2,True,0.98875,0.9915960195705751,0.98988840782823,3.0703004841056973,405,4.982564884971289,540,3.0699129135686722,99,6.0,405,3.0419999999999927,405,304
196,predictive,escaped,53,2,True,0.98675,0.9929995946578741,0.9892498378631496,0.03904694662197463,477,8.852452999688172,636,0.038739134245929244,72,0.0,477,0.19080000000000136,477,340
197,predictive,caught,89,2,False,0.2,0.9819337105323689,0.5127734842129476,10.63739823216785,801,24.406396659969584,1068,10.637035743665331,351,16.0,801,11.840400000000175,801,636
198,predictive,escaped,34,2,True,0.9915,0.9876128019857826,0.9899451207943131,3.8301982717839964,306,5.001022550556055,408,3.829819135589296,72,5.0,306,4.922399999999992,306,241
199,predictive,escaped,64,2,True,0.9840000000000001,0.9914651126440179,0.9869860450576072,2.3177099604355287,576,10.019307031541059,768,2.317369427357284,108,5.0,576,2.150399999999988,576,432
200,predictive,escaped,45,2,True,0.98875,0.9891940327159711,0.9889276130863884,4.692879697357175,405,5.413271736941721,540,4.692525536820097,171,8.0,405,4.961999999999993,405,322
201,predictive,escaped,73,2,True,0.9817500000000001,0.9863620587682209,0.9835948235072884,6.820057989772634,657,14.80026238504675,876,6.819673264096835,189,10.0,657,7.942799999999992,657,459
202,predictive,caught,26,1,False,0.1,0.9817594644644364,0.4527037857857746,4.126164704795467,234,5.880541234464399,312,4.1257975161216525,81,7.0,234,3.933599999999998,234,169
203,predictive,escaped,60,2,True,0.9850000000000001,0.9892273209037996,0.98669092836152,0.02620941168212455,540,15.477712016285729,720,0.025805857731263426,27,0.0,540,0.21600000000000208,540,400
204,predictive,escaped,68,2,True,0.9830000000000001,0.9887647339935264,0.9853058935974106,3.998698235534564,612,13.004356475185572,816,3.998455190734497,144,6.0,612,5.044799999999973,612,374
205,predictive,escaped,48,2,True,0.9880000000000001,0.983107186057201,0.9860428744228804,6.540888227651595,432,10.739337358568921,576,6.540576917032367,162,11.0,432,6.892799999999985,432,333
206,predictive,escaped,50,2,True,0.9875,0.9902702701772514,0.9886081080709006,2.123702416492179,450,8.84407256530874,600,2.123333331378033,90,3.0,450,3.0599999999999814,450,339
207,predictive,escaped,88,2,True,0.9780000000000001,0.9885067484223204,0.9822026993689281,7.890401646551069,792,13.753211803324389,1056,7.890039752773456,198,10.0,792,10.87680000000028,792,600
208,predictive,caught,59,2,False,0.2,0.9852333491665808,0.5140933396666323,7.935366891657689,531,10.32908839124474,708,7.934979311219182,135,16.0,531,8.852399999999987,531,412
209,predictive,escaped,70,2,True,0.9825,0.9945143129165642,0.9873057251666257,2.3851187952601913,630,6.035795906491804,840,2.3847663566188517,117,5.0,630,2.171999999999988,630,461
210,predictive,escaped,94,2,True,0.9765,0.9898335276488265,0.9818334110595306,5.81410656691969,846,15.183419535021239,1128,5.813691168407148,180,10.0,846,6.098399999999976,846,644
211,predictive,escaped,65,2,True,0.9837500000000001,0.9898260587624079,0.9861804235049633,4.382735054454069,585,10.027701591371578,780,4.3823339982517,162,6.0,585,5.033999999999991,585,443
212,predictive,escaped,76,2,True,0.9810000000000001,0.991319133397378,0.9851276533589512,3.5300465697848535,684,11.127171923469476,912,3.529724513508543,180,6.0,684,5.0735999999999715,684,470
213,predictive,escaped,73,2,True,0.9817500000000001,0.9834406582445391,0.9824262632978158,8.82101054463326,657,17.25061936272318,876,8.820690553531922,207,15.0,657,9.862800000000133,657,524
214,predictive,escaped,87,2,True,0.9782500000000001,0.9861836552612022,0.9814234621044808,6.113177937022134,783,20.69762389858016,1044,6.112789544452611,225,11.0,783,6.07319999999999,783,602
215,predictive,escaped,44,2,True,0.9890000000000001,0.9877160066267039,0.9884864026506817,2.771365839701054,396,9.276742549265995,528,2.7709732643682283,108,4.0,396,3.9983999999999953,396,295
216,predictive,escaped,47,2,True,0.9882500000000001,0.9834631877961013,0.9863352751184405,2.29787389577297,423,15.589692304967073,564,2.297502024997333,108,5.0,423,2.089199999999998,423,322
217,predictive,escaped,83,2,True,0.9792500000000001,0.9910738035517442,0.9839795214206977,2.1550654777779767,747,14.907562687888127,996,2.1547211179762216,180,3.0,747,3.1787999999999688,747,550
218,predictive,escaped,62,2,True,0.9845,0.9860271878960329,0.9851108751584132,6.019276066199291,558,12.765842989103959,744,6.018876120050248,153,9.0,558,6.943199999999979,558,403
219,predictive,escaped,49,2,True,0.9877500000000001,0.9824867079945908,0.9856446831978364,3.7323872725006098,441,15.619115035027095,588,3.7319864212060416,117,4.0,441,4.976399999999994,441,317
220,predictive,escaped,72,2,True,0.9820000000000001,0.9866115902712809,0.9838446361085125,4.818463843625214,648,16.710553553059725,864,4.8180489400257205,144,6.0,648,6.979199999999976,648,480
221,predictive,escaped,64,2,True,0.9840000000000001,0.987650257119113,0.9854601028476453,2.3475620649543334,576,15.83912231176988,768,2.3471930577352134,108,5.0,576,2.150399999999985,576,416
222,predictive,escaped,68,2,True,0.9830000000000001,0.9863796085002641,0.9843518434001056,5.196105216502578,612,15.300338638898957,816,5.195713831783795,180,10.0,612,5.044799999999985,612,462
223,predictive,escaped,45,2,True,0.98875,0.9849152010264616,0.9872160804105846,2.87418107212249,405,12.45934146192481,540,2.8738734588362402,153,3.0,405,4.001999999999989,405,283
224,predictive,escaped,68,2,True,0.9830000000000001,0.9890175955110478,0.9854070382044191,6.164308708023888,612,9.70420584860472,816,6.163917462154524,144,11.0,612,6.004799999999984,612,422
225,predictive,escaped,75,2,True,0.9812500000000001,0.9915036278452998,0.98535145113812,2.0476933417860534,675,12.563212089412271,900,2.0473126993644413,72,3.0,675,2.189999999999973,675,473
226,predictive,escaped,30,2,True,0.9925,0.9890447097407263,0.9911178838962906,0.03459288963684689,270,7.841685133827938,360,0.034201875341323656,54,0.0,270,0.10799999999999957,270,189
227,predictive,escaped,37,2,True,0.99075,0.9922727502828464,0.9913591001131387,0.00037709212204792807,333,6.861294959336241,444,0,0,0.0,333,0.1331999999999997,333,224
228,predictive,escaped,51,2,True,0.9872500000000001,0.9942889768231723,0.990065590729269,0.737260653225531,459,6.007278164136373,612,0.7369481899042383,126,0.0,459,4.023599999999981,459,310
229,predictive,escaped,56,2,True,0.9860000000000001,0.9921025385622952,0.9884410154249181,1.3141308589644154,504,8.862013693656044,672,1.3138058208697851,162,3.0,504,1.1615999999999946,504,393
230,predictive,escaped,55,2,True,0.9862500000000001,0.98751483804462,0.9867559352178481,4.084790002326553,495,11.03402711133279,660,4.084379961486451,117,5.0,495,4.997999999999988,495,347
231,predictive,caught,77,2,False,0.2,0.9861744869434456,0.5144697947773782,5.602391508658536,693,18.079692783634638,924,5.60201959398449,252,6.0,693,6.997199999999971,693,509
232,predictive,escaped,71,2,True,0.9822500000000001,0.9923765677310076,0.9863006270924031,2.9970275614762563,639,8.994291837728039,852,2.996651704286597,90,5.0,639,3.1355999999999753,639,439
233,predictive,caught,22,1,False,0.1,0.9816747263509326,0.45266989054037304,5.1194837279027245,198,2.8497661828372935,264,5.119163109451634,108,9.0,198,4.8791999999999955,198,144
234,predictive,escaped,52,2,True,0.9870000000000001,0.9842181652738584,0.9858872661095435,0.20772002613484494,468,19.418769703378253,624,0.20730879779725075,81,1.0,468,0.18720000000000125,468,376
235,predictive,escaped,41,2,True,0.9897500000000001,0.9887164258485559,0.9893365703394225,2.828433303080379,369,7.3317925609138666,492,2.828187268428711,126,3.0,369,3.9875999999999876,369,280
236,predictive,escaped,44,2,True,0.9890000000000001,0.9873416327556924,0.988336653102277,3.2902282847410635,396,8.980264763667439,528,3.2898485691836608,108,7.0,396,3.038399999999987,396,293
237,predictive,escaped,41,2,True,0.9897500000000001,0.9866645454094408,0.9885158181637764,1.0812299455012748,369,11.68044738977517,492,1.0808383572932803,36,2.0,369,1.1075999999999935,369,263
238,predictive,escaped,58,2,True,0.9855,0.98801775560337,0.9865071022413481,0.9837365808810802,522,15.36763542560085,696,0.9833561480730102,117,1.0,522,1.1687999999999974,522,383
239,predictive,escaped,36,2,True,0.9910000000000001,0.9895319579857135,0.9904127831942855,0.1971802533346549,324,8.781481295897324,432,0.1968252662253596,63,1.0,324,0.1295999999999996,324,206
240,predictive,escaped,63,2,True,0.9842500000000001,0.9856029116275127,0.9847911646510051,7.438877251503906,567,11.849894617195627,756,7.438473667103543,144,13.0,567,8.866800000000099,567,403
241,predictive,escaped,59,2,True,0.9852500000000001,0.9828104606104825,0.9842741842441931,3.3865626709438064,531,19.824970880964983,708,3.3861741552298557,144,6.0,531,4.052399999999985,531,374
242,predictive,escaped,77,2,True,0.98075,0.9909697740090088,0.9848379096036035,2.677367084583275,693,13.118034851907424,924,2.677007447217425,198,5.0,693,2.1971999999999974,693,489
243,predictive,escaped,68,2,True,0.9830000000000001,0.9924705425074939,0.9867882170029976,0.2811996276347569,612,11.913141790923577,816,0.2808075785592622,117,0.0,612,2.1647999999999863,612,448
244,predictive,escaped,64,2,True,0.9840000000000001,0.9867310574165974,0.985092422966639,4.955206709178585,576,13.774153529201673,768,4.954824527816823,126,7.0,576,6.95039999999998,576,404
245,predictive,escaped,40,2,True,0.9900000000000001,0.9913392743680505,0.9905357097472203,2.5071909181790524,360,4.971375382432816,480,2.506804258617986,45,2.0,360,3.9839999999999867,360,262
246,predictive,caught,29,2,False,0.2,0.9762561849471608,0.5105024739788644,5.540950676334792,261,9.137761041663037,348,5.540675344231601,144,9.0,261,5.864399999999994,261,188
247,predictive,caught,59,2,False,0.2,0.990405137914969,0.5161620551659876,1.3499664725703988,531,11.786369415643419,708,1.3496245028926823,99,1.0,531,2.1323999999999974,531,397
248,predictive,caught,33,0,False,0.0,0.9889152528030439,0.3955661011212176,3.484697853683728,297,4.132855975077536,396,3.484386117629997,117,5.0,297,3.9587999999999877,297,227
249,predictive,escaped,56,2,True,0.9860000000000001,0.9852216268412154,0.9856886507364861,2.47730900991202,504,16.559054845523868,672,2.477023521864119,108,3.0,504,3.0815999999999804,504,390
250,predictive,escaped,48,2,True,0.9880000000000001,0.9880945441982363,0.9880378176792945,3.157363990335453,432,9.505266429851243,576,3.1569582128987568,144,3.0,432,4.012799999999997,432,317
251,predictive,escaped,45,2,True,0.98875,0.9879215866775625,0.988418634671025,3.174427052336084,405,8.812116985117813,540,3.174122275699013,90,4.0,405,4.001999999999985,405,263
252,predictive,escaped,57,2,True,0.9857500000000001,0.9891465121679168,0.9871086048671668,4.94464052324536,513,8.254717323295987,684,4.9442482929012,135,10.0,513,5.005199999999984,513,358
253,predictive,escaped,53,2,True,0.98675,0.9889794457936218,0.9876417783174487,2.105332163712758,477,11.211035398896021,636,2.105027968840983,180,2.0,477,4.030799999999985,477,353
254,predictive,escaped,65,2,True,0.9837500000000001,0.9917823902461299,0.9869629560984521,2.368003402292632,585,9.662133346313803,780,2.3676401254440727,108,4.0,585,3.1139999999999777,585,408
255,predictive,escaped,47,2,True,0.9882500000000001,0.9863810857165284,0.9875024342866113,3.4414193655536423,423,10.773576157684513,564,3.4410177267461886,135,5.0,423,5.929199999999992,423,288
0,reactive,caught,44,1,False,0.1,0.75,0.36000000000000004,99.0,396,132.0,528,15.75,63,5.0,396,3.0383999999999984,396,0
1,reactive,caught,84,0,False,0.0,0.75,0.30000000000000004,189.0,756,252.0,1008,65.25,261,16.0,756,9.902399999999993,756,0
2,reactive,caught,124,1,False,0.1,0.75,0.36000000000000004,279.0,1116,372.0,1488,65.25,261,15.0,1116,8.126399999999975,1116,0
3,reactive,caught,51,0,False,0.0,0.75,0.30000000000000004,114.75,459,153.0,612,42.75,171,13.0,459,8.823599999999992,459,0
4,reactive,caught,13,0,False,0.0,0.75,0.30000000000000004,29.25,117,39.0,156,4.5,18,1.0,117,1.0067999999999997,117,0
5,reactive,caught,139,0,False,0.0,0.75,0.30000000000000004,312.75,1251,417.0,1668,85.5,342,19.0,1251,14.900400000000145,1251,0
6,reactive,caught,94,0,False,0.0,0.75,0.30000000000000004,211.5,846,282.0,1128,65.25,261,13.0,846,11.858400000000007,846,0
7,reactive,timeout,200,0,False,0.0,0.75,0.30000000000000004,450.0,1800,600.0,2400,54.0,216,6.0,1800,5.519999999999925,1800,0
8,reactive,timeout,200,0,False,0.0,0.75,0.30000000000000004,450.0,1800,600.0,2400,47.25,189,5.0,1800,5.519999999999927,1800,0
9,reactive,caught,17,0,False,0.0,0.75,0.30000000000000004,38.25,153,51.0,204,13.5,54,3.0,153,1.9811999999999994,153,0
10,reactive,caught,47,0,False,0.0,0.75,0.30000000000000004,105.75,423,141.0,564,74.25,297,24.0,423,22.24919999999998,423,0
11,reactive,caught,79,0,False,0.0,0.75,0.30000000000000004,177.75,711,237.0,948,6.75,27,2.0,711,1.244400000000004,711,0
12,reactive,caught,168,0,False,0.0,0.75,0.30000000000000004,378.0,1512,504.0,2016,40.5,162,2.0,1512,2.52479999999994,1512,0
13,reactive,caught,75,1,False,0.1,0.75,0.36000000000000004,168.75,675,225.0,900,87.75,351,16.0,675,20.42999999999998,675,0
14,reactive,caught,186,2,False,0.2,0.75,0.42000000000000004,418.5,1674,558.0,2232,45.0,180,10.0,1674,7.389599999999992,1674,0
15,reactive,caught,131,1,False,0.1,0.75,0.36000000000000004,294.75,1179,393.0,1572,49.5,198,11.0,1179,5.271599999999951,1179,0
16,reactive,caught,160,2,False,0.2,0.75,0.42000000000000004,360.0,1440,480.0,1920,33.75,135,3.0,1440,3.4559999999999844,1440,0
17,reactive,caught,99,0,False,0.0,0.75,0.30000000000000004,222.75,891,297.0,1188,63.0,252,12.0,891,8.036399999999967,891,0
18,reactive,caught,101,2,False,0.2,0.75,0.42000000000000004,227.25,909,303.0,1212,45.0,180,4.0,909,6.123599999999969,909,0
19,reactive,caught,191,0,False,0.0,0.75,0.30000000000000004,429.75,1719,573.0,2292,110.25,441,19.0,1719,15.08760000000003,1719,0
20,reactive,caught,23,0,False,0.0,0.75,0.30000000000000004,51.75,207,69.0,276,11.25,45,2.0,207,1.0427999999999995,207,0
21,reactive,caught,6,0,False,0.0,0.75,0.30000000000000004,13.5,54,18.0,72,4.5,18,1.0,54,0.9815999999999997,54,0
22,reactive,caught,169,2,False,0.2,0.75,0.42000000000000004,380.25,1521,507.0,2028,9.0,36,1.0,1521,1.5683999999999982,1521,0
23,reactive,caught,28,0,False,0.0,0.75,0.30000000000000004,63.0,252,84.0,336,27.0,108,6.0,252,6.820799999999991,252,0
24,reactive,caught,41,1,False,0.1,0.75,0.36000000000000004,92.25,369,123.0,492,51.75,207,16.0,369,13.587600000000053,369,0
25,reactive,caught,102,2,False,0.2,0.75,0.42000000000000004,229.5,918,306.0,1224,24.75,99,2.0,918,3.2471999999999612,918,0
26,reactive,caught,17,0,False,0.0,0.75,0.30000000000000004,38.25,153,51.0,204,33.75,135,3.0,153,3.901199999999995,153,0
27,reactive,caught,180,1,False,0.1,0.75,0.36000000000000004,405.0,1620,540.0,2160,11.25,45,2.0,1620,1.6079999999999939,1620,0
28,reactive,caught,190,1,False,0.1,0.75,0.36000000000000004,427.5,1710,570.0,2280,2.25,9,2.0,1710,1.64399999999999,1710,0
29,reactive,caught,81,0,False,0.0,0.75,0.30000000000000004,182.25,729,243.0,972,56.25,225,16.0,729,8.931599999999975,729,0
30,reactive,timeout,200,2,False,0.2,0.75,0.42000000000000004,450.0,1800,600.0,2400,155.25,621,31.0,1800,18.959999999999667,1800,0
31,reactive,caught,114,1,False,0.1,0.75,0.36000000000000004,256.5,1026,342.0,1368,60.75,243,22.0,1026,17.69039999999987,1026,0
32,reactive,caught,92,0,False,0.0,0.75,0.30000000000000004,207.0,828,276.0,1104,22.5,90,8.0,828,5.131199999999999,828,0
33,reactive,caught,60,0,False,0.0,0.75,0.30000000000000004,135.0,540,180.0,720,29.25,117,8.0,540,4.055999999999982,540,0
34,reactive,caught,148,0,False,0.0,0.75,0.30000000000000004,333.0,1332,444.0,1776,51.75,207,6.0,1332,5.332800000000006,1332,0
35,reactive,timeout,200,0,False,0.0,0.75,0.30000000000000004,450.0,1800,600.0,2400,67.5,270,19.0,1800,10.320000000000213,1800,0
36,reactive,timeout,200,0,False,0.0,0.75,0.30000000000000004,450.0,1800,600.0,2400,103.5,414,14.0,1800,10.320000000000153,1800,0
37,reactive,timeout,200,2,False,0.2,0.75,0.42000000000000004,450.0,1800,600.0,2400,36.0,144,2.0,1800,0.719999999999986,1800,0
38,reactive,caught,22,0,False,0.0,0.75,0.30000000000000004,49.5,198,66.0,264,4.5,18,2.0,198,1.0391999999999992,198,0
39,reactive,timeout,200,0,False,0.0,0.75,0.30000000000000004,450.0,1800,600.0,2400,101.25,405,12.0,1800,10.32000000000081,1800,0
40,reactive,caught,81,2,False,0.2,0.75,0.42000000000000004,182.25,729,243.0,972,112.5,450,27.0,729,21.411600000000057,729,0
41,reactive,caught,41,0,False,0.0,0.75,0.30000000000000004,92.25,369,123.0,492,18.0,72,6.0,369,4.947599999999996,369,0
42,reactive,caught,2,0,False,0.0,0.75,0.30000000000000004,4.5,18,6.0,24,2.25,9,1.0,18,0.9671999999999998,18,0
43,reactive,caught,129,1,False,0.1,0.75,0.36000000000000004,290.25,1161,387.0,1548,114.75,459,14.0,1161,13.904400000000267,1161,0
44,reactive,timeout,200,0,False,0.0,0.75,0.30000000000000004,450.0,1800,600.0,2400,11.25,45,0.0,1800,3.5999999999999623,1800,0
45,reactive,caught,99,0,False,0.0,0.75,0.30000000000000004,222.75,891,297.0,1188,15.75,63,2.0,891,1.3164000000000058,891,0
46,reactive,timeout,200,1,False,0.1,0.75,0.36000000000000004,450.0,1800,600.0,2400,38.25,153,5.0,1800,4.559999999999985,1800,0
47,reactive,caught,162,0,False,0.0,0.75,0.30000000000000004,364.5,1458,486.0,1944,92.25,369,16.0,1458,12.103199999999955,1458,0
48,reactive,caught,118,2,False,0.2,0.75,0.42000000000000004,265.5,1062,354.0,1416,126.0,504,30.0,1062,28.264800000000463,1062,0
49,reactive,caught,84,1,False,0.1,0.75,0.36000000000000004,189.0,756,252.0,1008,74.25,297,8.0,756,7.982399999999975,756,0
50,reactive,timeout,200,2,False,0.2,0.75,0.42000000000000004,450.0,1800,600.0,2400,38.25,153,1.0,1800,2.639999999999946,1800,0
51,reactive,caught,123,1,False,0.1,0.75,0.36000000000000004,276.75,1107,369.0,1476,78.75,315,14.0,1107,9.08279999999996,1107,0
52,reactive,timeout,200,1,False,0.1,0.75,0.36000000000000004,450.0,1800,600.0,2400,162.0,648,22.0,1800,18.95999999999985,1800,0
53,reactive,caught,61,0,False,0.0,0.75,0.30000000000000004,137.25,549,183.0,732,65.25,261,17.0,549,11.739600000000081,549,0
54,reactive,caught,105,1,False,0.1,0.75,0.36000000000000004,236.25,945,315.0,1260,56.25,225,7.0,945,9.017999999999995,945,0
55,reactive,timeout,200,0,False,0.0,0.75,0.30000000000000004,450.0,1800,600.0,2400,81.0,324,14.0,1800,10.320000000000839,1800,0
56,reactive,timeout,200,0,False,0.0,0.75,0.30000000000000004,450.0,1800,600.0,2400,67.5,270,11.0,1800,7.439999999999971,1800,0
57,reactive,timeout,200,1,False,0.1,0.75,0.36000000000000004,450.0,1800,600.0,2400,81.0,324,17.0,1800,16.080000000000602,1800,0
58,reactive,caught,49,1,False,0.1,0.75,0.36000000000000004,110.25,441,147.0,588,54.0,216,17.0,441,10.736400000000003,441,0
59,reactive,caught,177,0,False,0.0,0.75,0.30000000000000004,398.25,1593,531.0,2124,58.5,234,5.0,1593,6.397199999999951,1593,0
60,reactive,caught,107,1,False,0.1,0.75,0.36000000000000004,240.75,963,321.0,1284,31.5,126,4.0,963,3.265199999999999,963,0
61,reactive,caught,49,0,False,0.0,0.75,0.30000000000000004,110.25,441,147.0,588,94.5,378,13.0,441,18.416400000000046,441,0
62,reactive,timeout,200,1,False,0.1,0.75,0.36000000000000004,450.0,1800,600.0,2400,103.5,414,19.0,1800,13.200000000000768,1800,0
63,reactive,timeout,200,1,False,0.1,0.75,0.36000000000000004,450.0,1800,600.0,2400,13.5,54,3.0,1800,1.679999999999986,1800,0
64,reactive,caught,41,0,False,0.0,0.75,0.30000000000000004,92.25,369,123.0,492,15.75,63,2.0,369,1.1076,369,0
65,reactive,caught,30,0,False,0.0,0.75,0.30000000000000004,67.5,270,90.0,360,20.25,81,4.0,270,2.9879999999999955,270,0
66,reactive,caught,123,1,False,0.1,0.75,0.36000000000000004,276.75,1107,369.0,1476,49.5,198,3.0,1107,1.402800000000008,1107,0
67,reactive,caught,138,1,False,0.1,0.75,0.36000000000000004,310.5,1242,414.0,1656,90.0,360,33.0,1242,19.696799999999897,1242,0
68,reactive,caught,22,0,False,0.0,0.75,0.30000000000000004,49.5,198,66.0,264,20.25,81,7.0,198,3.9191999999999982,198,0
69,reactive,caught,185,2,False,0.2,0.75,0.42000000000000004,416.25,1665,555.0,2220,94.5,378,23.0,1665,16.98600000000057,1665,0
70,reactive,caught,19,1,False,0.1,0.75,0.36000000000000004,42.75,171,57.0,228,31.5,126,3.0,171,2.9483999999999977,171,0
71,reactive,timeout,200,1,False,0.1,0.75,0.36000000000000004,450.0,1800,600.0,2400,114.75,459,25.0,1800,17.9999999999995,1800,0
72,reactive,caught,101,0,False,0.0,0.75,0.30000000000000004,227.25,909,303.0,1212,60.75,243,19.0,909,11.883600000000188,909,0
73,reactive,timeout,200,2,False,0.2,0.75,0.42000000000000004,450.0,1800,600.0,2400,11.25,45,0.0,1800,0.719999999999986,1800,0
74,reactive,timeout,200,0,False,0.0,0.75,0.30000000000000004,450.0,1800,600.0,2400,0,0,0.0,1800,0.719999999999986,1800,0
75,reactive,timeout,200,1,False,0.1,0.75,0.36000000000000004,450.0,1800,600.0,2400,45.0,180,5.0,1800,3.599999999999951,1800,0
76,reactive,caught,7,0,False,0.0,0.75,0.30000000000000004,15.75,63,21.0,84,4.5,18,2.0,63,0.9851999999999997,63,0
77,reactive,caught,68,0,False,0.0,0.75,0.30000000000000004,153.0,612,204.0,816,9.0,36,2.0,612,3.1248000000000014,612,0
78,reactive,caught,47,1,False,0.1,0.75,0.36000000000000004,105.75,423,141.0,564,36.0,144,9.0,423,8.809199999999997,423,0
79,reactive,caught,66,0,False,0.0,0.75,0.30000000000000004,148.5,594,198.0,792,15.75,63,3.0,594,1.1976000000000027,594,0
80,reactive,timeout,200,1,False,0.1,0.75,0.36000000000000004,450.0,1800,600.0,2400,38.25,153,8.0,1800,7.439999999999946,1800,0
81,reactive,caught,125,2,False,0.2,0.75,0.42000000000000004,281.25,1125,375.0,1500,47.25,189,7.0,1125,8.129999999999985,1125,0
82,reactive,caught,63,0,False,0.0,0.75,0.30000000000000004,141.75,567,189.0,756,13.5,54,3.0,567,2.1468000000000016,567,0
83,reactive,timeout,200,1,False,0.1,0.75,0.36000000000000004,450.0,1800,600.0,2400,99.0,396,15.0,1800,12.240000000000107,1800,0
84,reactive,timeout,200,1,False,0.1,0.75,0.36000000000000004,450.0,1800,600.0,2400,9.0,36,0.0,1800,0.719999999999986,1800,0
85,reactive,timeout,200,0,False,0.0,0.75,0.30000000000000004,450.0,1800,600.0,2400,2.25,9,0.0,1800,0.719999999999986,1800,0
86,reactive,caught,15,0,False,0.0,0.75,0.30000000000000004,33.75,135,45.0,180,24.75,99,8.0,135,5.8139999999999965,135,0
87,reactive,caught,35,1,False,0.1,0.75,0.36000000000000004,78.75,315,105.0,420,22.5,90,8.0,315,6.845999999999993,315,0
88,reactive,caught,79,0,False,0.0,0.75,0.30000000000000004,177.75,711,237.0,948,29.25,117,8.0,711,7.00439999999999,711,0
89,reactive,timeout,200,1,False,0.1,0.75,0.36000000000000004,450.0,1800,600.0,2400,74.25,297,1.0,1800,2.6399999999999553,1800,0
90,reactive,caught,141,0,False,0.0,0.75,0.30000000000000004,317.25,1269,423.0,1692,56.25,225,12.0,1269,6.267599999999958,1269,0
91,reactive,caught,180,1,False,0.1,0.75,0.36000000000000004,405.0,1620,540.0,2160,144.0,576,28.0,1620,22.728000000000094,1620,0
92,reactive,caught,11,0,False,0.0,0.75,0.30000000000000004,24.75,99,33.0,132,15.75,63,7.0,99,4.839599999999997,99,0
93,reactive,caught,122,0,False,0.0,0.75,0.30000000000000004,274.5,1098,366.0,1464,65.25,261,10.0,1098,6.19919999999999,1098,0
94,reactive,caught,81,0,False,0.0,0.75,0.30000000000000004,182.25,729,243.0,972,13.5,54,3.0,729,2.2116000000000033,729,0
95,reactive,caught,188,1,False,0.1,0.75,0.36000000000000004,423.0,1692,564.0,2256,180.0,720,51.0,1692,40.03679999999904,1692,0
96,reactive,timeout,200,0,False,0.0,0.75,0.30000000000000004,450.0,1800,600.0,2400,146.25,585,34.0,1800,17.999999999999808,1800,0
97,reactive,caught,45,0,False,0.0,0.75,0.30000000000000004,101.25,405,135.0,540,40.5,162,17.0,405,11.682000000000011,405,0
98,reactive,timeout,200,1,False,0.1,0.75,0.36000000000000004,450.0,1800,600.0,2400,38.25,153,6.0,1800,3.599999999999986,1800,0
99,reactive,caught,96,0,False,0.0,0.75,0.30000000000000004,216.0,864,288.0,1152,90.0,360,19.0,864,13.785600000000152,864,0
100,reactive,caught,176,0,False,0.0,0.75,0.30000000000000004,396.0,1584,528.0,2112,114.75,459,15.0,1584,9.273599999999995,1584,0
101,reactive,caught,31,0,False,0.0,0.75,0.30000000000000004,69.75,279,93.0,372,36.0,144,6.0,279,5.871599999999995,279,0
102,reactive,timeout,200,0,False,0.0,0.75,0.30000000000000004,450.0,1800,600.0,2400,18.0,72,2.0,1800,1.679999999999986,1800,0
103,reactive,caught,79,0,False,0.0,0.75,0.30000000000000004,177.75,711,237.0,948,56.25,225,15.0,711,9.884399999999996,711,0
104,reactive,caught,23,0,False,0.0,0.75,0.30000000000000004,51.75,207,69.0,276,20.25,81,5.0,207,5.842799999999998,207,0
105,reactive,caught,97,0,False,0.0,0.75,0.30000000000000004,218.25,873,291.0,1164,108.0,432,27.0,873,15.709200000000045,873,0
106,reactive,caught,43,1,False,0.1,0.75,0.36000000000000004,96.75,387,129.0,516,54.0,216,18.0,387,10.714800000000004,387,0
107,reactive,caught,49,1,False,0.1,0.75,0.36000000000000004,110.25,441,147.0,588,27.0,108,4.0,441,3.0563999999999822,441,0
108,reactive,caught,119,0,False,0.0,0.75,0.30000000000000004,267.75,1071,357.0,1428,20.25,81,3.0,1071,2.3483999999999785,1071,0
109,reactive,caught,88,1,False,0.1,0.75,0.36000000000000004,198.0,792,264.0,1056,56.25,225,15.0,792,9.91679999999999,792,0
110,reactive,timeout,200,0,False,0.0,0.75,0.30000000000000004,450.0,1800,600.0,2400,146.25,585,39.0,1800,19.919999999999703,1800,0
111,reactive,caught,139,0,False,0.0,0.75,0.30000000000000004,312.75,1251,417.0,1668,126.0,504,16.0,1251,17.78040000000047,1251,0
112,reactive,timeout,200,0,False,0.0,0.75,0.30000000000000004,450.0,1800,600.0,2400,9.0,36,0.0,1800,0.719999999999986,1800,0
113,reactive,caught,12,1,False,0.1,0.75,0.36000000000000004,27.0,108,36.0,144,15.75,63,2.0,108,2.923199999999998,108,0
114,reactive,caught,69,0,False,0.0,0.75,0.30000000000000004,155.25,621,207.0,828,22.5,90,7.0,621,4.088399999999993,621,0
115,reactive,timeout,200,1,False,0.1,0.75,0.36000000000000004,450.0,1800,600.0,2400,47.25,189,10.0,1800,7.4399999999999356,1800,0
116,reactive,caught,5,0,False,0.0,0.75,0.30000000000000004,11.25,45,15.0,60,4.5,18,2.0,45,0.9779999999999996,45,0
117,reactive,caught,17,0,False,0.0,0.75,0.30000000000000004,38.25,153,51.0,204,31.5,126,7.0,153,6.781199999999995,153,0
118,reactive,timeout,200,0,False,0.0,0.75,0.30000000000000004,450.0,1800,600.0,2400,126.0,504,22.0,1800,18.000000000000334,1800,0
119,reactive,caught,167,1,False,0.1,0.75,0.36000000000000004,375.75,1503,501.0,2004,90.0,360,22.0,1503,18.841200000000054,1503,0
120,reactive,caught,50,1,False,0.1,0.75,0.36000000000000004,112.5,450,150.0,600,11.25,45,2.0,450,1.1400000000000006,450,0
121,reactive,caught,39,0,False,0.0,0.75,0.30000000000000004,87.75,351,117.0,468,9.0,36,2.0,351,1.1003999999999996,351,0
122,reactive,caught,144,2,False,0.2,0.75,0.42000000000000004,324.0,1296,432.0,1728,36.0,144,8.0,1296,6.278400000000008,1296,0
123,reactive,caught,65,2,False,0.2,0.75,0.42000000000000004,146.25,585,195.0,780,45.0,180,4.0,585,3.1139999999999883,585,0
124,reactive,caught,107,0,False,0.0,0.75,0.30000000000000004,240.75,963,321.0,1284,81.0,324,13.0,963,11.905200000000008,963,0
125,reactive,caught,4,0,False,0.0,0.75,0.30000000000000004,9.0,36,12.0,48,6.75,27,3.0,36,2.8943999999999988,36,0
126,reactive,caught,55,0,False,0.0,0.75,0.30000000000000004,123.75,495,165.0,660,74.25,297,24.0,495,16.5180000000001,495,0
127,reactive,caught,75,0,False,0.0,0.75,0.30000000000000004,168.75,675,225.0,900,40.5,162,10.0,675,6.989999999999972,675,0
128,reactive,caught,21,0,False,0.0,0.75,0.30000000000000004,47.25,189,63.0,252,33.75,135,19.0,189,9.675600000000006,189,0
129,reactive,caught,180,2,False,0.2,0.75,0.42000000000000004,405.0,1620,540.0,2160,74.25,297,15.0,1620,11.208000000000197,1620,0
130,reactive,caught,29,1,False,0.1,0.75,0.36000000000000004,65.25,261,87.0,348,51.75,207,10.0,261,6.824399999999993,261,0
131,reactive,caught,60,0,False,0.0,0.75,0.30000000000000004,135.0,540,180.0,720,29.25,117,8.0,540,4.055999999999994,540,0
132,reactive,caught,39,0,False,0.0,0.75,0.30000000000000004,87.75,351,117.0,468,83.25,333,37.0,351,21.260399999999997,351,0
133,reactive,caught,195,0,False,0.0,0.75,0.30000000000000004,438.75,1755,585.0,2340,51.75,207,12.0,1755,7.421999999999987,1755,0
134,reactive,caught,35,1,False,0.1,0.75,0.36000000000000004,78.75,315,105.0,420,27.0,108,7.0,315,5.885999999999995,315,0
135,reactive,caught,95,0,False,0.0,0.75,0.30000000000000004,213.75,855,285.0,1140,83.25,333,17.0,855,18.582000000000242,855,0
136,reactive,caught,196,1,False,0.1,0.75,0.36000000000000004,441.0,1764,588.0,2352,123.75,495,22.0,1764,21.825600000000193,1764,0
137,reactive,caught,8,0,False,0.0,0.75,0.30000000000000004,18.0,72,24.0,96,11.25,45,2.0,72,1.9487999999999992,72,0
138,reactive,timeout,200,0,False,0.0,0.75,0.30000000000000004,450.0,1800,600.0,2400,108.0,432,16.0,1800,10.320000000000075,1800,0
139,reactive,caught,75,0,False,0.0,0.75,0.30000000000000004,168.75,675,225.0,900,65.25,261,11.0,675,11.789999999999996,675,0
140,reactive,caught,121,1,False,0.1,0.75,0.36000000000000004,272.25,1089,363.0,1452,83.25,333,15.0,1089,10.035600000000002,1089,0
141,reactive,caught,196,1,False,0.1,0.75,0.36000000000000004,441.0,1764,588.0,2352,121.5,486,22.0,1764,17.025600000000225,1764,0
142,reactive,timeout,200,1,False,0.1,0.75,0.36000000000000004,450.0,1800,600.0,2400,119.25,477,17.0,1800,12.240000000000084,1800,0
143,reactive,timeout,200,0,False,0.0,0.75,0.30000000000000004,450.0,1800,600.0,2400,90.0,360,17.0,1800,12.24000000000026,1800,0
144,reactive,caught,174,1,False,0.1,0.75,0.36000000000000004,391.5,1566,522.0,2088,51.75,207,5.0,1566,3.506399999999996,1566,0
145,reactive,caught,74,0,False,0.0,0.75,0.30000000000000004,166.5,666,222.0,888,56.25,225,7.0,666,6.026399999999975,666,0
146,reactive,caught,141,1,False,0.1,0.75,0.36000000000000004,317.25,1269,423.0,1692,58.5,234,16.0,1269,10.107600000000005,1269,0
147,reactive,caught,38,0,False,0.0,0.75,0.30000000000000004,85.5,342,114.0,456,60.75,243,4.0,342,11.656800000000015,342,0
148,reactive,caught,95,0,False,0.0,0.75,0.30000000000000004,213.75,855,285.0,1140,29.25,117,4.0,855,4.182000000000001,855,0
149,reactive,caught,199,0,False,0.0,0.75,0.30000000000000004,447.75,1791,597.0,2388,13.5,54,1.0,1791,1.6763999999999863,1791,0
150,reactive,caught,113,0,False,0.0,0.75,0.30000000000000004,254.25,1017,339.0,1356,36.0,144,11.0,1017,8.086800000000009,1017,0
151,reactive,caught,101,0,False,0.0,0.75,0.30000000000000004,227.25,909,303.0,1212,6.75,27,1.0,909,1.323600000000006,909,0
152,reactive,timeout,200,1,False,0.1,0.75,0.36000000000000004,450.0,1800,600.0,2400,54.0,216,3.0,1800,5.519999999999924,1800,0
153,reactive,caught,153,0,False,0.0,0.75,0.30000000000000004,344.25,1377,459.0,1836,22.5,90,2.0,1377,4.390800000000004,1377,0
154,reactive,caught,69,1,False,0.1,0.75,0.36000000000000004,155.25,621,207.0,828,47.25,189,7.0,621,5.048399999999977,621,0
155,reactive,caught,83,0,False,0.0,0.75,0.30000000000000004,186.75,747,249.0,996,27.0,108,8.0,747,6.05879999999997,747,0
156,reactive,timeout,200,1,False,0.1,0.75,0.36000000000000004,450.0,1800,600.0,2400,146.25,585,24.0,1800,18.00000000000083,1800,0
157,reactive,caught,38,0,False,0.0,0.75,0.30000000000000004,85.5,342,114.0,456,13.5,54,2.0,342,1.0967999999999996,342,0
158,reactive,timeout,200,1,False,0.1,0.75,0.36000000000000004,450.0,1800,600.0,2400,20.25,81,0.0,1800,0.719999999999986,1800,0
159,reactive,caught,28,0,False,0.0,0.75,0.30000000000000004,63.0,252,84.0,336,15.75,63,3.0,252,3.940799999999997,252,0
160,reactive,caught,176,1,False,0.1,0.75,0.36000000000000004,396.0,1584,528.0,2112,54.0,216,9.0,1584,9.273599999999997,1584,0
161,reactive,caught,76,0,False,0.0,0.75,0.30000000000000004,171.0,684,228.0,912,33.75,135,7.0,684,6.033599999999982,684,0
162,reactive,caught,126,1,False,0.1,0.75,0.36000000000000004,283.5,1134,378.0,1512,54.0,216,9.0,1134,9.09360000000003,1134,0
163,reactive,caught,99,0,False,0.0,0.75,0.30000000000000004,222.75,891,297.0,1188,31.5,126,7.0,891,5.156399999999999,891,0
164,reactive,caught,93,0,False,0.0,0.75,0.30000000000000004,209.25,837,279.0,1116,20.25,81,3.0,837,2.254800000000005,837,0
165,reactive,caught,21,0,False,0.0,0.75,0.30000000000000004,47.25,189,63.0,252,4.5,18,3.0,189,1.995599999999999,189,0
166,reactive,caught,88,1,False,0.1,0.75,0.36000000000000004,198.0,792,264.0,1056,123.75,495,42.0,792,27.19680000000016,792,0
167,reactive,caught,10,1,False,0.1,0.75,0.36000000000000004,22.5,90,30.0,120,6.75,27,1.0,90,1.955999999999999,90,0
168,reactive,timeout,200,1,False,0.1,0.75,0.36000000000000004,450.0,1800,600.0,2400,56.25,225,8.0,1800,7.439999999999925,1800,0
169,reactive,caught,96,0,False,0.0,0.75,0.30000000000000004,216.0,864,288.0,1152,74.25,297,8.0,864,8.025599999999976,864,0
170,reactive,caught,157,1,False,0.1,0.75,0.36000000000000004,353.25,1413,471.0,1884,85.5,342,12.0,1413,11.125200000000383,1413,0
171,reactive,caught,47,0,False,0.0,0.75,0.30000000000000004,105.75,423,141.0,564,42.75,171,16.0,423,10.729200000000006,423,0
172,reactive,caught,89,0,False,0.0,0.75,0.30000000000000004,200.25,801,267.0,1068,31.5,126,10.0,801,8.000399999999992,801,0
173,reactive,timeout,200,2,False,0.2,0.75,0.42000000000000004,450.0,1800,600.0,2400,78.75,315,2.0,1800,5.519999999999948,1800,0
174,reactive,caught,158,0,False,0.0,0.75,0.30000000000000004,355.5,1422,474.0,1896,45.0,180,3.0,1422,3.448799999999941,1422,0
175,reactive,caught,79,0,False,0.0,0.75,0.30000000000000004,177.75,711,237.0,948,63.0,252,10.0,711,10.844400000000023,711,0
176,reactive,timeout,200,1,False,0.1,0.75,0.36000000000000004,450.0,1800,600.0,2400,157.5,630,30.0,1800,29.519999999999605,1800,0
177,reactive,caught,32,0,False,0.0,0.75,0.30000000000000004,72.0,288,96.0,384,11.25,45,6.0,288,2.9951999999999988,288,0
178,reactive,caught,185,0,False,0.0,0.75,0.30000000000000004,416.25,1665,555.0,2220,92.25,369,12.0,1665,8.345999999999975,1665,0
179,reactive,caught,88,0,False,0.0,0.75,0.30000000000000004,198.0,792,264.0,1056,38.25,153,5.0,792,5.116799999999972,792,0
180,reactive,caught,98,1,False,0.1,0.75,0.36000000000000004,220.5,882,294.0,1176,45.0,180,6.0,882,6.112799999999968,882,0
181,reactive,caught,133,0,False,0.0,0.75,0.30000000000000004,299.25,1197,399.0,1596,29.25,117,7.0,1197,4.318799999999972,1197,0
182,reactive,caught,97,0,False,0.0,0.75,0.30000000000000004,218.25,873,291.0,1164,85.5,342,15.0,873,14.749199999999998,873,0
183,reactive,caught,138,0,False,0.0,0.75,0.30000000000000004,310.5,1242,414.0,1656,24.75,99,2.0,1242,2.416800000000007,1242,0
184,reactive,caught,164,0,False,0.0,0.75,0.30000000000000004,369.0,1476,492.0,1968,74.25,297,20.0,1476,13.070400000000186,1476,0
185,reactive,timeout,200,1,False,0.1,0.75,0.36000000000000004,450.0,1800,600.0,2400,11.25,45,0.0,1800,0.719999999999986,1800,0
186,reactive,caught,55,0,False,0.0,0.75,0.30000000000000004,123.75,495,165.0,660,47.25,189,6.0,495,6.917999999999994,495,0
187,reactive,caught,49,1,False,0.1,0.75,0.36000000000000004,110.25,441,147.0,588,65.25,261,9.0,441,8.816399999999996,441,0
188,reactive,caught,104,1,False,0.1,0.75,0.36000000000000004,234.0,936,312.0,1248,47.25,189,9.0,936,6.134399999999966,936,0
189,reactive,caught,34,0,False,0.0,0.75,0.30000000000000004,76.5,306,102.0,408,9.0,36,3.0,306,1.0823999999999994,306,0
190,reactive,timeout,200,0,False,0.0,0.75,0.30000000000000004,450.0,1800,600.0,2400,15.75,63,0.0,1800,0.719999999999986,1800,0
191,reactive,caught,126,0,False,0.0,0.75,0.30000000000000004,283.5,1134,378.0,1512,96.75,387,23.0,1134,15.813600000000163,1134,0
192,reactive,caught,159,0,False,0.0,0.75,0.30000000000000004,357.75,1431,477.0,1908,29.25,117,3.0,1431,2.492399999999972,1431,0
193,reactive,caught,94,2,False,0.2,0.75,0.42000000000000004,211.5,846,282.0,1128,72.0,288,16.0,846,10.89840000000047,846,0
194,reactive,caught,193,1,False,0.1,0.75,0.36000000000000004,434.25,1737,579.0,2316,135.0,540,37.0,1737,25.654800000000023,1737,0
195,reactive,caught,65,1,False,0.1,0.75,0.36000000000000004,146.25,585,195.0,780,42.75,171,12.0,585,10.794000000000011,585,0
196,reactive,timeout,200,0,False,0.0,0.75,0.30000000000000004,450.0,1800,600.0,2400,117.0,468,7.0,1800,6.479999999999961,1800,0
197,reactive,caught,99,0,False,0.0,0.75,0.30000000000000004,222.75,891,297.0,1188,85.5,342,20.0,891,15.716400000000332,891,0
198,reactive,caught,170,2,False,0.2,0.75,0.42000000000000004,382.5,1530,510.0,2040,78.75,315,16.0,1530,12.132000000000419,1530,0
199,reactive,caught,2,0,False,0.0,0.75,0.30000000000000004,4.5,18,6.0,24,2.25,9,1.0,18,0.9671999999999996,18,0
200,reactive,timeout,200,2,False,0.2,0.75,0.42000000000000004,450.0,1800,600.0,2400,164.25,657,34.0,1800,26.639999999999276,1800,0
201,reactive,timeout,200,1,False,0.1,0.75,0.36000000000000004,450.0,1800,600.0,2400,58.5,234,11.0,1800,7.439999999999954,1800,0
202,reactive,caught,61,1,False,0.1,0.75,0.36000000000000004,137.25,549,183.0,732,108.0,432,29.0,549,27.099599999999924,549,0
203,reactive,caught,114,0,False,0.0,0.75,0.30000000000000004,256.5,1026,342.0,1368,24.75,99,8.0,1026,4.250399999999959,1026,0
204,reactive,caught,24,0,False,0.0,0.75,0.30000000000000004,54.0,216,72.0,288,49.5,198,9.0,216,9.686399999999999,216,0
205,reactive,caught,63,0,False,0.0,0.75,0.30000000000000004,141.75,567,189.0,756,11.25,45,2.0,567,2.1468000000000016,567,0
206,reactive,caught,58,1,False,0.1,0.75,0.36000000000000004,130.5,522,174.0,696,85.5,342,15.0,522,15.568800000000287,522,0
207,reactive,caught,146,0,False,0.0,0.75,0.30000000000000004,328.5,1314,438.0,1752,63.0,252,16.0,1314,9.165600000000016,1314,0
208,reactive,caught,185,1,False,0.1,0.75,0.36000000000000004,416.25,1665,555.0,2220,15.75,63,3.0,1665,2.585999999999992,1665,0
209,reactive,caught,110,0,False,0.0,0.75,0.30000000000000004,247.5,990,330.0,1320,42.75,171,4.0,990,5.195999999999999,990,0
210,reactive,timeout,200,1,False,0.1,0.75,0.36000000000000004,450.0,1800,600.0,2400,99.0,396,14.0,1800,12.240000000000341,1800,0
211,reactive,caught,45,0,False,0.0,0.75,0.30000000000000004,101.25,405,135.0,540,56.25,225,18.0,405,16.482000000000227,405,0
212,reactive,caught,6,0,False,0.0,0.75,0.30000000000000004,13.5,54,18.0,72,4.5,18,2.0,54,1.9415999999999993,54,0
213,reactive,caught,81,0,False,0.0,0.75,0.30000000000000004,182.25,729,243.0,972,92.25,369,24.0,729,20.451600000000028,729,0
214,reactive,caught,96,0,False,0.0,0.75,0.30000000000000004,216.0,864,288.0,1152,20.25,81,1.0,864,3.2255999999999845,864,0
215,reactive,caught,37,0,False,0.0,0.75,0.30000000000000004,83.25,333,111.0,444,13.5,54,4.0,333,3.013199999999997,333,0
216,reactive,caught,152,1,False,0.1,0.75,0.36000000000000004,342.0,1368,456.0,1824,83.25,333,14.0,1368,14.947200000000175,1368,0
217,reactive,caught,88,1,False,0.1,0.75,0.36000000000000004,198.0,792,264.0,1056,56.25,225,11.0,792,7.996799999999983,792,0
218,reactive,caught,52,1,False,0.1,0.75,0.36000000000000004,117.0,468,156.0,624,27.0,108,13.0,468,5.947199999999997,468,0
219,reactive,caught,130,0,False,0.0,0.75,0.30000000000000004,292.5,1170,390.0,1560,58.5,234,12.0,1170,8.147999999999982,1170,0
220,reactive,caught,195,1,False,0.1,0.75,0.36000000000000004,438.75,1755,585.0,2340,112.5,450,21.0,1755,14.142000000000202,1755,0
221,reactive,timeout,200,1,False,0.1,0.75,0.36000000000000004,450.0,1800,600.0,2400,63.0,252,7.0,1800,6.479999999999985,1800,0
222,reactive,caught,82,0,False,0.0,0.75,0.30000000000000004,184.5,738,246.0,984,18.0,72,4.0,738,2.215200000000004,738,0
223,reactive,caught,93,0,False,0.0,0.75,0.30000000000000004,209.25,837,279.0,1116,27.0,108,7.0,837,5.134800000000003,837,0
224,reactive,timeout,200,0,False,0.0,0.75,0.30000000000000004,450.0,1800,600.0,2400,168.75,675,36.0,1800,26.639999999999347,1800,0
225,reactive,caught,53,1,False,0.1,0.75,0.36000000000000004,119.25,477,159.0,636,45.0,180,18.0,477,18.43080000000002,477,0
226,reactive,timeout,200,2,False,0.2,0.75,0.42000000000000004,450.0,1800,600.0,2400,99.0,396,11.0,1800,10.320000000000084,1800,0
227,reactive,caught,157,1,False,0.1,0.75,0.36000000000000004,353.25,1413,471.0,1884,47.25,189,6.0,1413,6.3252000000000015,1413,0
228,reactive,timeout,200,2,False,0.2,0.75,0.42000000000000004,450.0,1800,600.0,2400,67.5,270,9.0,1800,9.360000000000436,1800,0
229,reactive,caught,41,0,False,0.0,0.75,0.30000000000000004,92.25,369,123.0,492,9.0,36,4.0,369,2.067599999999999,369,0
230,reactive,caught,99,2,False,0.2,0.75,0.42000000000000004,222.75,891,297.0,1188,15.75,63,2.0,891,1.316400000000006,891,0
231,reactive,caught,70,1,False,0.1,0.75,0.36000000000000004,157.5,630,210.0,840,20.25,81,5.0,630,4.091999999999985,630,0
232,reactive,caught,41,0,False,0.0,0.75,0.30000000000000004,92.25,369,123.0,492,27.0,108,6.0,369,3.0275999999999867,369,0
233,reactive,caught,108,2,False,0.2,0.75,0.42000000000000004,243.0,972,324.0,1296,92.25,369,23.0,972,16.708800000000657,972,0
234,reactive,caught,116,0,False,0.0,0.75,0.30000000000000004,261.0,1044,348.0,1392,90.0,360,17.0,1044,17.69760000000022,1044,0
235,reactive,caught,139,0,False,0.0,0.75,0.30000000000000004,312.75,1251,417.0,1668,96.75,387,16.0,1251,9.14039999999995,1251,0
236,reactive,caught,99,0,False,0.0,0.75,0.30000000000000004,222.75,891,297.0,1188,24.75,99,7.0,891,3.236400000000004,891,0
237,reactive,caught,61,1,False,0.1,0.75,0.36000000000000004,137.25,549,183.0,732,27.0,108,9.0,549,8.859600000000002,549,0
238,reactive,caught,125,1,False,0.1,0.75,0.36000000000000004,281.25,1125,375.0,1500,137.25,549,31.0,1125,30.210000000000022,1125,0
239,reactive,timeout,200,1,False,0.1,0.75,0.36000000000000004,450.0,1800,600.0,2400,96.75,387,10.0,1800,8.400000000000563,1800,0
240,reactive,caught,192,0,False,0.0,0.75,0.30000000000000004,432.0,1728,576.0,2304,76.5,306,21.0,1728,14.131200000000026,1728,0
241,reactive,timeout,200,1,False,0.1,0.75,0.36000000000000004,450.0,1800,600.0,2400,45.0,180,8.0,1800,5.5199999999999845,1800,0
242,reactive,caught,68,0,False,0.0,0.75,0.30000000000000004,153.0,612,204.0,816,60.75,243,6.0,612,3.124800000000002,612,0
243,reactive,caught,111,1,False,0.1,0.75,0.36000000000000004,249.75,999,333.0,1332,74.25,297,12.0,999,10.95960000000003,999,0
244,reactive,caught,89,0,False,0.0,0.75,0.30000000000000004,200.25,801,267.0,1068,56.25,225,13.0,801,6.080399999999994,801,0
245,reactive,caught,113,0,False,0.0,0.75,0.30000000000000004,254.25,1017,339.0,1356,38.25,153,11.0,1017,7.126799999999982,1017,0
246,reactive,caught,83,2,False,0.2,0.75,0.42000000000000004,186.75,747,249.0,996,65.25,261,12.0,747,10.85879999999998,747,0
247,reactive,caught,50,0,False,0.0,0.75,0.30000000000000004,112.5,450,150.0,600,65.25,261,19.0,450,12.660000000000016,450,0
248,reactive,caught,99,0,False,0.0,0.75,0.30000000000000004,222.75,891,297.0,1188,60.75,243,8.0,891,8.99640000000004,891,0
249,reactive,caught,38,1,False,0.1,0.75,0.36000000000000004,85.5,342,114.0,456,54.0,216,15.0,342,12.616800000000072,342,0
250,reactive,timeout,200,0,False,0.0,0.75,0.30000000000000004,450.0,1800,600.0,2400,119.25,477,24.0,1800,15.120000000000756,1800,0
251,reactive,caught,28,0,False,0.0,0.75,0.30000000000000004,63.0,252,84.0,336,22.5,90,8.0,252,6.820799999999996,252,0
252,reactive,caught,44,0,False,0.0,0.75,0.30000000000000004,99.0,396,132.0,528,81.0,324,28.0,396,22.238400000000045,396,0
253,reactive,caught,67,0,False,0.0,0.75,0.30000000000000004,150.75,603,201.0,804,27.0,108,4.0,603,4.081199999999981,603,0
254,reactive,caught,144,0,False,0.0,0.75,0.30000000000000004,324.0,1296,432.0,1728,94.5,378,33.0,1296,21.638399999999457,1296,0
255,reactive,timeout,200,1,False,0.1,0.75,0.36000000000000004,450.0,1800,600.0,2400,54.0,216,15.0,1800,8.400000000000544,1800,0
